dominant_seller,order_count,total_gmv,seller_state,mean_freight,mean_review,low_review_rate,eligible_deliveries,late_delivery_rate,mean_delay_days,late_rate_pct,low_review_rate_pct,statistically_reliable
0015a82c2db000af6aaaf3ae2ecb0532,3,2748.06,SP,21.02,3.6666666666666665,0.3333333333333333,3,0.0,-15.589999999999998,0.0,33.33333333333333,False
001cca7ae9ae17fb1caed9dfb1094831,200,34020.15,ES,44.2861,3.984771573604061,0.16,195,0.06666666666666665,-12.226102564102565,6.666666666666665,16.0,True
001e6ad469a905060d959994f1b41e4f,1,267.94,RJ,17.94,1.0,1.0,0,,,,100.0,False
002100f778ceb8431b7a1020ff7ab48f,49,1943.44,SP,15.647755102040817,3.938775510204082,0.14285714285714285,48,0.1875,-7.101875,18.75,14.285714285714285,True
003554e2dce176b5555353e4f3555ac8,1,139.38,GO,19.38,5.0,0.0,1,0.0,-26.07,0.0,0.0,False
004c9cd9d87a3c30c522c48c4fc07416,158,23367.54,SP,22.499556962025316,4.129032258064516,0.13291139240506328,156,0.08333333333333337,-11.062948717948718,8.333333333333337,13.291139240506327,True
00720abe85ba0859807595bbf045a33b,13,1372.43,SP,24.54076923076923,3.6153846153846154,0.23076923076923078,13,0.15384615384615385,-7.076153846153847,15.384615384615385,23.076923076923077,False
00ab3eff1b5192e5f1a63bcecfee11c8,1,110.08,SP,12.08,5.0,0.0,1,0.0,-9.46,0.0,0.0,False
00d8b143d12632bad99c0ad66ad52825,1,137.1,MG,51.1,5.0,0.0,1,0.0,-21.3,0.0,0.0,False
00ee68308b45bc5e2660cd833c3f81cc,134,23833.51,SP,24.534477611940297,4.323308270676692,0.1044776119402985,134,0.08955223880597019,-9.984402985074627,8.955223880597018,10.44776119402985,True
00fc707aaaad2d31347cf883cd2dfe10,102,15292.97,PR,22.79088235294118,4.079207920792079,0.1568627450980392,102,0.0490196078431373,-14.69156862745098,4.90196078431373,15.686274509803921,True
010543a62bd80aa422851e79a3bc7540,2,1447.95,SP,15.975000000000001,4.5,0.0,2,0.0,-7.755,0.0,0.0,False
010da0602d7774602cd1b3f5fb7b709e,1,1079.75,SP,230.25,1.0,1.0,1,0.0,-9.11,0.0,100.0,False
011b0eaba87386a2ae96a7d32bb531d1,1,129.16,SP,29.18,4.0,0.0,1,0.0,-29.52,0.0,0.0,False
01266d4c46afa519678d16a8b683d325,3,137.48,PR,15.743333333333334,5.0,0.0,3,0.0,-8.6,0.0,0.0,False
013900e863eace745d3ec7614cab5b1a,23,2089.37,PR,20.420434782608698,4.695652173913044,0.043478260869565216,23,0.0,-14.726086956521739,0.0,4.3478260869565215,False
014c0679dd340a0e338872e7ec85666a,14,7686.31,MG,44.87928571428571,3.857142857142857,0.14285714285714285,14,0.1428571428571429,-10.453571428571427,14.28571428571429,14.285714285714285,False
014d9a685fd57276679edd00e07089e5,11,1152.06,PR,20.483636363636364,3.727272727272727,0.18181818181818182,11,0.0,-12.253636363636362,0.0,18.181818181818183,False
0176f73cc1195f367f7b32db1e5b3aa8,37,6025.97,SP,34.969459459459465,4.162162162162162,0.13513513513513514,36,0.11111111111111116,-8.14,11.111111111111116,13.513513513513514,True
01bcc9d254a0143f0ce9791b960b2a47,11,1798.87,GO,25.241818181818186,4.4,0.0,10,0.0,-17.622999999999998,0.0,0.0,False
01c97ebb5cdac52891c0ed1c37ba0012,9,756.0,SP,19.833333333333332,4.222222222222222,0.1111111111111111,9,0.0,-7.472222222222222,0.0,11.11111111111111,False
01cf7e3d21494c41fb86034f2e714fa1,61,11738.18,PR,32.93147540983607,4.15,0.11475409836065574,59,0.05084745762711862,-14.492881355932203,5.0847457627118615,11.475409836065573,True
01ed254b9ff8407dfb9d99ba1e17d923,5,1533.71,SP,13.544,5.0,0.0,5,0.0,-16.234,0.0,0.0,False
01fd077212124329bac32490e8ef80d9,30,1764.1100000000001,SP,18.637,4.233333333333333,0.13333333333333333,30,0.033333333333333326,-10.385333333333334,3.3333333333333326,13.333333333333334,True
01fdefa7697d26ad920e9e0346d4bd1b,129,17735.13,PR,21.501550387596897,4.3515625,0.06201550387596899,128,0.0625,-13.0053125,6.25,6.2015503875969,True
0241d4d5d36f10f80c644447315af0bd,233,38403.01,PR,29.561931330472103,4.405172413793103,0.09012875536480687,233,0.06008583690987124,-12.129871244635194,6.008583690987123,9.012875536480687,True
0249d282d911d23cb8b869ab49c99f53,10,489.49,SP,11.799,4.5,0.1,10,0.19999999999999996,-6.2620000000000005,19.999999999999996,10.0,False
024b564ae893ce8e9bfa02c10a401ece,2,918.4000000000001,SP,106.0,4.5,0.0,2,0.0,-36.504999999999995,0.0,0.0,False
028872bfa080090a9d0abd4f1af168f8,1,117.87,MG,47.37,5.0,0.0,1,0.0,-14.14,0.0,0.0,False
02a2272692e13558373c66db98f05e2e,2,93.85,RJ,19.435000000000002,3.0,0.5,0,,,,50.0,False
02b72cdeb9cfcc429f1af6f4e3f3b737,4,748.6400000000001,SP,56.4975,4.75,0.0,4,0.0,-8.285,0.0,0.0,False
02c988090b766852e088c69d7fb3b551,13,1836.95,SP,16.792307692307695,4.583333333333333,0.07692307692307693,12,0.0,-10.409166666666666,0.0,7.6923076923076925,False
02d35243ea2e497335cd0f076b45675d,12,5785.389999999999,RN,41.615833333333335,2.6666666666666665,0.4166666666666667,12,0.41666666666666663,-2.373333333333333,41.666666666666664,41.66666666666667,False
02dcd3e8e25bee036e32512bcf175493,14,1804.07,MG,22.297857142857143,3.857142857142857,0.2857142857142857,13,0.3076923076923077,-5.604615384615386,30.76923076923077,28.57142857142857,False
02ecc2a19303f05e59ce133fd923fff7,21,5852.32,SP,23.387142857142855,4.619047619047619,0.047619047619047616,21,0.0,-14.193809523809524,0.0,4.761904761904762,False
02f5837340d7eb4f653d676c7256523a,30,4463.88,PR,19.361,4.833333333333333,0.03333333333333333,30,0.033333333333333326,-16.665333333333333,3.3333333333333326,3.3333333333333335,True
02f623a8eb246f3c5f7c2f96462654e6,44,7207.63,SP,18.855227272727273,4.558139534883721,0.045454545454545456,44,0.09090909090909094,-9.967954545454546,9.090909090909093,4.545454545454546,True
0307f7565ff85b299b6e5ef162b1b1a9,7,5003.57,SP,39.25285714285714,3.142857142857143,0.42857142857142855,6,0.0,-16.086666666666666,0.0,42.857142857142854,False
034b9387752bfa309f350a70cd45ffa3,8,240.26,SC,18.0325,4.5,0.0,8,0.0,-14.65125,0.0,0.0,False
038b75b729c8a9a04b0d07cba7eabe86,2,557.8499999999999,SP,45.425,3.5,0.0,2,0.5,-0.7999999999999998,50.0,0.0,False
039b29ff3b3473435d0cd59040575de9,9,215.55,SP,11.183333333333334,4.444444444444445,0.0,9,0.0,-9.96111111111111,0.0,0.0,False
039e6ad9dae79614493083e241147386,5,13273.42,SP,69.684,4.0,0.2,5,0.19999999999999996,-11.414,19.999999999999996,20.0,False
03a2a6dcbe45d639c4dc2a0d24769c40,9,1250.66,SP,19.13888888888889,4.111111111111111,0.1111111111111111,9,0.11111111111111116,-11.993333333333332,11.111111111111116,11.11111111111111,False
03bd479e1d9484cdb14104d3023f7321,2,276.53000000000003,MG,18.365000000000002,5.0,0.0,2,0.5,-5.699999999999999,50.0,0.0,False
0417b067eeab773d2f7061a726dc477f,13,2501.75,SC,49.42846153846154,3.923076923076923,0.23076923076923078,13,0.3076923076923077,-3.1938461538461542,30.76923076923077,23.076923076923077,False
042573af89b6d931f672efaf789d8358,3,478.57000000000005,SP,21.69666666666667,3.6666666666666665,0.3333333333333333,3,0.33333333333333337,-0.39000000000000057,33.333333333333336,33.33333333333333,False
04308b1ee57b6625f47df1d56f00eedf,94,63184.99,SC,32.49351063829787,3.882978723404255,0.2127659574468085,92,0.11956521739130432,-10.88195652173913,11.956521739130432,21.27659574468085,True
0432ead42b6c8a0bdf68154add917fdf,84,9167.19,SP,14.642738095238096,4.4523809523809526,0.09523809523809523,81,0.03703703703703709,-12.30111111111111,3.703703703703709,9.523809523809524,True
044668ccd5316b12a7cf0d54a156e3e9,3,191.35,SP,17.849999999999998,5.0,0.0,3,0.0,-29.76,0.0,0.0,False
04843805947f0fc584fc1969b6e50fe7,1,1474.76,RS,74.76,5.0,0.0,1,1.0,0.66,100.0,0.0,False
048c2757535328e0d7dac690ad3c0aae,51,10551.06,SP,25.221176470588233,4.18,0.1568627450980392,50,0.14,-9.286800000000001,14.000000000000002,15.686274509803921,True
04aa0a1c5ce6b222003403a3e11c3cc0,11,6339.51,SP,74.68272727272728,4.090909090909091,0.18181818181818182,11,0.18181818181818177,-11.008181818181818,18.181818181818176,18.181818181818183,False
04aba03279157f6d4e0fe8ccaf21963c,16,2922.33,RJ,21.651875,4.3125,0.125,15,0.06666666666666665,-13.255333333333335,6.666666666666665,12.5,False
04e38a233f726ef161074ab1c9b0399a,23,1811.27,SP,19.959565217391305,3.652173913043478,0.21739130434782608,19,0.1578947368421053,-4.95,15.789473684210531,21.73913043478261,False
04ee0ec01589969663ba5967c0e0bdc0,1,314.32,RS,24.83,5.0,0.0,1,0.0,-12.45,0.0,0.0,False
04fdea0c111866e6cf812f1570d6b5bd,10,1261.95,SP,20.695,3.2,0.3,8,0.125,-9.533750000000001,12.5,30.0,False
0509040ea3fe50071181bbc359eb7738,89,5183.1,MG,16.2376404494382,4.482758620689655,0.011235955056179775,87,0.06896551724137934,-9.960114942528735,6.896551724137934,1.1235955056179776,True
052577151711aec5c744fe12e66db3e1,4,2970.42,SC,55.605,2.25,0.75,1,0.0,-11.19,0.0,75.0,False
054694fa03fe82cec4b7551487331d74,21,10703.75,SP,34.31666666666666,3.4761904761904763,0.2857142857142857,20,0.30000000000000004,-0.3099999999999997,30.000000000000004,28.57142857142857,False
056b4ada5bbc2c50cc7842547dda6b51,65,13639.41,RJ,20.092615384615385,4.171875,0.13846153846153847,64,0.109375,-11.70890625,10.9375,13.846153846153847,True
0570350b23eda5444f8d1d9544932058,6,751.76,SP,20.81,5.0,0.0,6,0.0,-13.945,0.0,0.0,False
05730013efda596306417c3b09302475,4,1168.67,SC,54.167500000000004,5.0,0.0,4,0.0,-10.73,0.0,0.0,False
058cb5aeb36d7c0fcae20fc85d5e0a59,12,2107.42,RJ,64.95166666666667,3.5833333333333335,0.25,11,0.09090909090909094,-10.311818181818182,9.090909090909093,25.0,False
058fd0aa2bfdb2274e05e1ae971dabb6,61,8620.45,SP,14.748360655737704,4.377049180327869,0.09836065573770492,60,0.06666666666666665,-11.246,6.666666666666665,9.836065573770492,True
05a48cc8859962767935ab9087417fbb,1,59.39,SP,16.49,5.0,0.0,1,0.0,-17.22,0.0,0.0,False
05a940b4ecae36cadfd8e93bd9c43257,10,1148.94,GO,19.694,3.9,0.2,9,0.0,-14.193333333333333,0.0,20.0,False
05aebce0b5c8f0d41b29b686f2d05fd3,2,120.88,SP,22.945,5.0,0.0,2,0.5,-1.82,50.0,0.0,False
05ca864204d09595ae591b93ea9cf93d,1,188.42000000000002,SP,8.52,5.0,0.0,1,1.0,0.56,100.0,0.0,False
05d2173d43ea568aa0540eba70d2ca76,62,7438.93,MG,27.085,4.183333333333334,0.11290322580645161,62,0.06451612903225812,-10.928870967741936,6.451612903225811,11.29032258064516,True
05e107217c7266362fd44b75b2cd4cc4,5,275.39,SP,16.401999999999997,4.2,0.0,5,0.4,-5.202,40.0,0.0,False
05f51e13da97139648b8125c31e5f51b,60,15788.3,MG,33.654833333333336,4.066666666666666,0.18333333333333332,57,0.1578947368421053,-9.064035087719297,15.789473684210531,18.333333333333332,True
05feb94f19d094d4b0f9281f0b1d4c99,6,10050.04,SP,116.17333333333333,4.5,0.0,6,0.0,-12.475,0.0,0.0,False
05ff92fedb5be47920fea08e501238b9,59,23808.17,RS,30.769322033898305,4.237288135593221,0.06779661016949153,57,0.052631578947368474,-17.092280701754387,5.263157894736848,6.779661016949152,True
062c325cd6a2b87845fab56b4ec2eeae,2,157.08,SP,11.93,5.0,0.0,2,0.0,-8.81,0.0,0.0,False
062ce95fa2ad4dfaedfc79260130565f,53,8604.48,RS,22.137358490566037,4.037735849056604,0.11320754716981132,52,0.038461538461538436,-12.711730769230769,3.8461538461538436,11.320754716981133,True
06532f10282704ef4c69168b914b77be,8,10918.74,PR,87.28,4.25,0.125,7,0.0,-12.24,0.0,12.5,False
06579cb253ecd5a3a12a9e6eb6bf8f47,61,6145.27,SP,24.37655737704918,4.114754098360656,0.14754098360655737,60,0.1333333333333333,-9.244499999999999,13.33333333333333,14.754098360655737,True
066a6914e1ebf3ea95a216c73a986b91,67,11164.43,PR,25.599104477611938,4.121212121212121,0.1044776119402985,65,0.03076923076923077,-16.372307692307693,3.076923076923077,10.44776119402985,True
0691148aee60ca47977c187804f935ae,47,7841.349999999999,PR,35.38595744680851,4.170212765957447,0.14893617021276595,47,0.021276595744680882,-13.127872340425531,2.127659574468088,14.893617021276595,True
0692610d8abe24f287e9fae90ea0bbee,4,205.72,SP,7.9325,4.0,0.0,4,0.25,-5.4375,25.0,0.0,False
06a2c3af7b3aee5d69171b0e14f0ee87,391,48454.36,MA,30.978005115089513,3.994832041343669,0.1636828644501279,388,0.2319587628865979,-10.614097938144331,23.19587628865979,16.36828644501279,True
06bb3a2fe5e7b7a845b13e8fb91bd944,17,1862.33,MG,19.18470588235294,4.588235294117647,0.0,17,0.0,-13.076470588235296,0.0,0.0,False
06df0c10d34e459d9672bc77388742eb,26,9595.77,PR,20.221923076923076,4.346153846153846,0.07692307692307693,26,0.11538461538461542,-12.782307692307691,11.538461538461542,7.6923076923076925,False
06e5eefc71ec47ae763c5c6f8db7064f,92,24673.05,RS,24.180434782608696,3.922222222222222,0.15217391304347827,90,0.022222222222222254,-15.983666666666666,2.2222222222222254,15.217391304347828,True
07017df32dc5f2f1d2801e579548d620,8,1128.24,PB,22.71875,4.0,0.25,8,0.0,-23.896250000000002,0.0,25.0,False
070d165398b553f3b4b851c216b8a358,31,4357.61,SP,31.791612903225804,3.3225806451612905,0.3548387096774194,30,0.16666666666666663,-7.372,16.666666666666664,35.483870967741936,True
0725b8c0f3f906e58f70cbe76b7c748c,16,2802.49,SP,40.556875,3.5625,0.3125,15,0.4,-9.918,40.0,31.25,False
0743a0239d764b9a0f959a57d07e36ab,4,403.21999999999997,SP,16.565,4.75,0.0,4,0.0,-6.3275,0.0,0.0,False
0747d5bb69f0586cc869d8af4c50f93e,14,555.49,RJ,14.920714285714286,3.357142857142857,0.35714285714285715,12,0.08333333333333337,-15.082500000000001,8.333333333333337,35.714285714285715,False
0761743cbffb25d7148189e9f1a5f03a,3,327.4,SP,28.733333333333334,4.666666666666667,0.0,3,0.0,-8.893333333333333,0.0,0.0,False
077c5fae4bea9500e3737b16f71b9d3a,4,177.24,SP,17.61,4.5,0.0,4,0.0,-7.045,0.0,0.0,False
0791d9fc1e30678ecf03d3e55fa108d3,5,1028.99,MG,37.398,4.0,0.2,5,0.0,-15.642000000000001,0.0,20.0,False
079d295dcbf06ee8bb1b65ba964eb2b6,5,540.09,SP,38.158,4.6,0.0,5,0.0,-10.586,0.0,0.0,False
07a9bc7f61396b658ddf3ac534efe44c,1,135.49,SP,15.59,3.0,0.0,1,0.0,-4.52,0.0,0.0,False
07bf9669d84d1f11be443a9dd938f698,18,2422.22,SP,35.90111111111111,3.7222222222222223,0.2777777777777778,18,0.0,-17.42833333333333,0.0,27.77777777777778,False
07d75e33f2750d97d467fb57e4dfdd8a,2,759.59,SP,18.595,2.5,0.5,2,0.0,-10.805,0.0,50.0,False
07de60b03d150fb3ea09eab5da5e4c8b,9,937.7500000000001,SP,19.86111111111111,4.333333333333333,0.1111111111111111,9,0.11111111111111116,-11.927777777777777,11.111111111111116,11.11111111111111,False
07e8e8fc5222bb358e6f259da3197074,2,74.86,SP,11.53,4.0,0.0,2,0.0,-5.765,0.0,0.0,False
080102cd0a76b09e0dcf55fcacc60e05,124,8000.85,MG,17.977177419354838,4.475806451612903,0.04838709677419355,122,0.040983606557377095,-11.111803278688525,4.098360655737709,4.838709677419355,True
080199a181c46c657dc5aa235411be3b,79,15544.880000000001,SP,13.173164556962027,4.615384615384615,0.012658227848101266,79,0.025316455696202556,-8.893164556962025,2.5316455696202556,1.2658227848101267,True
08061dc0fc165ed41288cc7acde738ee,4,182.22,SP,14.605,4.5,0.0,4,0.25,-0.4674999999999998,25.0,0.0,False
08084d990eb3f53af056ccbc1730c8a7,11,546.9300000000001,SP,18.502727272727274,4.4,0.0,11,0.0,-14.426363636363636,0.0,0.0,False
081acf3de680d554796c9cf041be7bc2,4,1945.44,MG,67.08500000000001,3.25,0.25,4,0.25,-13.2425,25.0,25.0,False
082e0bf4cb865a6533b1e8e498cc0255,11,3064.33,SP,90.09363636363638,3.272727272727273,0.36363636363636365,11,0.18181818181818177,-13.883636363636363,18.181818181818176,36.36363636363637,False
085f6f7e049c996695fb2074fe38d45e,6,435.96000000000004,SP,21.76,4.0,0.16666666666666666,6,0.0,-13.021666666666667,0.0,16.666666666666664,False
08633c14ef2db992c11f840f04fad4cd,73,9091.69,SP,19.74232876712329,4.383561643835616,0.0684931506849315,73,0.06849315068493156,-9.846712328767124,6.849315068493156,6.8493150684931505,True
0873d9f8f36123f8d910f4760e788cfb,6,7564.81,SP,36.90333333333333,3.1666666666666665,0.3333333333333333,6,0.5,-7.168333333333333,50.0,33.33333333333333,False
0885aaf116795758dfeb5f1032487bcd,26,3057.34,SP,19.39423076923077,4.384615384615385,0.07692307692307693,25,0.040000000000000036,-10.6276,4.0000000000000036,7.6923076923076925,False
0887a9f087bcd5d9f6642b52f897fc6c,12,1862.35,SP,18.3625,4.416666666666667,0.0,12,0.08333333333333337,-11.863333333333335,8.333333333333337,0.0,False
08ad4ac1388e4420ca531c3edfc46198,6,347.91999999999996,SP,17.883333333333333,2.8333333333333335,0.5,6,0.0,-9.876666666666667,0.0,50.0,False
08cdbae123ff67ca4e36d9d641ce0119,4,4195.46,MG,274.1175,3.25,0.5,4,0.5,1.8150000000000004,50.0,50.0,False
08d0949a9a17c027262db1f3c450c26c,11,536.23,PR,20.584545454545456,3.909090909090909,0.18181818181818182,11,0.0,-11.084545454545456,0.0,18.181818181818183,False
08d1c9478fb0d7d7fcac9c0da4e82fc7,1,605.5699999999999,MG,67.57,5.0,0.0,1,0.0,-12.25,0.0,0.0,False
08d2d642cf72b622b14dde1d2f5eb2f5,17,1235.26,SP,18.89764705882353,4.3125,0.0,16,0.1875,-10.86125,18.75,0.0,False
08f5819815f3d06545011850bd70f0a8,3,522.83,SP,23.61,4.666666666666667,0.0,3,0.0,-14.613333333333335,0.0,0.0,False
091065b789659bc3cd9af9cb3a6253ff,2,1444.37,RS,42.685,3.5,0.5,2,0.0,-10.105,0.0,50.0,False
0936e1837d0c79253456bbb2ffaaef10,1,70.02,SP,31.12,5.0,0.0,1,0.0,-11.71,0.0,0.0,False
093805f8f2aeb63881444571e1f48f30,22,1559.73,SP,15.633636363636363,4.181818181818182,0.13636363636363635,22,0.045454545454545414,-9.49,4.545454545454541,13.636363636363635,False
094ced053e257ae8cae57205592d6712,19,2122.26,SP,26.32421052631579,4.052631578947368,0.15789473684210525,19,0.0,-14.947894736842105,0.0,15.789473684210526,False
0951a6e282947e09cd47969f4ed0b47f,7,580.32,SP,12.574285714285713,4.857142857142857,0.0,7,0.0,-7.328571428571428,0.0,0.0,False
09883d9ab71c8fe8a9bfc7fc3075b07e,5,406.17,SP,15.334,3.4,0.4,4,0.25,-4.4875,25.0,40.0,False
099095b050cfe8eb1ddff5317587e96e,17,5909.150000000001,SP,42.07764705882352,3.235294117647059,0.4117647058823529,16,0.1875,-8.9825,18.75,41.17647058823529,False
09bad886111255c5b5030314fc7f1a4a,5,560.36,SP,14.572,5.0,0.0,5,0.0,-3.646,0.0,0.0,False
09f952a5f58d2285b0372551ae8f9b01,48,13871.970000000001,SP,34.697916666666664,3.8958333333333335,0.16666666666666666,48,0.0625,-10.682083333333333,6.25,16.666666666666664,True
0a198e95d32b1be2da9424c962a6ebfa,1,86.66999999999999,MG,16.68,5.0,0.0,1,0.0,-3.45,0.0,0.0,False
0a82f5fb06a4fe4ac2cf7cb412ec71b8,2,484.8,SP,11.399999999999999,5.0,0.0,2,0.0,-9.19,0.0,0.0,False
0a85ebe4e328db81ac9109781205e2f7,11,712.46,SP,11.314545454545454,4.636363636363637,0.0,11,0.09090909090909094,-7.414545454545455,9.090909090909093,0.0,False
0aa124728afc1131dff5655f4c6f487b,2,958.78,MG,53.93,1.0,1.0,0,,,,100.0,False
0aa2205ca24f113f4658a5c536667426,4,988.1,SP,43.120000000000005,4.0,0.25,4,0.0,-10.5425,0.0,25.0,False
0ac4201fda2c68ebc0e47cb9423cf3c9,13,1910.8700000000001,SP,17.99923076923077,4.230769230769231,0.15384615384615385,13,0.07692307692307687,-11.526153846153846,7.692307692307687,15.384615384615385,False
0ad80de75c811326389cfb1daba7d45e,6,1564.72,RJ,19.220000000000002,5.0,0.0,6,0.0,-11.758333333333333,0.0,0.0,False
0adac9fbd9a2b63cccaac4f8756c1ca8,109,18763.24,SP,23.041284403669724,4.064814814814815,0.12844036697247707,105,0.06666666666666665,-10.287714285714285,6.666666666666665,12.844036697247708,True
0ade5cc4a305ed7093a23f68ca47519c,2,201.26999999999998,PR,21.195,5.0,0.0,2,0.0,-20.134999999999998,0.0,0.0,False
0aea4c6ae1505b3228ddf3dd7822ee5b,8,1579.66,SP,18.96875,3.875,0.125,8,0.25,-5.942500000000001,25.0,12.5,False
0af2ab31141893d26aca5a404a537dab,1,74.51,SP,15.51,5.0,0.0,1,0.0,-5.25,0.0,0.0,False
0af977692321d895349eded183341d28,2,277.22,SP,9.735,4.5,0.0,2,0.0,-7.56,0.0,0.0,False
0afccdb8a34ee5c79f7c06faf2b4d56e,25,1613.78,MG,15.531199999999998,4.041666666666667,0.12,24,0.08333333333333337,-9.689166666666667,8.333333333333337,12.0,False
0b09101900100c0e9d312861fad5a1b9,1,206.65,SP,18.0,4.0,0.0,1,0.0,-60.84,0.0,0.0,False
0b0ddbc7b9d9584f442c7ac92b0ff6c9,3,1550.6399999999999,SP,44.626666666666665,4.666666666666667,0.0,3,0.0,-17.14,0.0,0.0,False
0b18d63d0cd1d723567903fd34a07df2,9,1944.03,SP,29.543333333333333,4.777777777777778,0.0,9,0.0,-15.297777777777778,0.0,0.0,False
0b1ca3ef18a63d7eb0c8897fa0849c08,1,62.87,SP,7.87,5.0,0.0,1,0.0,-5.28,0.0,0.0,False
0b35c634521043bf4b47e21547b99ab5,48,15259.94,PR,30.901875,3.425531914893617,0.3333333333333333,47,0.17021276595744683,-11.836595744680853,17.021276595744684,33.33333333333333,True
0b36063d5818f81ccb94b54adfaebbf5,1,783.0,SC,18.0,5.0,0.0,1,0.0,-20.55,0.0,0.0,False
0b3f27369a4d8df98f7eb91077e438ac,2,171.39000000000001,SP,12.44,4.0,0.0,2,0.0,-9.135,0.0,0.0,False
0b46f784306be7200ca1700aa55d819f,1,30.86,MG,10.96,5.0,0.0,1,0.0,-14.4,0.0,0.0,False
0b64bcdb0784abc139af04077d49a20e,4,205.81,RS,17.052500000000002,4.75,0.0,4,0.0,-17.2175,0.0,0.0,False
0b90b6df587eb83608a64ea8b390cf07,162,32353.5,PR,22.550555555555555,4.037267080745342,0.16666666666666666,161,0.037267080745341574,-17.62913043478261,3.7267080745341574,16.666666666666664,True
0bae85eb84b9fb3bd773911e89288d54,131,10001.1,SP,21.056946564885497,4.297709923664122,0.06870229007633588,130,0.007692307692307665,-14.158,0.7692307692307665,6.870229007633588,True
0bb27263628258b8111a0262769fa9db,1,33.16,SP,10.96,5.0,0.0,1,0.0,-16.59,0.0,0.0,False
0bb738e4d789e63e2267697c42d35a2d,30,3030.6400000000003,SP,21.411333333333335,4.6,0.0,28,0.0357142857142857,-13.266428571428571,3.57142857142857,0.0,True
0be8ff43f22e456b4e0371b2245e4d01,160,14598.67,SP,16.333625,3.95625,0.19375,155,0.06451612903225812,-10.967354838709678,6.451612903225811,19.375,True
0bebbb2cea103a4a020c95d43fd7d754,9,1514.3400000000001,SP,16.348888888888887,4.888888888888889,0.0,9,0.0,-9.714444444444446,0.0,0.0,False
0bf0150d5b9d60d9cd2906003332f085,39,6872.34,SP,28.14717948717949,3.789473684210526,0.20512820512820512,39,0.20512820512820518,-6.142307692307693,20.512820512820518,20.51282051282051,True
0bfd0b434243adc5c2e1aa6baf19c6aa,5,406.04,RJ,11.748,4.0,0.0,5,0.0,-21.734,0.0,0.0,False
0c7533c71df861ec58ad7ff999ed0e8d,60,3920.91,SP,15.245166666666668,4.2,0.13333333333333333,60,0.050000000000000044,-9.309666666666667,5.000000000000004,13.333333333333334,True
0c7f30ae9b147eca07affbef92832a6a,5,567.11,PR,17.522,5.0,0.0,5,0.0,-16.198,0.0,0.0,False
0c8380b62e38e8a1e6adbeba7eb9688c,177,21294.73,MG,22.616101694915255,4.074285714285714,0.12994350282485875,175,0.05714285714285716,-10.940914285714285,5.714285714285716,12.994350282485875,True
0cab2da43793a6f3c5ed8514c5f54627,3,366.90000000000003,PR,19.066666666666666,5.0,0.0,3,0.0,-20.47,0.0,0.0,False
0cbcee27c791afa0cdcb08587a2013a8,39,6141.3099999999995,MG,20.952820512820512,3.8461538461538463,0.1794871794871795,37,0.10526315789473684,-14.655263157894737,10.526315789473683,17.94871794871795,True
0d33a55da925bbf1ff02af5f6059fc7f,20,834.23,SP,16.9465,4.4,0.1,20,0.050000000000000044,-9.815999999999999,5.000000000000004,10.0,False
0d4c8269e7f0401201794deef160edd6,3,892.03,SP,33.13,3.6666666666666665,0.3333333333333333,3,0.0,-5.1066666666666665,0.0,33.33333333333333,False
0d83f8e03188682112cc0d93523705cc,4,820.57,RS,31.0775,3.75,0.25,4,0.25,-10.274999999999999,25.0,25.0,False
0d85bbda9889ce1f7e63778d24f346eb,51,6469.7,MG,31.852941176470587,4.2,0.11764705882352941,51,0.11764705882352944,-10.916666666666666,11.764705882352944,11.76470588235294,True
0daf5180aa44356f60f8effa533b55a2,2,183.63,GO,19.415,5.0,0.0,2,0.5,-4.92,50.0,0.0,False
0db783cfcd3b73998abc6e10e59a102f,131,11059.07,SP,15.433358778625953,4.2,0.1297709923664122,131,0.03816793893129766,-12.482290076335879,3.8167938931297662,12.977099236641221,True
0dd184061fb0eaa7ca37932c68ab91c5,159,23994.23,SP,33.78245283018868,4.044303797468355,0.1320754716981132,159,0.11949685534591192,-9.656603773584907,11.949685534591193,13.20754716981132,True
0ddefe3c7a032b91f4e25b9c3a08fca1,9,552.9,SP,16.666666666666668,4.555555555555555,0.0,9,0.0,-8.364444444444445,0.0,0.0,False
0df3984f9dfb3d49ac6366acbd3bbb85,86,11522.91,MG,17.70267441860465,4.383720930232558,0.09302325581395349,85,0.0117647058823529,-14.008117647058825,1.17647058823529,9.30232558139535,True
0dfbed20065e425d2eaefb101f9816c0,3,133.6,SP,16.416666666666668,2.6666666666666665,0.6666666666666666,3,0.33333333333333337,-1.3033333333333335,33.333333333333336,66.66666666666666,False
0e44d110fa6a54e121cb2c095a77762f,6,293.38,SP,11.676666666666668,4.333333333333333,0.16666666666666666,6,0.16666666666666663,-6.673333333333333,16.666666666666664,16.666666666666664,False
0e72c1a751b496722a6cb1f10653b62a,3,192.10000000000002,SP,17.1,4.666666666666667,0.0,3,0.0,-11.696666666666667,0.0,0.0,False
0e982cff76cc0579f632cea8a0e38c9d,6,1434.28,SC,27.386666666666667,4.166666666666667,0.16666666666666666,5,0.0,-12.216,0.0,16.666666666666664,False
0ea22c1cfbdc755f86b9b54b39c16043,228,14925.55,MG,19.254692982456138,4.444444444444445,0.05263157894736842,225,0.01777777777777778,-16.134044444444445,1.7777777777777781,5.263157894736842,True
0eaa7e33d73809f1f925f7d07c506cbd,15,1746.9,SP,12.993333333333334,4.714285714285714,0.06666666666666667,15,0.0,-14.114666666666666,0.0,6.666666666666667,False
0ebd97a106433a45a4aebe57c1799778,31,3879.7200000000003,MG,20.93935483870968,4.483870967741935,0.06451612903225806,31,0.0,-16.36774193548387,0.0,6.451612903225806,True
0ec28cec4046a4a199b6de9b4c891d97,3,352.64,GO,18.68,5.0,0.0,3,0.0,-6.116666666666667,0.0,0.0,False
0ed6ce5d87fd9c69eaacaeb778d67235,43,2829.25,SP,15.996046511627908,4.404761904761905,0.046511627906976744,42,0.1428571428571429,-12.075476190476191,14.28571428571429,4.651162790697675,True
0ee4fb99ac55ffbbc98795aa01b7f8fa,1,70.92999999999999,SP,11.03,5.0,0.0,1,0.0,-14.68,0.0,0.0,False
0ef83d7d83ed97cd2a0049ac8be5f88a,46,5063.63,PR,21.250217391304346,4.2444444444444445,0.15217391304347827,46,0.021739130434782594,-13.375,2.1739130434782594,15.217391304347828,True
0f0c984a4a955310903b6b6008660bad,4,481.38,SP,27.892500000000002,3.75,0.25,4,0.25,-9.2775,25.0,25.0,False
0f519b0d2e5eb2227c93dd25038bfc01,1,102.9,SP,23.0,5.0,0.0,1,0.0,-39.22,0.0,0.0,False
0f7eea709efdf942b5f95c7516dbacd7,3,240.06,SP,14.773333333333333,4.0,0.0,3,0.0,-19.540000000000003,0.0,0.0,False
0f80a40c312b2472dca482cf50f5186f,1,150.0,SP,20.1,3.0,0.0,1,0.0,-16.21,0.0,0.0,False
0f94588695d71662beec8d883ffacf09,1,27.59,SC,18.59,5.0,0.0,1,0.0,-11.66,0.0,0.0,False
0fe2d9733ed841eb064503920015a8c0,3,498.35,SP,36.23666666666667,4.666666666666667,0.0,3,0.0,-12.556666666666667,0.0,0.0,False
0ff83046c3fa22efee8ecf291888b191,10,1023.3800000000001,RS,25.448,4.8,0.0,10,0.0,-16.981,0.0,0.0,False
0ffa40d54288e4f3499b8780dd0f144f,33,2746.47,SP,17.686969696969697,4.484848484848484,0.09090909090909091,33,0.1515151515151515,-11.25030303030303,15.151515151515149,9.090909090909092,True
10076e5788b8ee532724bcd460baf762,22,1162.74,SP,16.60272727272727,4.590909090909091,0.045454545454545456,22,0.045454545454545414,-11.269545454545455,4.545454545454541,4.545454545454546,False
10089e9f2fd0c668a8fd4e52e1698888,3,1199.31,SP,19.80333333333333,4.333333333333333,0.0,3,0.0,-16.143333333333334,0.0,0.0,False
101921376b577a4540dc30e9009133ca,1,394.49,SP,21.49,2.0,1.0,0,,,,100.0,False
101a3a003516bc11253298b2fad3cb65,5,524.0,SP,14.8,4.8,0.0,5,0.0,-7.845999999999999,0.0,0.0,False
1025f0e2d44d7041d6cf58b6550e0bfa,901,174219.2,SP,38.13178690344062,4.0078387458006715,0.16759156492785793,896,0.1026785714285714,-10.075904017857143,10.267857142857139,16.75915649278579,True
10264f60a8f0a4d2f30810f5c661c673,4,326.46000000000004,SP,10.465,5.0,0.0,4,0.0,-7.9575,0.0,0.0,False
1099a00e0ee3a50935e6c2447ca090c5,3,910.8299999999999,RJ,20.37666666666667,3.6666666666666665,0.3333333333333333,3,0.33333333333333337,-9.256666666666666,33.333333333333336,33.33333333333333,False
10cdd491d1dbea8fb4ead97b19c334ce,3,287.76,MG,26.286666666666665,5.0,0.0,3,0.0,-17.32,0.0,0.0,False
10ff823eda2b032e2c93d17a7d294736,9,1459.5300000000002,SP,18.284444444444446,3.888888888888889,0.2222222222222222,8,0.0,-13.58875,0.0,22.22222222222222,False
112453736dbe3889cfb74e1aaa0ba0c1,7,2154.77,SP,37.824285714285715,4.142857142857143,0.14285714285714285,7,0.0,-6.3,0.0,14.285714285714285,False
1127b7f2594683f2510f1c2c834a486b,113,8593.5,SP,16.029823008849558,4.106194690265487,0.168141592920354,109,0.02752293577981646,-10.414495412844037,2.752293577981646,16.8141592920354,True
11305281b50fff20ae8bb473f8e11876,34,7852.84,MG,41.00382352941177,4.294117647058823,0.08823529411764706,34,0.11764705882352944,-12.34794117647059,11.764705882352944,8.823529411764707,True
113e3a788b935f48aad63e1c41dac1bd,39,1533.95,SP,17.605128205128207,4.315789473684211,0.05128205128205128,39,0.05128205128205132,-14.287179487179488,5.128205128205132,5.128205128205128,True
116ccb1a1604bc88e4d234a8c23f33de,59,2823.44,SP,15.224576271186441,4.694915254237288,0.01694915254237288,59,0.05084745762711862,-9.533220338983051,5.0847457627118615,1.694915254237288,True
11742f81550ac064cc9a40f67151d9ad,2,831.01,SP,24.555,5.0,0.0,2,0.0,-4.2,0.0,0.0,False
117cfc326c6d50da67ca858ff5c0c852,5,536.08,RJ,16.296,4.6,0.0,5,0.0,-8.43,0.0,0.0,False
11938fcc75f6902fea1d0a6f72b54a57,2,737.1400000000001,SC,71.08,3.0,0.5,2,0.0,-20.205000000000002,0.0,50.0,False
119c7f1a00ef43fad0e57604e76a747c,2,206.82000000000002,SP,8.51,4.5,0.0,2,0.0,-6.045,0.0,0.0,False
119d1aef1b4144adba89163f6cd9f5d4,4,1298.24,SP,51.06,4.75,0.0,4,0.0,-11.34,0.0,0.0,False
11bfa66332777660bd0640ee84d47006,76,5608.54,SP,22.140394736842108,3.9210526315789473,0.2236842105263158,76,0.1578947368421053,-8.354868421052632,15.789473684210531,22.36842105263158,True
11d4c477d09821164bca4f70a2eae031,3,140.86,SP,19.27333333333333,5.0,0.0,3,0.0,-11.246666666666668,0.0,0.0,False
11eac105f3f90a9b87b19c89d91e24f3,5,927.8299999999999,SP,24.988,3.6,0.2,5,0.0,-13.248000000000001,0.0,20.0,False
11fb6f6d341adbe19e81733701704635,3,1596.6599999999999,SP,133.22,5.0,0.0,3,0.0,-6.6499999999999995,0.0,0.0,False
120476eb7a04c149d14772edaf5d9bf2,4,2519.63,RJ,37.7075,4.25,0.0,4,0.0,-12.6025,0.0,0.0,False
1284de4ae8aa26997e748c851557cf0e,3,1546.84,SP,28.956666666666667,2.6666666666666665,0.6666666666666666,3,0.0,-8.336666666666668,0.0,66.66666666666666,False
128639473a139ac0f3e5f5ade55873a5,530,21777.96,PR,18.621150943396223,4.188931297709924,0.10943396226415095,524,0.06297709923664119,-11.478530534351146,6.297709923664119,10.943396226415095,True
128f9bfbe4c7d5185033914b1de3d39a,14,1650.49,SP,26.657142857142855,4.714285714285714,0.0,13,0.07692307692307687,-12.142307692307693,7.692307692307687,0.0,False
12a8eb0f8d1cd3270695bf2a99f55966,2,436.66999999999996,SP,19.835,3.5,0.5,2,0.5,-9.120000000000001,50.0,50.0,False
12b9676b00f60f3b700e83af21824c0e,135,30342.69,RS,26.43474074074074,4.537313432835821,0.044444444444444446,133,0.015037593984962405,-20.56766917293233,1.5037593984962405,4.444444444444445,True
12c2ed9cded6138cf0c75f525f565fc7,4,459.19999999999993,SP,16.085,4.25,0.0,4,0.5,-3.385,50.0,0.0,False
13074f016982ff2bd6c58ced8682f000,14,3111.7,RS,71.12142857142858,3.9285714285714284,0.14285714285714285,13,0.3076923076923077,-7.2846153846153845,30.76923076923077,14.285714285714285,False
131fcb0a0c9a47bba4474aacff0f14b7,4,406.41,SP,9.1525,4.0,0.0,4,0.0,-7.16,0.0,0.0,False
1336efc61c316ddf92c899eb817f7cae,69,6377.17,SP,20.98985507246377,4.159420289855072,0.10144927536231885,69,0.10144927536231885,-10.63768115942029,10.144927536231885,10.144927536231885,True
134285d1f41da5c13a756ee8142c8a4e,3,1653.6299999999997,SP,26.97666666666667,3.3333333333333335,0.3333333333333333,3,0.0,-8.856666666666667,0.0,33.33333333333333,False
134a288e7de827ec5ec62e3ec9c3a295,9,1004.0,SP,14.06111111111111,4.777777777777778,0.0,9,0.0,-10.154444444444444,0.0,0.0,False
134b867a0f7f8bbe6abf10f91874891e,1,922.8399999999999,SP,132.95,4.0,0.0,1,0.0,-18.15,0.0,0.0,False
13511db12ac61e2f89c53b72a944a60b,6,1063.97,RS,44.32833333333334,3.5,0.3333333333333333,6,0.16666666666666663,-12.183333333333335,16.666666666666664,33.33333333333333,False
1352e06ae67b410cdae0b2a22361167b,4,765.22,RJ,17.305,2.3333333333333335,0.5,2,1.0,3.0949999999999998,100.0,50.0,False
1354d51653f645349064725ed204e85e,18,2694.72,SP,15.81777777777778,3.9444444444444446,0.16666666666666666,18,0.05555555555555558,-18.16111111111111,5.555555555555558,16.666666666666664,False
138dbe45fc62f1e244378131a6801526,46,1758.6399999999999,SP,14.671304347826087,4.239130434782608,0.13043478260869565,46,0.04347826086956519,-8.701304347826087,4.347826086956519,13.043478260869565,True
139157dd4daa45c25b0807ffff348363,1,37.68,SP,7.78,4.0,0.0,1,0.0,-12.32,0.0,0.0,False
13c2ed7698b3ca92dad49e849219da59,8,653.29,PR,19.335,4.375,0.125,8,0.0,-9.3125,0.0,12.5,False
13d058e4eeac2ce8217660b2f8a05812,23,4755.88,SP,40.26565217391305,4.217391304347826,0.13043478260869565,22,0.13636363636363635,-9.51909090909091,13.636363636363635,13.043478260869565,False
13d95f0f6f73943d4ceffad0fc2cd32c,1,309.32,GO,59.33,3.0,0.0,1,1.0,2.86,100.0,0.0,False
13dd308f81fea30cc670c656b2b46cc3,3,151.14,SP,11.146666666666667,5.0,0.0,3,0.33333333333333337,-5.636666666666667,33.333333333333336,0.0,False
13e85aac53340018b40c2af68001b7e0,1,31.92,SP,14.12,5.0,0.0,1,0.0,-34.34,0.0,0.0,False
13f57c12a00ed4610db646b913a7f5c6,7,821.1500000000001,SP,25.135714285714283,4.857142857142857,0.0,7,0.1428571428571429,-7.222857142857142,14.28571428571429,0.0,False
13fa2a6c6b9d0f43cb588d7c82117a12,9,4719.4400000000005,SP,21.27111111111111,4.111111111111111,0.1111111111111111,9,0.33333333333333337,-5.04111111111111,33.333333333333336,11.11111111111111,False
141440cad9341e553f8401c574a2aa38,11,1579.0,PR,26.436363636363637,4.454545454545454,0.09090909090909091,11,0.0,-21.297272727272727,0.0,9.090909090909092,False
1430239a858e7682bbc43b20758af153,18,929.54,SP,14.930555555555555,4.111111111111111,0.1111111111111111,17,0.0,-9.66294117647059,0.0,11.11111111111111,False
1444c08e64d55fb3c25f0f09c07ffcf2,1,2818.74,BA,69.74,1.0,1.0,1,0.0,-21.09,0.0,100.0,False
1464afc72f696af775557a821c2e253f,29,1513.78,RJ,15.669655172413794,4.241379310344827,0.10344827586206896,29,0.03448275862068961,-11.820344827586208,3.4482758620689613,10.344827586206897,False
14a08204d03bb6b6bde8029f801ae0eb,27,2728.5,SP,21.78148148148148,3.962962962962963,0.14814814814814814,27,0.0,-13.322592592592592,0.0,14.814814814814813,False
14d7985702e72162bbf13b6beb74ab2b,37,4547.14,SP,15.54972972972973,4.324324324324325,0.08108108108108109,37,0.1351351351351351,-7.977567567567568,13.513513513513509,8.108108108108109,True
14ee35374a7876217954b5fa08e50463,6,953.78,SP,19.298333333333336,4.333333333333333,0.0,6,0.16666666666666663,-7.12,16.666666666666664,0.0,False
14f2b3587172b9db894c9bad8dab520b,2,330.06,RS,43.03,2.5,0.5,2,0.0,-11.89,0.0,50.0,False
152ee17e4c8aaf53dac99f3462e4999b,6,404.93,SC,15.995,4.333333333333333,0.0,6,0.0,-13.561666666666667,0.0,0.0,False
154bdf805377afea75a3bd158e9eab10,1,109.72,SP,19.82,1.0,1.0,1,1.0,2.7,100.0,100.0,False
1554a68530182680ad5c8b042c3ab563,245,35638.78,MG,26.989102040816327,4.325102880658436,0.10204081632653061,244,0.069672131147541,-13.18672131147541,6.9672131147541005,10.204081632653061,True
157c3e4b42f81ac4a44e8b1ca2fe9876,20,2684.04,SP,25.032,3.65,0.25,20,0.09999999999999998,-11.683,9.999999999999998,25.0,False
1588ac4010787100dddef64568f0ae35,3,645.97,PR,15.333333333333334,3.0,0.3333333333333333,3,0.0,-8.146666666666667,0.0,33.33333333333333,False
15aac934c58d886785ac1b17953ea898,25,5019.6,ES,26.627999999999997,4.24,0.08,25,0.12,-8.468,12.0,8.0,False
15ac3c501e2599e4917316fde5c5669a,1,195.81,SP,51.61,1.0,1.0,0,,,,100.0,False
15aec03fe4cf30dfa574cf550f5ff5ff,1,39.86,RJ,10.96,1.0,1.0,0,,,,100.0,False
15b3b1b81484422eb41df68ac87f1f50,2,102.89,SP,12.27,1.0,1.0,1,0.0,-4.41,0.0,100.0,False
15cd6eefe58588619aaed41dfa6621b1,15,2098.55,MG,36.44733333333333,4.466666666666667,0.13333333333333333,15,0.06666666666666665,-9.338666666666667,6.666666666666665,13.333333333333334,False
15ead3a5037a918ddb520dfe39a3d2b9,7,433.95,MG,22.635714285714283,4.285714285714286,0.14285714285714285,6,0.16666666666666663,-7.245,16.666666666666664,14.285714285714285,False
15fa791d5e017f66402dc28c44480657,8,1983.29,SP,22.66125,4.25,0.125,8,0.125,-7.883750000000001,12.5,12.5,False
160851d3ece7aa1a510f8d1a4bb8a8af,2,141.14999999999998,SP,19.549999999999997,5.0,0.0,2,0.0,-12.365,0.0,0.0,False
16090f2ca825584b5a147ab24aa30c86,401,31140.72,SP,13.596708229426433,4.057644110275689,0.1396508728179551,397,0.10831234256926947,-8.974357682619647,10.831234256926948,13.96508728179551,True
160e4f13fd3a64b1b86807be88b5ffb0,4,980.45,PR,23.6125,4.25,0.25,4,0.0,-14.59,0.0,25.0,False
164a5a8794e6d42e14f55e447b12a3bc,1,136.76,PR,62.77,5.0,0.0,1,0.0,-18.12,0.0,0.0,False
165b1235e9e9942cb5fae67103576fb0,11,2489.8,SP,36.78636363636363,4.363636363636363,0.0,11,0.09090909090909094,-7.125454545454545,9.090909090909093,0.0,False
165fc07beebdcb6190fba8a06db2a449,48,19359.27,PR,33.626041666666666,3.8541666666666665,0.20833333333333334,48,0.125,-10.770833333333334,12.5,20.833333333333336,True
1660ad786c27fd935378b6192a90b417,12,1962.72,SP,21.893333333333334,4.583333333333333,0.08333333333333333,12,0.08333333333333337,-10.301666666666668,8.333333333333337,8.333333333333332,False
166e8f1381e09651983c38b1f6f91c11,2,109.0,SC,15.1,5.0,0.0,2,0.0,-7.720000000000001,0.0,0.0,False
167fd940acebc789debd6eb418c46e38,5,1178.48,SP,20.18,3.0,0.4,5,0.19999999999999996,-8.022,19.999999999999996,40.0,False
1690cada046eb7e92c12f98b1f8a8167,11,2211.38,SP,22.94363636363636,4.545454545454546,0.09090909090909091,10,0.09999999999999998,-13.462,9.999999999999998,9.090909090909092,False
16bdc8cefd0e32a6f0824d296c5ad14a,1,61.08,SP,19.32,5.0,0.0,1,0.0,-11.33,0.0,0.0,False
1703bc09972dab9782e7a9194943b69f,1,356.11,MG,106.21,5.0,0.0,1,0.0,-17.13,0.0,0.0,False
1710c3aaa9c6b44ec3883ee0fe300e21,2,1226.55,SP,18.825000000000003,5.0,0.0,2,0.0,-8.235,0.0,0.0,False
17306570e772e7718c92a562d33f5f1d,29,10666.98,SP,32.32,3.6206896551724137,0.2413793103448276,27,0.07407407407407407,-8.991481481481483,7.4074074074074066,24.137931034482758,False
173d56ffbd4c56cb80fc3615487d712b,2,397.61,SP,19.805,5.0,0.0,2,0.0,-16.25,0.0,0.0,False
1746c1ae87ac63d530c7c943d0ac42e2,1,252.35,SP,22.45,5.0,0.0,1,0.0,-3.06,0.0,0.0,False
1771297ac436903d1dd6b0e9279aa505,28,3466.4300000000003,SP,20.898571428571426,4.62962962962963,0.0,28,0.0357142857142857,-14.598571428571429,3.57142857142857,0.0,False
1782ce2db72c3dda627d5e7c898104e1,9,2218.17,SP,23.04111111111111,4.333333333333333,0.0,9,0.11111111111111116,0.4388888888888896,11.111111111111116,0.0,False
17908cf9b444ee34047cadd5c0f4a516,11,2495.41,GO,45.583636363636366,4.545454545454546,0.0,11,0.09090909090909094,-11.186363636363636,9.090909090909093,0.0,False
17998cf586426bf0f2c3726cb0a4b211,1,41.05,MG,21.15,5.0,0.0,1,0.0,-25.11,0.0,0.0,False
179d859f51292aac5c10806a356f7af9,18,800.27,SP,21.98888888888889,4.388888888888889,0.05555555555555555,18,0.16666666666666663,-8.172777777777776,16.666666666666664,5.555555555555555,False
17a053fcb14bd219540cbde0df490be0,125,49883.63,SP,71.4576,4.227642276422764,0.104,124,0.08064516129032262,-9.373225806451613,8.064516129032262,10.4,True
17adeba047385fb0c67d8e90b4296d21,1,1097.31,SP,287.61,1.0,1.0,0,,,,100.0,False
17ca9b9e9b9ef8fdb529001b49ebb50f,115,12150.85,MG,20.679130434782607,4.060869565217391,0.1391304347826087,114,0.02631578947368418,-13.396315789473684,2.631578947368418,13.91304347826087,True
17e34d8224d27a541263c4c64b11a56b,255,61787.96,SP,20.72478431372549,4.1857707509881426,0.12549019607843137,247,0.08502024291497978,-9.862145748987853,8.502024291497978,12.549019607843137,True
17eea220a40cc0d2c0c5346379682398,4,1512.99,SP,24.5025,3.75,0.25,3,0.6666666666666667,0.023333333333333133,66.66666666666667,25.0,False
17f51e7198701186712e53a39c564617,56,58078.15,SP,178.1992857142857,4.339285714285714,0.08928571428571429,56,0.0892857142857143,-11.171964285714285,8.92857142857143,8.928571428571429,True
180c3376aff0e43dd5788709df48a843,5,4722.97,SP,41.994,4.4,0.2,5,0.19999999999999996,-4.126,19.999999999999996,20.0,False
1835b56ce799e6a4dc4eddc053f04066,403,42626.12,SP,21.806550868486354,3.6875,0.228287841191067,397,0.12342569269521408,-9.445692695214106,12.342569269521409,22.8287841191067,True
1838dd9b8977065acf51d95e0053ea7a,64,4075.88,MG,19.6184375,4.265625,0.140625,62,0.048387096774193505,-10.287096774193548,4.8387096774193505,14.0625,True
184725737946a1a938bbbd1a9e978103,3,403.57000000000005,SP,14.623333333333335,4.666666666666667,0.0,3,0.0,-2.033333333333333,0.0,0.0,False
184a67a8f9f63234d3a92340bbdb727f,8,524.37,SC,28.238750000000003,3.875,0.25,7,0.0,-15.847142857142858,0.0,25.0,False
186cdd1b2df32caa72cfb410bba768d3,6,1609.73,SC,44.71333333333334,5.0,0.0,6,0.0,-27.633333333333336,0.0,0.0,False
189ca3538ce9f920cacf0f982cbe223b,4,481.67,SP,15.6675,4.25,0.25,4,0.0,-9.2225,0.0,25.0,False
18a349e75d307f4b4cc646a691ed4216,120,11005.66,SP,18.29525,3.46218487394958,0.30833333333333335,108,0.06481481481481477,-13.864074074074074,6.481481481481477,30.833333333333336,True
18e694e0e48ed6f7aa3f24aade5fd697,31,1205.77,SP,16.265483870967742,4.67741935483871,0.0,31,0.032258064516129004,-12.078709677419354,3.2258064516129004,0.0,True
1900267e848ceeba8fa32d80c1a5f5a8,375,32067.420000000002,SP,21.050186666666665,3.9135135135135135,0.17333333333333334,370,0.11351351351351346,-8.810081081081082,11.351351351351347,17.333333333333336,True
191d55f7edb8524d525ed01b20fe32e8,3,812.8,DF,21.933333333333334,2.3333333333333335,0.6666666666666666,3,0.33333333333333337,-2.1833333333333336,33.333333333333336,66.66666666666666,False
1927cdb9fa74f5270097f6250e8e8f34,1,178.92000000000002,SP,58.92,5.0,0.0,1,0.0,-8.21,0.0,0.0,False
19484c79cef6c062cb177aa4ef2fcc3c,1,212.06,SP,10.16,1.0,1.0,1,1.0,3.5,100.0,100.0,False
1961c3e1272bfeceb05d0b78b5bbfdaf,3,945.43,SP,16.476666666666667,3.3333333333333335,0.3333333333333333,2,0.0,-6.8,0.0,33.33333333333333,False
1967a9e2ad6f51802b093147d861df58,2,425.76,SP,22.880000000000003,1.0,1.0,0,,,,100.0,False
1976a05ecf2996d6ffb7b5430e635fe7,8,2190.66,SP,49.307500000000005,3.875,0.25,8,0.25,-7.4325,25.0,25.0,False
1987cd4be10fe09ee50454f9c354d1c6,14,3135.23,MG,18.395000000000003,4.357142857142857,0.07142857142857142,14,0.0714285714285714,-12.981428571428571,7.14285714285714,7.142857142857142,False
198c7ea11960a9844b544d9bcdca860c,25,2225.38,MG,19.6652,3.88,0.24,25,0.12,-10.2028,12.0,24.0,False
1992f8fb6b19fcccd97ca819811e7267,1,40.02,SP,11.22,1.0,1.0,0,,,,100.0,False
1996942dc085d7773ba77a529b163cd0,10,3468.3199999999997,SP,33.581,3.9,0.2,9,0.0,-17.953333333333333,0.0,20.0,False
19a7c9f66ffa6452ff4b4c0cca71da27,1,338.74,PR,59.74,5.0,0.0,1,0.0,-27.14,0.0,0.0,False
19d62d484cba71963c93f0f00ab42013,1,162.59,SC,22.69,4.0,0.0,1,0.0,-7.35,0.0,0.0,False
19e0f40a907ec568c34bfac15de4f4a1,4,219.62,SP,10.405000000000001,5.0,0.0,4,0.0,-12.4375,0.0,0.0,False
1a3df491d1c4f1589fc2b934ada68bf2,167,27594.12,SC,25.697125748502994,4.191616766467066,0.11377245508982035,160,0.05625000000000002,-12.391562500000001,5.625000000000002,11.377245508982035,True
1a6245add4353f18ed55138808906979,1,39.34,SP,9.34,1.0,1.0,0,,,,100.0,False
1a8e2d9c38b84a9702ac7922924b0573,1,97.0,SC,17.0,5.0,0.0,1,0.0,-14.95,0.0,0.0,False
1a932caad4f9d804097d7f8e615baed1,20,5701.45,SP,52.0225,3.9,0.2,20,0.19999999999999996,-7.882,19.999999999999996,20.0,False
1acde099eb406aa220b1169b188b42da,9,458.5,SP,16.37777777777778,4.222222222222222,0.1111111111111111,9,0.0,-7.268888888888889,0.0,11.11111111111111,False
1b0b0f4f95e962d6f32fe90c759d0479,2,163.17000000000002,SP,11.685,5.0,0.0,2,0.0,-9.0,0.0,0.0,False
1b1ae47a313a825a7ccceb8e2e30fa9d,11,2490.4,PR,22.40909090909091,3.9,0.2727272727272727,10,0.0,-13.568999999999999,0.0,27.27272727272727,False
1b45169b635ef59425637e9a33eb5fb3,7,419.34999999999997,PR,15.778571428571428,4.571428571428571,0.14285714285714285,7,0.0,-18.822857142857142,0.0,14.285714285714285,False
1b4b28463457a256e9a784ebe2a8f630,1,715.3399999999999,SP,15.92,1.0,1.0,1,1.0,7.85,100.0,100.0,False
1b4c3a6f53068f0b6944d2d005c9fc89,112,17790.34,SC,26.93705357142857,4.207207207207207,0.10714285714285714,110,0.0636363636363636,-12.07781818181818,6.36363636363636,10.714285714285714,True
1b61fb1f0f2185d89e9a126c498e9cc7,1,65.81,PR,16.11,5.0,0.0,1,0.0,-13.34,0.0,0.0,False
1b65c144b17e607c0f37f10bb7dfec8d,5,1393.86,SC,32.872,2.0,0.6,5,0.0,-28.008000000000003,0.0,60.0,False
1b7e5006cb25dd23ce8686691013b121,11,2785.96,SP,13.565454545454545,4.363636363636363,0.09090909090909091,11,0.18181818181818177,-5.683636363636364,18.181818181818176,9.090909090909092,False
1b8356dabde1d35e17cef975c3f82730,56,4413.61,SP,17.62892857142857,4.160714285714286,0.10714285714285714,55,0.018181818181818188,-13.201272727272729,1.8181818181818188,10.714285714285714,True
1b8b75e227c9a9c100d0c210fb6176ce,19,2195.61,SP,14.777894736842104,3.3684210526315788,0.3684210526315789,15,0.06666666666666665,-18.92733333333333,6.666666666666665,36.84210526315789,False
1b938a7ec6ac5061a66a3766e0e75f90,30,4988.38,SP,31.462666666666667,4.3,0.1,29,0.03448275862068961,-14.011724137931036,3.4482758620689613,10.0,True
1bb2bdb95f4841f1bba2c0d2cd83d3c9,81,6149.2699999999995,SP,14.155061728395061,4.6375,0.037037037037037035,79,0.07594936708860756,-12.599873417721518,7.594936708860756,3.7037037037037033,True
1bb3812d5f0747a3ab7348f199001a10,9,1049.57,SP,23.907777777777778,4.888888888888889,0.0,9,0.0,-19.355555555555554,0.0,0.0,False
1bc2e21de46adfea6b98cc96b00f3b40,3,1142.5500000000002,SC,34.2,3.3333333333333335,0.3333333333333333,3,0.0,-4.85,0.0,33.33333333333333,False
1c129092bf23f28a5930387c980c0dfc,190,12083.72,SP,15.513631578947368,4.343915343915344,0.09473684210526316,189,0.05820105820105825,-8.966190476190476,5.820105820105825,9.473684210526317,True
1c40343cc5d18c2d8248ac2f3366de34,20,2873.27,SP,18.878,4.6,0.0,20,0.09999999999999998,-10.811499999999999,9.999999999999998,0.0,False
1c56ffe0e9dea2657fc6e95b53f40b13,3,267.39,SP,28.13,4.333333333333333,0.0,3,0.0,-8.653333333333334,0.0,0.0,False
1c5e4e49b9079480255b49d50aac1aa9,12,11062.72,SP,74.13416666666667,4.333333333333333,0.08333333333333333,12,0.0,-11.531666666666666,0.0,8.333333333333332,False
1c68394e931a64f90ea236c5ea590300,139,27940.63,PR,21.14956834532374,3.9424460431654675,0.15827338129496402,139,0.03597122302158273,-14.581942446043167,3.597122302158273,15.827338129496402,True
1c742ac33582852aaf3bcfbf5893abcf,1,113.69,MG,15.79,5.0,0.0,1,0.0,-19.31,0.0,0.0,False
1c83418358f249c9d6affa52d579db0e,1,39.42,SP,14.52,5.0,0.0,1,0.0,-22.52,0.0,0.0,False
1ca4bdb0cd7fc48e949bac066188ed26,4,1963.08,MG,110.77,4.5,0.0,3,0.33333333333333337,-9.803333333333333,33.333333333333336,0.0,False
1ca7077d890b907f89be8c954a02686a,115,15106.94,SP,14.74495652173913,2.3333333333333335,0.6086956521739131,108,0.2222222222222222,-5.962222222222222,22.22222222222222,60.86956521739131,True
1caf283236cd69af44cbc09a0a1e7d32,33,1530.25,RJ,18.565151515151513,4.606060606060606,0.06060606060606061,33,0.09090909090909094,-11.124545454545455,9.090909090909093,6.0606060606060606,True
1cbcd2ee0afb3fc09963b87eb65e7e4f,1,130.65,PR,40.650000000000006,5.0,0.0,1,0.0,-12.21,0.0,0.0,False
1cbd32d00d01bb8087a5eb088612fd9c,11,1289.53,SP,22.187272727272727,4.181818181818182,0.09090909090909091,11,0.09090909090909094,-10.368181818181817,9.090909090909093,9.090909090909092,False
1cbd50a8c52e6cf8e315c5709fab386f,9,1006.6600000000001,PR,24.52111111111111,3.7777777777777777,0.1111111111111111,9,0.11111111111111116,-12.06111111111111,11.111111111111116,11.11111111111111,False
1cbdc7cf130a41fd13a3c2a7d2fcfda7,2,225.61,MG,29.905,5.0,0.0,2,0.0,-12.85,0.0,0.0,False
1cd9e0cc1839d55516843def5600816d,5,926.72,SP,20.344,5.0,0.0,5,0.0,-9.398,0.0,0.0,False
1ce3ae5a399804d1a87e706f8a813c3e,36,3216.88,SC,21.71055555555556,3.8333333333333335,0.19444444444444445,36,0.11111111111111116,-14.396388888888888,11.111111111111116,19.444444444444446,True
1d0646a72178a6fb37ee8082140e06ec,2,97.62,SC,18.31,5.0,0.0,2,0.0,-6.655,0.0,0.0,False
1d0997ff06b524ce9289ffd75114ecd3,3,3873.57,PE,42.19,3.6666666666666665,0.3333333333333333,3,0.33333333333333337,-18.723333333333333,33.333333333333336,33.33333333333333,False
1d139e3a3b14025640d8df1b230aace0,2,71.18,SP,17.345,3.5,0.0,2,0.0,-19.700000000000003,0.0,0.0,False
1d1bbb8ac1581824986f582583fff01d,4,226.47,SC,14.897499999999999,3.5,0.25,4,0.25,-4.9725,25.0,25.0,False
1d2732ef8321502ee8488e8bed1ab8cd,4,1228.1799999999998,RJ,20.045,3.0,0.25,4,0.25,-4.47,25.0,25.0,False
1d29dfba02015238dfbe2449a5eaa361,12,789.92,MG,14.76,4.5,0.08333333333333333,12,0.08333333333333337,-8.706666666666667,8.333333333333337,8.333333333333332,False
1d4587203296c8f4ad134dc286fa6db0,41,2920.57,SP,16.140731707317073,4.2926829268292686,0.0975609756097561,39,0.05128205128205132,-10.545384615384615,5.128205128205132,9.75609756097561,True
1d503743d2526f03f0c2c89540ee008c,12,720.53,SP,17.040833333333335,3.9166666666666665,0.16666666666666666,12,0.08333333333333337,-8.873333333333333,8.333333333333337,16.666666666666664,False
1d8dbc4f32378d715c717c1c1fc57bae,91,13668.57,PR,23.804945054945055,4.033707865168539,0.15384615384615385,90,0.09999999999999998,-10.790111111111111,9.999999999999998,15.384615384615385,True
1d953075c2f0dd990bacf27b83b330f1,1,78.32,MG,19.32,5.0,0.0,1,0.0,-23.23,0.0,0.0,False
1da366cade6d8276e7d8beea7af5d4bf,43,8722.76,MG,41.07372093023256,3.9285714285714284,0.18604651162790697,42,0.11904761904761907,-7.855952380952381,11.904761904761907,18.6046511627907,True
1da3aeb70d7989d1e6d9b0e887f97c23,261,13018.65,SP,16.17015325670498,4.162162162162162,0.12260536398467432,257,0.05836575875486383,-10.645019455252918,5.836575875486383,12.260536398467432,True
1dc2de47ee26a0a5b12dc14fd6dc0dea,25,2327.58,SP,25.2916,4.56,0.04,25,0.12,-8.128,12.0,4.0,False
1dcfa3835714681d4ba4a93bc1e0fd41,13,1602.1000000000001,SP,24.892307692307693,4.0,0.15384615384615385,12,0.0,-14.905833333333334,0.0,15.384615384615385,False
1dd33b8119b3cb1056ed5dc88cd0aaf4,8,1641.74,SP,16.0925,3.75,0.125,8,0.125,-15.00375,12.5,12.5,False
1de62b6f2fd96227629786db492433db,2,334.34000000000003,SP,37.82,5.0,0.0,2,0.0,-14.6,0.0,0.0,False
1dfe5347016252a7884b694d4f10f5c4,20,2099.24,SP,21.542,3.526315789473684,0.25,19,0.26315789473684215,-6.116315789473684,26.315789473684216,25.0,False
1e26c56af8d48424e1df0140a2401f83,2,292.39,SP,16.745,5.0,0.0,2,0.0,-15.580000000000002,0.0,0.0,False
1e47d8b6546eb3a77b1acddcc9406242,1,166.71,SP,16.81,1.0,1.0,1,0.0,-10.13,0.0,100.0,False
1e47defeeadeca0e9a18fa5a9311e735,3,291.62,SP,19.166666666666668,5.0,0.0,3,0.0,-11.726666666666667,0.0,0.0,False
1e483cc5c76fef08d3ca05f9a8af7d01,10,295.07,SP,12.308,4.1,0.1,9,0.0,-10.712222222222222,0.0,10.0,False
1e8b33f18b4f7598d87f5cbee2282cc2,122,20305.62,SP,22.5472131147541,4.4,0.10655737704918032,121,0.04958677685950408,-10.22305785123967,4.958677685950407,10.655737704918032,True
1e8c6a4c538f286aee9573239740a4b4,4,341.59000000000003,SP,12.5225,4.25,0.0,4,0.0,-10.2425,0.0,0.0,False
1e9d5a33694bddb76316fd1f54734d20,2,468.94,MT,75.47,4.5,0.0,2,0.0,-7.725,0.0,0.0,False
1eade46fba20122dc4aefb379f8c636b,58,4673.71,SP,17.902413793103445,4.431034482758621,0.08620689655172414,58,0.13793103448275867,-7.006206896551724,13.793103448275868,8.620689655172415,True
1f1bb1f0859883505541bdd6606193e5,27,16562.87,SP,19.334444444444443,4.333333333333333,0.07407407407407407,27,0.11111111111111116,-10.161851851851852,11.111111111111116,7.4074074074074066,False
1f2eebc0e970fd3c463e4f5d9652687a,1,53.47,SP,8.48,5.0,0.0,1,1.0,5.12,100.0,0.0,False
1f50f920176fa81dab994f9023523100,1386,141778.19,SP,25.304040404040403,4.154236060825489,0.13564213564213565,1381,0.10716871832005792,-9.550050687907314,10.716871832005792,13.564213564213565,True
1f7dfad2cb384ea4d2d7e1ffbd78c407,1,57.29,SP,8.29,1.0,1.0,1,0.0,-3.09,0.0,100.0,False
1f7fd2a6fcd5a6fa5d8a4dabc72aaae0,3,632.68,RS,33.626666666666665,5.0,0.0,3,0.0,-15.923333333333332,0.0,0.0,False
1f867308a0ce13133a4e639ff4de0c02,6,1043.42,PR,32.63666666666666,4.666666666666667,0.0,6,0.0,-12.235,0.0,0.0,False
1f9ab4708f3056ede07124aad39a2554,78,16102.310000000001,SP,31.486923076923077,4.077922077922078,0.07692307692307693,76,0.052631578947368474,-12.733421052631579,5.263157894736848,7.6923076923076925,True
1fbe10c70e30765ed1de86d9f7e98409,2,158.10999999999999,SP,29.68,2.5,0.5,2,0.0,-3.755,0.0,50.0,False
1fdc574883ef3b33ad41562d93f3a74a,18,4524.2699999999995,SP,15.181666666666665,4.444444444444445,0.0,18,0.05555555555555558,-10.746111111111112,5.555555555555558,0.0,False
1fddcb7b326905d3ad5efe82187db347,1,105.22,SP,13.22,1.0,1.0,0,,,,100.0,False
1fe5540d7c1c37a595fefbacd5570d9e,20,5118.75,RJ,29.057499999999997,4.3,0.05,20,0.050000000000000044,-12.697,5.000000000000004,5.0,False
1fe61aa5494bd3ae92a2c13e067c810f,1,638.5799999999999,SC,100.82,4.0,0.0,1,0.0,-16.5,0.0,0.0,False
2009a095de2a2a41626f6c6d7722678d,7,533.5999999999999,SP,23.814285714285713,4.285714285714286,0.14285714285714285,7,0.0,-11.868571428571428,0.0,14.285714285714285,False
2039c5e51785b5dde7cf93ccb3b7be2c,1,173.68,SP,13.78,5.0,0.0,1,0.0,-7.19,0.0,0.0,False
204b4e07bddef3c9b317f70189135b22,1,147.71,MG,29.46,5.0,0.0,1,0.0,-10.08,0.0,0.0,False
2059c39f76271d4ca3f15b5ffaccc8b8,12,791.29,PR,15.532499999999999,4.5,0.0,12,0.0,-12.7575,0.0,0.0,False
20611af7866c6068fd5ae1f9dbe15c92,2,334.3,SP,57.25,4.5,0.0,2,0.0,-12.85,0.0,0.0,False
2063dd1b9f568df1c16741ea7d3e6adb,3,820.27,PR,19.05666666666667,5.0,0.0,3,0.0,-25.49,0.0,0.0,False
2075d8cd4dd63ff12df0749a5866bb06,3,242.23000000000002,PR,19.176666666666666,5.0,0.0,3,0.0,-6.510000000000001,0.0,0.0,False
2078fe5066350e7d220c0ad3a3bbc6c1,1,68.03999999999999,PR,38.14,2.0,1.0,0,,,,100.0,False
2089a6d640999f9b9141ac719b2af596,44,9604.539999999999,SP,16.10727272727273,3.727272727272727,0.29545454545454547,41,0.14634146341463417,-10.750731707317073,14.634146341463417,29.545454545454547,True
20a7efa9721046319bdde5d60b6b5365,3,596.59,SP,31.796666666666667,5.0,0.0,3,0.0,-13.063333333333334,0.0,0.0,False
20a8b0dc55da94fe74d112082427c84f,7,531.38,SP,17.711428571428574,4.285714285714286,0.14285714285714285,7,0.1428571428571429,-3.8485714285714283,14.28571428571429,14.285714285714285,False
20b54c376b794ed028df09a3cd88e8dc,11,1506.55,SP,14.872727272727273,3.0,0.36363636363636365,7,0.2857142857142857,-2.27,28.57142857142857,36.36363636363637,False
20cb7c2fde3e5bf10f0bbe7394e1c6a9,32,1660.28,PR,24.949375,4.0,0.15625,31,0.09677419354838712,-11.502258064516129,9.677419354838712,15.625,True
20d53aad4fe5ee93a64f8839609d3586,2,86.44,MG,17.27,2.5,0.5,1,1.0,17.71,100.0,50.0,False
20d83f3ef0e6925fd74bfd59170babf7,39,3699.2599999999998,SP,18.219487179487178,4.410256410256411,0.07692307692307693,39,0.05128205128205132,-10.96923076923077,5.128205128205132,7.6923076923076925,True
20f0aeea30bc3b8c4420be8ced4226c0,1,29.42,SP,14.52,,0.0,1,1.0,13.52,100.0,0.0,False
20fd2d2080ed85fa67fad3fcbb2c1813,1,105.47,PR,19.57,1.0,1.0,0,,,,100.0,False
2138ccb85b11a4ec1e37afbd1c8eda1f,391,18580.51,SP,15.76851662404092,3.943589743589744,0.16879795396419436,383,0.05483028720626637,-11.954647519582245,5.483028720626637,16.879795396419436,True
213b25e6f54661939f11710a6fddb871,143,17960.28,SP,22.644265734265733,3.964788732394366,0.16083916083916083,140,0.09285714285714286,-10.235142857142858,9.285714285714286,16.083916083916083,True
213fafb0ca06fb3d5886579c2565791b,3,216.86,MG,9.053333333333333,2.3333333333333335,0.6666666666666666,3,0.0,-5.483333333333334,0.0,66.66666666666666,False
2156f2671501a81034d7d07f217609d0,22,3433.89,SP,20.563181818181818,3.8636363636363638,0.18181818181818182,21,0.1428571428571429,-5.811428571428571,14.28571428571429,18.181818181818183,False
217f005bb37ff3aeef5b2ae1788e75ba,3,120.22,SP,15.083333333333334,3.3333333333333335,0.3333333333333333,2,0.0,-8.935,0.0,33.33333333333333,False
218d46b86c1881d022bce9c68a7d4b15,383,63153.91,SP,20.059347258485637,4.16010498687664,0.1279373368146214,377,0.0954907161803713,-10.671644562334217,9.54907161803713,12.793733681462141,True
218f991754f360af9c2daa5e0b8e990c,14,3819.5400000000004,SP,18.944285714285716,3.642857142857143,0.21428571428571427,14,0.1428571428571429,-5.965000000000001,14.28571428571429,21.428571428571427,False
2199e7fe213c16213bf5d6a7eadc9a5d,25,4647.78,SP,22.779600000000002,4.24,0.12,24,0.04166666666666663,-13.062916666666666,4.1666666666666625,12.0,False
21c62b998a043ebe31161d38f84929fc,4,841.33,CE,22.71,4.5,0.0,4,0.0,-15.4225,0.0,0.0,False
21d59342ba150175ca2aa4f8faddeca6,2,389.71000000000004,SP,47.655,4.5,0.0,2,0.0,-17.835,0.0,0.0,False
21e83881401b92b49fb09a16d3852291,14,4182.53,MG,42.462857142857146,4.357142857142857,0.14285714285714285,12,0.0,-12.895000000000001,0.0,14.285714285714285,False
2235cf78d3e2073a88146a9cb60f0dd0,1,204.76000000000002,SP,25.77,5.0,0.0,1,0.0,-10.98,0.0,0.0,False
226b05fe067266c59c15dae208213d06,10,1245.58,PR,18.868000000000002,4.5,0.1,10,0.0,-12.959999999999999,0.0,10.0,False
228e4c1a0be164f613d41c24345f9d2c,5,769.44,PR,45.948,5.0,0.0,5,0.0,-19.434,0.0,0.0,False
229c3efbfb0ea2058de4ccdfbc3d784a,121,18106.57,MG,19.525371900826446,3.625,0.24793388429752067,118,0.016949152542372836,-11.954322033898304,1.6949152542372836,24.793388429752067,True
22a23e5ac7061fc538cc2a019afaaf16,1,109.42,MG,14.42,3.0,0.0,1,0.0,-15.51,0.0,0.0,False
22c32ec35d0116ef02c281798a25bf8b,4,210.01,PR,22.6075,3.75,0.0,4,0.0,-14.315,0.0,0.0,False
2305ab43e846518f58dd9d59f3f54e96,3,831.26,SP,14.123333333333335,3.6666666666666665,0.3333333333333333,3,0.0,-10.793333333333335,0.0,33.33333333333333,False
232a6014e7b10cba61c6c2b2ea6bb4b0,33,5133.27,SP,36.76969696969697,4.15625,0.12121212121212122,32,0.0625,-13.27125,6.25,12.121212121212121,True
23613d49c3ac2bd302259e55c06c050c,63,5973.4800000000005,SP,31.785396825396827,3.9516129032258065,0.20634920634920634,62,0.16129032258064513,-9.395645161290322,16.129032258064512,20.634920634920633,True
236585a4ddb5fea9fa40233e2249ed91,11,837.67,RS,17.10363636363636,4.090909090909091,0.09090909090909091,11,0.09090909090909094,-12.473636363636365,9.090909090909093,9.090909090909092,False
2379bdc3888025689a9deb7b141507d5,9,1125.61,SP,14.012222222222222,4.333333333333333,0.1111111111111111,9,0.33333333333333337,-5.024444444444445,33.333333333333336,11.11111111111111,False
238fac594e170b59c6d228f5a4f4f1d9,29,4572.8099999999995,SP,49.20034482758621,4.0,0.13793103448275862,29,0.10344827586206895,-10.107241379310345,10.344827586206895,13.793103448275861,False
23a0ffca143a15b9b5bbdb7d552f626a,22,4094.27,SP,24.806818181818183,3.9545454545454546,0.22727272727272727,22,0.13636363636363635,-10.129545454545454,13.636363636363635,22.727272727272727,False
23c38debaffe4a25a30fdbd9b586a13f,40,6111.37,SP,20.10225,4.35,0.025,40,0.15000000000000002,-9.366,15.000000000000002,2.5,True
23ca5f678e0b3ea6c630b30fa8bf51ea,6,279.39,SP,16.065,5.0,0.0,6,0.0,-16.794999999999998,0.0,0.0,False
23d7c96d4a1160db1c726b248601b25a,53,13146.52,SP,26.029811320754714,3.8,0.18867924528301888,50,0.12,-10.2632,12.0,18.867924528301888,True
23ff42c4bf1f8f16cddb19d8b972974a,2,227.67000000000002,MG,26.485,4.0,0.0,2,0.0,-15.215,0.0,0.0,False
240b9776d844d37535668549a396af32,36,14452.65,RJ,23.904722222222222,4.277777777777778,0.1111111111111111,35,0.05714285714285716,-10.562857142857142,5.714285714285716,11.11111111111111,True
244b04680fdbded0acf5aebd9c92b44a,3,3616.51,SP,46.27,1.0,0.6666666666666666,2,0.5,5.130000000000001,50.0,66.66666666666666,False
244c2f1bff6afe1f2eaf9bfe9b2aed38,23,3794.87,SP,52.82043478260869,3.652173913043478,0.21739130434782608,23,0.08695652173913049,-9.527391304347827,8.695652173913048,21.73913043478261,False
247587846358bb1d2e4c6522020b36fe,1,121.51,SP,22.51,5.0,0.0,1,0.0,-12.27,0.0,0.0,False
2493dc3f20131696a0ecdb9948051a8d,4,575.0699999999999,DF,17.6725,4.75,0.0,4,0.0,-23.3375,0.0,0.0,False
249f0e9905a6e06ad6c6bea7547ab9f6,3,643.72,RJ,44.43,3.6666666666666665,0.3333333333333333,3,0.0,-18.919999999999998,0.0,33.33333333333333,False
24a6daf925d9d591870a66660416de31,2,90.08000000000001,SP,15.04,4.5,0.0,2,0.0,-11.25,0.0,0.0,False
24c1de8d9551c0b4fbc53317d53efda8,1,412.12,PB,57.12,5.0,0.0,1,0.0,-22.44,0.0,0.0,False
2528513dd95219a6013d4d05176e391a,155,36424.46,SP,24.183935483870968,4.0131578947368425,0.15483870967741936,154,0.051948051948051965,-11.457142857142857,5.1948051948051965,15.483870967741936,True
2528744c5ef5d955adc318720a94d2e7,5,6508.7,SP,52.739999999999995,2.4,0.6,5,0.0,-8.75,0.0,60.0,False
252e76235acb79183cfca6e34f13337d,3,398.52,SP,26.14,3.3333333333333335,0.3333333333333333,3,0.0,-16.62666666666667,0.0,33.33333333333333,False
253c025bab43881055aeecde5e2d8b77,2,124.33,PR,14.754999999999999,4.5,0.0,2,0.5,-6.2700000000000005,50.0,0.0,False
253f95b3a0e6983ae18aed49fbc2b845,5,890.94,SP,18.288,4.4,0.0,5,0.0,-13.27,0.0,0.0,False
257e61d3251fb5efb9daadddbc2cf7ca,12,8806.18,PR,89.765,4.75,0.0,12,0.0,-17.01,0.0,0.0,False
258447aad3f7b01e2643c89f64dc5647,1,71.45,PR,19.55,5.0,0.0,1,0.0,-11.23,0.0,0.0,False
259f7b5e6e482c230e5bfaa670b6bb8f,137,11305.99,SP,19.986861313868616,4.323529411764706,0.10948905109489052,135,0.022222222222222254,-12.648814814814815,2.2222222222222254,10.948905109489052,True
25be943a321c8938947bdaabca979a90,5,907.5500000000001,SP,27.71,3.0,0.4,3,0.0,-9.076666666666666,0.0,40.0,False
25c5c91f63607446a97b143d2d535d31,156,62713.1,MG,47.08512820512821,3.870967741935484,0.1858974358974359,154,0.0714285714285714,-11.091753246753248,7.14285714285714,18.58974358974359,True
25cf099de44674fde97473224f9d59ab,50,2359.55,SP,14.103800000000001,4.326530612244898,0.1,50,0.040000000000000036,-12.2326,4.0000000000000036,10.0,True
25debeafbce801fdd479539350185eee,5,319.74,SP,16.378,3.0,0.4,4,0.0,-7.1274999999999995,0.0,40.0,False
25e47381a6c510ddeb36084e33b89f0c,16,1571.71,SP,17.631875,4.25,0.0625,16,0.0,-12.344999999999999,0.0,6.25,False
25e6ffe976bd75618accfe16cefcbd0d,107,13462.06,SP,16.25196261682243,4.411214953271028,0.08411214953271028,105,0.05714285714285716,-12.82895238095238,5.714285714285716,8.411214953271028,True
262237171f48e85819065498cac80d7b,4,749.0,SC,37.5,4.25,0.0,4,0.0,-9.4925,0.0,0.0,False
2646baaf662d4d92ac48f047e35db92d,15,1549.39,SP,19.089333333333332,4.466666666666667,0.13333333333333333,15,0.1333333333333333,-10.022666666666668,13.33333333333333,13.333333333333334,False
26562f211dd1364af2a8596dc945e8ae,2,115.11,SP,8.055,5.0,0.0,2,0.0,-4.17,0.0,0.0,False
265fdc289dffa9f1ad801c74f7d0de47,1,546.55,SP,51.55,5.0,0.0,1,0.0,-7.13,0.0,0.0,False
26785a546900236d66f2e4197c211158,15,1244.65,SP,15.03,4.666666666666667,0.06666666666666667,15,0.0,-17.954,0.0,6.666666666666667,False
269c5fc9fcadee614364c3620c30a1f9,3,254.71999999999997,SP,15.04,5.0,0.0,3,0.33333333333333337,-1.92,33.333333333333336,0.0,False
269cff2d3c8d205c11f37a52402ea93b,4,1415.0,SP,33.3525,4.5,0.0,4,0.0,-8.525,0.0,0.0,False
26af45f5dfd967225a832838aa4e24a3,8,642.79,PR,17.18625,3.875,0.25,8,0.0,-11.190000000000001,0.0,25.0,False
26b482dccfa29bd2e40703ba45523702,3,412.41,SP,22.543333333333333,5.0,0.0,3,0.0,-6.146666666666666,0.0,0.0,False
26bad72add1f86e08a776ce4ffdaf1ca,7,745.9200000000001,SP,17.702857142857145,4.428571428571429,0.0,7,0.0,-12.741428571428571,0.0,0.0,False
26d6bbee02420494d471c9f6436929c0,12,681.6999999999999,PR,20.599166666666665,4.666666666666667,0.0,12,0.0,-10.078333333333333,0.0,0.0,False
26d8a1c7c75d513045798992ead43aa2,36,8945.78,PR,19.490555555555556,4.305555555555555,0.1111111111111111,34,0.08823529411764708,-11.45029411764706,8.823529411764708,11.11111111111111,True
26e13b6ff5b641b329e5524241ee2c93,3,133.85,SP,14.683333333333332,5.0,0.0,3,0.0,-7.406666666666666,0.0,0.0,False
26e2c91ef821e1ff8985f408788fe35b,12,1923.8700000000001,SP,22.872500000000002,3.0,0.3333333333333333,12,0.41666666666666663,2.2375000000000003,41.666666666666664,33.33333333333333,False
26e2e5033827d2ba53929f43e03d8ffe,1,154.78,SP,15.29,5.0,0.0,1,0.0,-13.2,0.0,0.0,False
26f6b7ab07be3e9e69ce82a6552efc19,2,80.75,RJ,12.975,3.0,0.5,2,0.5,-2.175,50.0,50.0,False
270297ead4c65a6cd2593960d2af6b21,18,10073.73,SP,32.39611111111111,3.823529411764706,0.2777777777777778,17,0.0,-13.248823529411764,0.0,27.77777777777778,False
270572bb714b00531be85e16e1550f26,1,111.75999999999999,SP,14.77,5.0,0.0,1,0.0,-15.03,0.0,0.0,False
2709af9587499e95e803a6498a5a56e9,25,1848.54,SP,23.1352,3.7916666666666665,0.24,24,0.125,-9.0475,12.5,24.0,False
270d3ef21830ad0ecf3a6c53d08a533a,6,743.67,SP,39.111666666666665,2.3333333333333335,0.5,5,0.0,-8.431999999999999,0.0,50.0,False
271b8923c6a549e02d3c9fd1f8c0422b,1,118.59,SP,13.4,4.0,0.0,1,1.0,4.99,100.0,0.0,False
271c58a1d139c45eaf3316107c6d3a3b,29,4568.71,SP,23.14448275862069,4.068965517241379,0.1724137931034483,27,0.07407407407407407,-10.539259259259259,7.4074074074074066,17.24137931034483,False
272f092de69afedd4d2969440b37f18f,26,2493.49,SP,21.090769230769233,3.84,0.23076923076923078,25,0.0,-15.948,0.0,23.076923076923077,False
2745f798279e0ed033addcc1474776d7,31,4251.38,SP,21.701612903225808,3.933333333333333,0.12903225806451613,31,0.09677419354838712,-9.587419354838708,9.677419354838712,12.903225806451612,True
276677b5d08786d5dce7c2149dcce48b,33,4320.639999999999,MG,24.20121212121212,3.909090909090909,0.21212121212121213,31,0.09677419354838712,-8.121935483870967,9.677419354838712,21.21212121212121,True
278b6e0b20c4f61fefaa0577943d7a35,1,1152.62,SC,74.62,1.0,1.0,0,,,,100.0,False
27a56ff04b34c2ba34ce6ba4d3b9d616,8,452.27,SP,12.8725,4.125,0.125,8,0.125,-9.3275,12.5,12.5,False
282c7480173bb9c01dd41cc739fec010,5,4466.3099999999995,SP,38.422,4.0,0.2,5,0.19999999999999996,-10.658,19.999999999999996,20.0,False
282f23a9769b2690c5dda22e316f9941,99,8492.15,MG,19.314848484848486,4.333333333333333,0.050505050505050504,98,0.05102040816326525,-10.39469387755102,5.102040816326525,5.05050505050505,True
28405831a29823802aa22c084cfd0649,7,333.18,SP,12.597142857142858,4.285714285714286,0.0,6,0.0,-5.261666666666668,0.0,0.0,False
28872dc528e978a639754bc8c2ce5a4c,1,1038.9,RS,29.0,5.0,0.0,1,0.0,-30.01,0.0,0.0,False
289cdb325fb7e7f891c38608bf9e0962,106,15610.35,SP,19.632169811320757,4.59433962264151,0.04716981132075472,105,0.01904761904761909,-9.366761904761905,1.904761904761909,4.716981132075472,True
28a26ebce31d5918b181ede016fd693b,1,47.04,MG,17.14,5.0,0.0,1,0.0,-9.27,0.0,0.0,False
28c7d8743fbc8679f484868cc0fcaefb,3,270.36,SP,22.953333333333333,5.0,0.0,3,0.0,-10.49,0.0,0.0,False
28d162ab86bb49d719c32f0ee6186eaa,1,127.19999999999999,SP,17.21,4.0,0.0,1,0.0,-11.18,0.0,0.0,False
28ea411b354f14b1a494be4e79f0ce02,6,896.9300000000001,SP,12.821666666666667,4.666666666666667,0.0,6,0.16666666666666663,-10.841666666666667,16.666666666666664,0.0,False
28f10b1c5e5abb9d4857745bede6147c,28,1185.42,SP,12.515,4.0,0.17857142857142858,28,0.2142857142857143,-5.966071428571429,21.42857142857143,17.857142857142858,False
28fb0829fd777877cdc350d25cb5bd5b,4,569.26,SP,17.415,3.75,0.25,2,0.0,-10.120000000000001,0.0,25.0,False
293dee954235e4e4e43f129313625ebe,8,2019.2199999999998,DF,30.0375,5.0,0.0,8,0.0,-16.985,0.0,0.0,False
2953ce3a88f5e3c3b696d77fc9e4c8eb,14,631.32,SP,11.522857142857143,4.642857142857143,0.07142857142857142,14,0.2142857142857143,-4.454285714285715,21.42857142857143,7.142857142857142,False
296729ffb9b684050dd24836dac4494a,2,149.61,SP,17.805,5.0,0.0,2,0.0,-12.105,0.0,0.0,False
297d5eccd19fa9a83b2630071ff105e4,8,976.73,PR,17.72,5.0,0.0,8,0.0,-12.015,0.0,0.0,False
299c89a525fee36c567f4fe72f038100,2,757.75,CE,49.875,2.0,0.5,1,0.0,-4.95,0.0,50.0,False
29c322e3f09f886f8bacbe91dfbd979e,1,208.55,RS,113.17,5.0,0.0,1,0.0,-19.43,0.0,0.0,False
29e6e05b65f93bc224c644319dc52ecf,4,558.9200000000001,MG,20.83,4.75,0.0,4,0.0,-14.185,0.0,0.0,False
29fe9f200d3fa0c668d2aa1ec7e08dfb,5,514.16,SC,22.832,4.0,0.2,5,0.0,-15.181999999999999,0.0,20.0,False
2a1348e9addc1af5aaa619b1a3679d6b,49,3523.94,MG,15.725306122448979,3.2083333333333335,0.3469387755102041,45,0.28888888888888886,2.6277777777777773,28.888888888888886,34.69387755102041,True
2a167ca73899c85001a837d8fb4962f6,2,4197.62,SP,50.31,4.5,0.0,2,0.0,-13.73,0.0,0.0,False
2a261b5b644fa05f4f2700eb93544f2c,49,7407.95,SP,40.611224489795916,3.877551020408163,0.20408163265306123,49,0.20408163265306123,-8.627755102040815,20.408163265306122,20.408163265306122,True
2a50b7ee5aebecc6fd0ff9784a4747d6,1,264.24,DF,64.44,1.0,1.0,1,1.0,17.64,100.0,100.0,False
2a5b78b41cd05baeac8df54c6606b92c,49,20223.43,MG,23.042244897959183,4.326530612244898,0.10204081632653061,46,0.021739130434782594,-18.61586956521739,2.1739130434782594,10.204081632653061,True
2a61c271b1ac763450d846849783e922,18,2013.1299999999999,SP,27.57611111111111,4.055555555555555,0.16666666666666666,17,0.2222222222222222,-5.800000000000001,22.22222222222222,16.666666666666664,False
2a6fbeaa7ab9e5d59a35841a8da71ce4,30,2392.11,SC,23.047333333333334,3.9310344827586206,0.16666666666666666,30,0.06666666666666665,-12.083,6.666666666666665,16.666666666666664,True
2a73cba571d90c694b7caca072ccf6ce,1,381.47999999999996,SP,38.7,5.0,0.0,1,1.0,0.72,100.0,0.0,False
2a7c6c0b0d5efde2bf75ec1e1cec2d41,3,192.04,PR,14.813333333333333,3.3333333333333335,0.3333333333333333,3,0.0,-14.453333333333333,0.0,33.33333333333333,False
2a7dc43cecabf23403078e2188437d1d,50,5567.4,SP,16.0876,4.18,0.1,50,0.07999999999999996,-9.1554,7.9999999999999964,10.0,True
2a84855fd20af891be03bc5924d2b453,163,19338.54,MG,21.143190184049082,4.248447204968944,0.11042944785276074,154,0.03246753246753242,-11.667662337662337,3.2467532467532423,11.042944785276074,True
2aa3443d7bf9d9bb11133f420d75e083,10,781.12,RJ,13.412,3.0,0.4,10,0.19999999999999996,-8.218,19.999999999999996,40.0,False
2aafae69bf4c41fbd94053d9413e87ee,1,77.34,RS,18.34,5.0,0.0,1,0.0,-37.53,0.0,0.0,False
2addf05f476d0637864454e93ba673d5,12,4877.64,DF,27.136666666666667,5.0,0.0,12,0.0,-14.368333333333334,0.0,0.0,False
2b03ac196f5ed62ac483960fe0fa3b65,7,935.19,SP,13.155714285714286,4.142857142857143,0.14285714285714285,7,0.1428571428571429,-8.814285714285715,14.28571428571429,14.285714285714285,False
2b1a40c1daabc6ca280c4b815c101841,23,14634.880000000001,MG,82.70782608695652,3.6956521739130435,0.21739130434782608,22,0.045454545454545414,-13.52090909090909,4.545454545454541,21.73913043478261,False
2b2fed75b8e5ea3a052fc4c0825da485,3,570.83,MG,19.976666666666667,5.0,0.0,3,0.0,-19.63,0.0,0.0,False
2b3b9ce054da76a7428df143a567b156,4,432.74,SP,17.037499999999998,3.5,0.25,4,0.0,-13.795000000000002,0.0,25.0,False
2b3e4a2a3ea8e01938cabda2a3e5cc79,52,24996.98,SP,18.51826923076923,4.365384615384615,0.07692307692307693,52,0.0,-11.205576923076924,0.0,7.6923076923076925,True
2b402d5dc42554061f8ea98d1916f148,1,363.78999999999996,BA,63.9,5.0,0.0,1,0.0,-24.32,0.0,0.0,False
2b5ed0c9139dae8883a200dfcb272ece,4,144.75,SP,14.835,4.25,0.0,4,0.25,-4.532500000000001,25.0,0.0,False
2ba91c7ad80ff88b23b7db823b43c233,6,840.33,SP,16.655,3.8333333333333335,0.16666666666666666,6,0.33333333333333337,-2.5166666666666666,33.333333333333336,16.666666666666664,False
2bd05d410a8fd26dc4184a15f4f2f588,6,1515.27,MG,33.089999999999996,5.0,0.0,6,0.0,-18.398333333333333,0.0,0.0,False
2bdb95a56a36ebbc6640337ac5eac174,1,107.9,SP,18.0,5.0,0.0,1,0.0,-33.23,0.0,0.0,False
2be17df1c49978426251562096c3cc09,16,2507.01,SC,20.19125,4.1875,0.0625,16,0.0625,-15.445625,6.25,6.25,False
2bf28e311bba65237358230cabac3f15,7,477.88,PR,26.268571428571427,3.7142857142857144,0.2857142857142857,7,0.2857142857142857,-10.315714285714288,28.57142857142857,28.57142857142857,False
2bf6a2c1e71bbd29a4ad64e6d3c3629f,30,51629.49,RJ,33.353,4.166666666666667,0.13333333333333333,30,0.09999999999999998,-13.774666666666667,9.999999999999998,13.333333333333334,True
2c00c85d30361cd2ced2969cffbbffa3,1,57.51,MG,7.71,5.0,0.0,1,0.0,-7.31,0.0,0.0,False
2c2c9832d1bb38c5b0034a3b47d313ee,1,68.35,RS,18.45,3.0,0.0,1,0.0,-13.46,0.0,0.0,False
2c3d56f92f360fb89d849b84e8f50eae,8,590.4399999999999,SP,15.605,3.125,0.5,7,0.2857142857142857,-4.672857142857143,28.57142857142857,50.0,False
2c43fb513632d29b3b58df74816f1b06,3,930.17,MG,24.05666666666667,3.6666666666666665,0.3333333333333333,3,0.0,-15.93,0.0,33.33333333333333,False
2c4c47cb51acd5ea5db5e0ae0e26542a,12,2942.92,SP,28.919166666666666,4.666666666666667,0.0,12,0.0,-13.2475,0.0,0.0,False
2c538755f1ca9540af144f266e70df6c,1,359.91,MG,24.92,5.0,0.0,1,0.0,-16.14,0.0,0.0,False
2c54051840f19eca309a5423cf22df36,2,52.269999999999996,PR,14.285,4.5,0.0,2,0.0,-13.845,0.0,0.0,False
2c9005d8043aff18b8557ffb7b13cda4,1,129.64000000000001,ES,19.74,5.0,0.0,1,0.0,-7.27,0.0,0.0,False
2c9e548be18521d1c43cde1c582c6de8,126,8680.39,SP,19.967936507936507,4.112903225806452,0.1349206349206349,124,0.16129032258064513,-5.926209677419355,16.129032258064512,13.492063492063492,True
2cb4700db635baa1c0d4f90ed27b6669,2,228.72000000000003,PR,14.46,2.0,0.5,2,0.0,-28.49,0.0,50.0,False
2cb6eb1b7185064167657fa09f541105,6,1382.68,MG,27.463333333333335,4.333333333333333,0.16666666666666666,6,0.0,-10.948333333333332,0.0,16.666666666666664,False
2cb98e27ce1c18abdb42209b34c382a7,1,119.7,SP,57.21,4.0,0.0,1,0.0,-15.33,0.0,0.0,False
2d20f1cd18725c91147da0791d498022,1,119.69,PR,19.89,5.0,0.0,1,0.0,-7.46,0.0,0.0,False
2d22fc3089eb907b29ebff50581fb472,3,377.39,RJ,19.896666666666665,3.6666666666666665,0.0,3,0.0,-9.993333333333334,0.0,0.0,False
2d2322d842118867781fc737e96d59a1,8,281.37,SP,13.12125,4.875,0.0,8,0.125,-5.93625,12.5,0.0,False
2d2c62bef4c8ba0dd74e0e228e808539,16,4230.4800000000005,SP,30.0925,4.125,0.1875,16,0.125,-8.58125,12.5,18.75,False
2d34636518ba88f5349b732fcf8ba2e4,1,168.63,SP,18.63,5.0,0.0,1,0.0,-27.32,0.0,0.0,False
2d378dbb39815785238c0139c7647fb7,2,1454.44,SC,150.22,5.0,0.0,2,0.0,-17.25,0.0,0.0,False
2d42ebcda99fd55f6f4bc2f1ca035d50,10,1203.97,GO,28.247000000000003,4.3,0.1,10,0.0,-13.106,0.0,10.0,False
2d50d6282f8aa2257819a77bfaa0efe0,42,4298.38,SP,19.621190476190478,3.8095238095238093,0.19047619047619047,40,0.15000000000000002,-9.291,15.000000000000002,19.047619047619047,True
2d518637f53161b973e01f56ea4bb88e,13,1539.6999999999998,SP,24.60076923076923,4.923076923076923,0.0,13,0.0,-20.828461538461536,0.0,0.0,False
2d8cfba3fcd3170555941605edaa196a,1,55.96,SP,10.96,5.0,0.0,1,0.0,-13.56,0.0,0.0,False
2d9e8987a2ea5cf88dce330249043ff1,2,344.17,SP,52.185,4.5,0.0,2,0.0,-4.7749999999999995,0.0,0.0,False
2dcf93836ae3ce0d7c93e2f10876467a,9,1675.83,SP,21.34222222222222,4.111111111111111,0.1111111111111111,9,0.2222222222222222,-7.864444444444445,22.22222222222222,11.11111111111111,False
2dd1fb6f0e42a2243b8a01e40cd41216,4,942.73,PR,24.21,3.0,0.5,3,0.0,-15.25,0.0,50.0,False
2dee2ce60de9709b1a24083217181a1f,54,9844.56,MT,38.14925925925926,4.425925925925926,0.05555555555555555,54,0.01851851851851849,-16.77777777777778,1.851851851851849,5.555555555555555,True
2e0dba2da448400b1c11d7b4b22f32a4,7,407.70000000000005,SP,24.54714285714286,3.142857142857143,0.42857142857142855,7,0.0,-15.46142857142857,0.0,42.857142857142854,False
2e13c71026e1a39ba5cc1b86dcb679aa,23,4211.8,SP,21.51304347826087,4.521739130434782,0.08695652173913043,23,0.08695652173913049,-11.893478260869566,8.695652173913048,8.695652173913043,False
2e1a7d075abe038c1b2743005fe42ff1,18,1630.3300000000002,SP,17.412777777777777,4.222222222222222,0.16666666666666666,17,0.17647058823529416,-6.542941176470588,17.647058823529417,16.666666666666664,False
2e1c9f22be269ef4643f826c9e650a52,166,15111.27,SP,14.603493975903614,4.184049079754601,0.12650602409638553,160,0.06874999999999998,-9.711937500000001,6.874999999999998,12.650602409638553,True
2e2f44824ab87a0cb961f68bf4073e7f,1,65.93,PR,17.93,2.0,1.0,1,0.0,-9.16,0.0,100.0,False
2e3be8a987a30d7544dbbda6861cc14e,18,4777.55,MG,19.26166666666667,3.1666666666666665,0.3333333333333333,14,0.0714285714285714,-10.530000000000001,7.14285714285714,33.33333333333333,False
2e7ea2aafec5835e781b21d6d1faf1f1,7,646.62,SP,16.888571428571428,4.5,0.0,7,0.1428571428571429,-4.55,14.28571428571429,0.0,False
2e90cb1677d35cfe24eef47d441b7c87,126,16763.27,SP,22.883809523809525,4.111111111111111,0.14285714285714285,126,0.13492063492063489,-9.725476190476192,13.492063492063489,14.285714285714285,True
2ea0861cc19e94cad86438c984c52da4,5,204.57,SP,9.754,3.8,0.0,5,0.0,-7.984,0.0,0.0,False
2eb70248d66e0e3ef83659f71b244378,201,45779.9,SP,15.882039800995024,2.685279187817259,0.4925373134328358,186,0.13978494623655913,-9.268870967741936,13.978494623655912,49.25373134328358,True
2ec6e37d992a95eaddb3369dcbcc76d9,1,97.03,RS,17.13,1.0,1.0,1,0.0,-19.3,0.0,100.0,False
2ee0a0689f2f6a72f35a7cb6033f6e7e,4,324.84000000000003,SP,13.21,4.0,0.0,4,0.0,-11.2325,0.0,0.0,False
2eeb6531ee027a48d401e72bebdd87d3,3,78.7,SP,13.333333333333334,4.333333333333333,0.0,3,0.0,-26.66,0.0,0.0,False
2ef086a599b597572aca4433b7ed6b3d,1,64.1,SC,15.1,5.0,0.0,1,0.0,-14.45,0.0,0.0,False
2f09f7d37a97956d11cc1a7cadd5262b,10,2385.11,SP,44.510999999999996,2.9,0.5,6,0.16666666666666663,-10.276666666666666,16.666666666666664,50.0,False
2f1e7b90e01d9f086cbcb301c0c3d406,1,71.66,SC,12.66,5.0,0.0,1,0.0,-9.93,0.0,0.0,False
2f3d8b4c9e2ee165075331fea3f3095a,1,147.35,SC,17.35,5.0,0.0,1,0.0,-14.21,0.0,0.0,False
2f4b0d3b9634b647d4edee577d7ebb7e,10,422.31,SP,8.440999999999999,4.9,0.0,10,0.0,-7.7299999999999995,0.0,0.0,False
2f4b9d112bfa44a214bc6cef085d17c8,5,413.26000000000005,ES,23.854000000000003,4.4,0.0,5,0.0,-24.652,0.0,0.0,False
2f73e04d12cdf0c945ded66bb3fcf6c7,3,1460.85,ES,33.949999999999996,3.3333333333333335,0.3333333333333333,3,0.0,-17.31,0.0,33.33333333333333,False
2f74af7a0ee5636f12c2336f9fffed47,13,724.4699999999999,SP,12.597692307692306,4.3076923076923075,0.07692307692307693,13,0.0,-8.051538461538462,0.0,7.6923076923076925,False
2f9b7ce230a057a98a9f5df5893ee36c,2,171.85000000000002,SP,15.015,4.5,0.0,2,0.0,-5.98,0.0,0.0,False
2fa13c8bd5705d279f7ed5cc9ec61c68,2,148.7,SP,30.65,5.0,0.0,2,0.0,-8.335,0.0,0.0,False
2fb25ab44bdbeae6a4d816e0d0c9d500,5,761.29,RJ,15.642000000000001,4.8,0.0,5,0.0,-18.226000000000003,0.0,0.0,False
2fdde51ad3e12f297da656d4fbd5d0b5,10,6874.14,SC,62.214,4.7,0.0,9,0.0,-17.334444444444443,0.0,0.0,False
2ff6b7bff164ef05590a52734e1296da,7,1955.1200000000001,PR,21.647142857142857,4.714285714285714,0.0,7,0.0,-14.39,0.0,0.0,False
2ff97219cb8622eaf3cd89b7d9c09824,88,5868.19,SP,15.847613636363635,4.5227272727272725,0.03409090909090909,86,0.05813953488372092,-8.800697674418604,5.813953488372093,3.4090909090909087,True
3076499bbc033a927bf4a8a41bcf7fd4,6,429.21999999999997,SP,19.965,4.166666666666667,0.16666666666666666,6,0.0,-8.893333333333333,0.0,16.666666666666664,False
3078096983cf766a32a06257648502d1,59,9700.9,SP,23.991186440677968,4.203389830508475,0.13559322033898305,56,0.0535714285714286,-11.783928571428572,5.35714285714286,13.559322033898304,True
30829ded4523ab9224b93bc49a62c95f,18,7549.71,RS,35.44444444444444,3.7777777777777777,0.2222222222222222,18,0.05555555555555558,-17.022222222222222,5.555555555555558,22.22222222222222,False
3092c0b297aacfb4bb6e056ebe13b9b8,18,2145.03,SP,20.057777777777776,3.7222222222222223,0.2222222222222222,15,0.0,-26.365333333333336,0.0,22.22222222222222,False
30a2f535bb48308f991d0b9ad4a8c4bb,67,5610.75,SP,15.882835820895524,4.432835820895522,0.08955223880597014,67,0.02985074626865669,-12.010746268656717,2.985074626865669,8.955223880597014,True
30a81d8cf85fb2ada1b1b094c9583a95,17,1413.52,SP,9.888235294117647,4.823529411764706,0.0,17,0.0,-7.611764705882353,0.0,0.0,False
30c7f28fd3a5897b2c82d152bb760c17,7,2503.16,RJ,46.41285714285715,1.6666666666666667,0.5714285714285714,6,0.5,-1.805,50.0,57.14285714285714,False
312ba1d77e9c332ef21f9598b7f64cd7,9,888.05,SP,14.672222222222224,2.7777777777777777,0.5555555555555556,7,0.5714285714285714,5.444285714285714,57.14285714285714,55.55555555555556,False
31344c16881c08a8a72c6d2eb29918c1,42,12054.81,MG,55.23833333333334,4.428571428571429,0.09523809523809523,41,0.04878048780487809,-9.52,4.878048780487809,9.523809523809524,True
31561f325664a8a7aba4c8d0c3a9b3db,36,3405.92,SP,17.49277777777778,4.638888888888889,0.027777777777777776,36,0.02777777777777779,-8.799722222222222,2.777777777777779,2.7777777777777777,True
318f287a62ab7ac10b703ac37435a231,52,3634.6,SP,21.483076923076922,3.8653846153846154,0.21153846153846154,51,0.0980392156862745,-9.191372549019608,9.80392156862745,21.153846153846153,True
31ae0774c17fabd06ff707cc5bde005f,11,7570.67,SP,77.34727272727274,4.0,0.18181818181818182,11,0.09090909090909094,-11.69909090909091,9.090909090909093,18.181818181818183,False
31be790e64fc99f8ff48ec2bd18a3104,6,313.68,SP,12.046666666666667,4.333333333333333,0.0,6,0.33333333333333337,-2.1683333333333334,33.333333333333336,0.0,False
31da954dc0855f2495c6310f70a2f931,28,4716.58,SP,15.449285714285713,4.321428571428571,0.07142857142857142,28,0.1071428571428571,-9.7675,10.71428571428571,7.142857142857142,False
31e60bf8d103ce47932a85f5562deb16,1,239.04,GO,58.04,5.0,0.0,1,0.0,-19.87,0.0,0.0,False
31eec405c9bb71dec8e2629a92e764fa,5,427.13,ES,34.048,4.6,0.0,5,0.0,-13.675999999999998,0.0,0.0,False
323ce52b5b81df2cd804b017b7f09aa7,30,2955.67,SP,13.382333333333333,4.310344827586207,0.1,29,0.1724137931034483,-4.942413793103449,17.24137931034483,10.0,True
324583d68897f5ddbaf38f6248322176,1,86.2,SP,30.2,1.0,1.0,1,1.0,11.98,100.0,100.0,False
325f3178fb58e2a9778334621eecdbf9,33,1386.51,SP,13.896363636363636,4.575757575757576,0.06060606060606061,33,0.0,-10.726060606060605,0.0,6.0606060606060606,True
327b89b872c14d1c0be7235ef4871685,3,1258.8,AM,27.266666666666666,2.3333333333333335,0.6666666666666666,3,0.6666666666666667,9.346666666666666,66.66666666666667,66.66666666666666,False
3289d8c3eef4873f91ce0b1343c0dd58,1,219.27,SP,19.28,5.0,0.0,1,0.0,-19.39,0.0,0.0,False
328acb143b4a73aad6bee8e734f5d20d,2,734.75,PR,17.384999999999998,4.0,0.0,2,0.0,-16.345,0.0,0.0,False
3296662b1331dea51e744505065ae889,1,545.51,SP,27.71,5.0,0.0,1,0.0,-10.07,0.0,0.0,False
32b8764b4ef628b53608fc34011fcc13,36,12000.16,SC,84.19888888888889,4.194444444444445,0.05555555555555555,36,0.08333333333333337,-13.91638888888889,8.333333333333337,5.555555555555555,True
32e5635e63cb374eb63afdd242fb6134,1,927.82,RJ,17.82,5.0,0.0,1,0.0,-4.8,0.0,0.0,False
32f1bb9dfa65bc7df5c0d9d95a616be4,5,332.17,SP,11.156,4.0,0.2,4,0.25,-6.0725,25.0,20.0,False
32f83ffe11cd40f7adcf4eef171f52d9,1,45.089999999999996,RS,15.1,5.0,0.0,1,0.0,-14.87,0.0,0.0,False
32fdd5d44ecb43dfd6a24b9369eca144,8,617.88,MG,17.335,4.375,0.0,8,0.0,-16.20375,0.0,0.0,False
3338e7a0710a195872be80e0d2423867,1,65.43,SP,20.43,1.0,1.0,0,,,,100.0,False
333c4210e76a1aa2ab817b99437e3ff1,2,402.42999999999995,SP,33.715,5.0,0.0,2,0.0,-22.705000000000002,0.0,0.0,False
3340ef1913fb70d28420f6ceb685c339,32,7547.16,PR,24.2878125,4.375,0.0625,32,0.09375,-9.0503125,9.375,6.25,True
334cab711dee080b079fa5779b584783,11,1681.1399999999999,SP,32.91272727272727,4.909090909090909,0.0,11,0.0,-12.692727272727273,0.0,0.0,False
33576ec5412fb5905d876f12f33bfde6,31,3287.98,PR,18.386451612903226,4.096774193548387,0.0967741935483871,31,0.032258064516129004,-16.37483870967742,3.2258064516129004,9.67741935483871,True
3361277dc30b7cccdb0c286b24219756,29,4540.9,PR,21.925862068965518,4.344827586206897,0.06896551724137931,29,0.06896551724137934,-15.281379310344827,6.896551724137934,6.896551724137931,False
3364a91ec4d56c98e44174de954b94f6,6,3932.1400000000003,RO,50.38333333333333,3.8333333333333335,0.3333333333333333,6,0.0,-25.49666666666667,0.0,33.33333333333333,False
33a17d60c64393351ebf1ef860f4e0f2,43,9528.64,RS,30.492093023255816,4.627906976744186,0.023255813953488372,43,0.023255813953488413,-14.883953488372093,2.3255813953488413,2.3255813953488373,True
33a6f4b1e7cdc205511e76ba1b6e0186,102,11962.74,SP,18.016960784313724,4.431372549019608,0.0784313725490196,102,0.019607843137254943,-12.395980392156863,1.9607843137254943,7.8431372549019605,True
33ab10be054370c254ddfcf0a6253422,4,265.53,RJ,13.0825,5.0,0.0,4,0.0,-8.355,0.0,0.0,False
33ac3e28642ab8bda860a2f693000e78,33,4041.83,SP,14.718181818181819,4.303030303030303,0.09090909090909091,33,0.0,-12.464545454545455,0.0,9.090909090909092,True
33c51922b6e3c16b24a8f28e5833c99d,18,7025.88,PR,20.445,4.235294117647059,0.1111111111111111,18,0.05555555555555558,-12.96,5.555555555555558,11.11111111111111,False
33cbbec1e7e1044aaf11d152172c776f,15,1129.5,RS,26.588666666666665,4.733333333333333,0.0,15,0.0,-15.527333333333333,0.0,0.0,False
33cbda8716511e27e556dff9d8418bf2,5,615.57,SC,21.634,4.8,0.0,5,0.0,-18.928,0.0,0.0,False
33d677f27a69b84051204ee4ae76eaca,9,338.49,SC,19.276666666666667,4.555555555555555,0.1111111111111111,9,0.0,-19.41111111111111,0.0,11.11111111111111,False
33dd941c27854f7625b968cc6195a552,5,7168.41,ES,76.182,4.4,0.2,5,0.0,-18.948,0.0,20.0,False
33fd411ed63a7c2f9005e3f065d9f85d,1,43.129999999999995,RS,18.23,4.0,0.0,1,0.0,-24.37,0.0,0.0,False
34056b8b55c1775a22af2331670a799c,78,8229.89,SP,22.749871794871794,4.0,0.15384615384615385,77,0.11688311688311692,-10.198571428571428,11.688311688311693,15.384615384615385,True
340636a908b13bbe0f4fb63fbe1d0c03,5,993.1500000000001,SP,33.99,3.4,0.4,3,0.0,-9.193333333333333,0.0,40.0,False
343e716476e3748b069f980efbaa294e,17,1234.7,SP,18.358823529411765,4.3125,0.11764705882352941,16,0.0625,-11.565625,6.25,11.76470588235294,False
3442033154be05bac582e173ef54fd12,1,169.39,SP,8.39,5.0,0.0,1,0.0,-2.18,0.0,0.0,False
344223b2a90784f64136a8a5da012e7f,1,27.689999999999998,SC,16.79,2.0,1.0,1,1.0,0.55,100.0,100.0,False
3442f8959a84dea7ee197c632cb2df15,2,233.38,SP,12.74,3.0,0.5,2,0.5,1.19,50.0,50.0,False
34675b28b826facfde119785bf287dc1,1,37.089999999999996,PR,15.1,4.0,0.0,1,0.0,-15.13,0.0,0.0,False
3481aa57cd91f9f9d3fa1fa12d9a3bf7,25,2584.7999999999997,SP,31.178800000000003,3.88,0.2,25,0.0,-16.2944,0.0,20.0,False
3492e68f37fd1df87f4f2f2ea247f445,8,957.26,SP,21.175,3.875,0.25,8,0.125,-7.89875,12.5,25.0,False
34a557286ead8fe75c989e0afcf7d98c,4,473.46000000000004,SP,14.64,4.75,0.0,4,0.0,-10.462499999999999,0.0,0.0,False
34aefe746cd81b7f3b23253ea28bef39,1,22.52,PR,14.52,1.0,1.0,0,,,,100.0,False
34d1ca11b242c0fee2c834ae8d788566,40,14404.28,MG,24.551,4.333333333333333,0.05,40,0.0,-13.209,0.0,5.0,True
34f563c82a85b99ae9e6d60db5fc2e28,7,2259.3,RS,20.985714285714288,4.714285714285714,0.0,7,0.0,-11.59142857142857,0.0,0.0,False
3504c0cb71d7fa48d967e0e4c94d59d9,53,3050.26,SP,13.026792452830188,4.415094339622642,0.03773584905660377,53,0.0,-10.03754716981132,0.0,3.7735849056603774,True
35281d148dcf7134bae913c57db4e6da,1,137.01999999999998,SP,17.03,5.0,0.0,1,0.0,-21.91,0.0,0.0,False
353e21e8bf8de2722b4fae1636664b76,3,234.82999999999998,RS,17.61,3.0,0.3333333333333333,3,0.0,-15.713333333333333,0.0,33.33333333333333,False
35857757f553273b1056c1cabdace7fb,6,573.34,SP,19.790000000000003,4.0,0.16666666666666666,6,0.33333333333333337,-5.093333333333334,33.333333333333336,16.666666666666664,False
3586b8580d9c917874e053a1bb37b5ff,36,2352.35,SP,22.990277777777777,4.416666666666667,0.05555555555555555,36,0.02777777777777779,-17.167777777777776,2.777777777777779,5.555555555555555,True
35b96509602ec4b7da831b5cd73ff2c2,2,606.45,RS,23.775,4.5,0.0,2,0.0,-13.274999999999999,0.0,0.0,False
35ef5aa32949680f627efec3c23e705c,3,412.33,SC,34.843333333333334,4.666666666666667,0.0,3,0.0,-14.78,0.0,0.0,False
35fb511489d9ee3ee27a76debce9df06,7,586.79,PR,24.612857142857145,3.5714285714285716,0.14285714285714285,7,0.1428571428571429,-9.935714285714285,14.28571428571429,14.285714285714285,False
3606774ec64634822d78dc2db6d37045,2,345.20000000000005,SP,22.700000000000003,3.0,0.5,1,0.0,-34.2,0.0,50.0,False
365e445f796710c3431557e85caa25db,4,1194.3,SP,19.825,4.5,0.0,4,0.0,-17.4525,0.0,0.0,False
365e4bce19bda0082c3d15d83fdb8bcd,6,895.02,SP,16.436666666666667,4.666666666666667,0.0,6,0.0,-11.981666666666667,0.0,0.0,False
36890be00bbfc1cdb9a4a38a6af05a69,13,1600.88,SP,18.429230769230767,4.230769230769231,0.15384615384615385,13,0.23076923076923073,-10.896153846153847,23.076923076923073,15.384615384615385,False
36a968b544695394e4e9d7572688598f,152,11600.84,SP,14.103486842105264,3.638157894736842,0.24342105263157895,146,0.047945205479452024,-11.623424657534246,4.794520547945202,24.342105263157894,True
36f98ad67cc981f50ce8aed093d5783c,2,158.62,PR,19.61,4.0,0.0,2,0.0,-13.165,0.0,0.0,False
37303482a42fb700d8d127e70a9cd6c8,2,171.38,SP,11.245000000000001,3.0,0.5,1,0.0,-14.33,0.0,50.0,False
373ee4a3a775a733770ca3f790b8b9ac,13,2431.81,RJ,22.33230769230769,3.923076923076923,0.23076923076923078,13,0.07692307692307687,-10.789230769230768,7.692307692307687,23.076923076923077,False
37515688008a7a40ac93e3b2e4ab203f,223,9292.12,SP,15.241793721973094,4.113122171945701,0.1031390134529148,222,0.10360360360360366,-7.115135135135135,10.360360360360366,10.31390134529148,True
376a891762bbdecbc02b4b6adec3fdda,57,7693.63,GO,22.585964912280705,4.666666666666667,0.017543859649122806,57,0.03508771929824561,-14.427368421052632,3.508771929824561,1.7543859649122806,True
376d67b61dce0c990155286e7ae486a4,1,111.91,SP,17.91,4.0,0.0,1,0.0,-4.01,0.0,0.0,False
3771c85bac139d2344864ede5d9341e3,26,1842.26,SP,15.72923076923077,3.8461538461538463,0.23076923076923078,26,0.15384615384615385,-7.010769230769231,15.384615384615385,23.076923076923077,False
377bc18334c78dd2f1535ef22a3ad225,1,224.44,PR,88.46,5.0,0.0,1,0.0,-12.24,0.0,0.0,False
3785b653b1b82de85ab47dd139938091,20,1927.92,PR,23.196,4.7,0.0,20,0.0,-17.3,0.0,0.0,False
37be5a7c751166fbc5f8ccba4119e043,272,61433.88,SP,22.36518382352941,4.3283582089552235,0.08823529411764706,269,0.026022304832713727,-12.758661710037174,2.6022304832713727,8.823529411764707,True
37ceb404da208418c9032f0674e57804,1,274.11,SP,69.17999999999999,1.0,1.0,0,,,,100.0,False
37dd29b36c458d82f74a953c40c43645,7,5016.43,SP,68.49142857142857,3.857142857142857,0.2857142857142857,7,0.1428571428571429,-9.70142857142857,14.28571428571429,28.57142857142857,False
38102b031c2a15e54623d711bfc753d3,7,694.5,CE,45.07142857142857,3.857142857142857,0.14285714285714285,6,0.0,-11.816666666666668,0.0,14.285714285714285,False
381c83fdca332ea6afd896da20bf6e4a,46,8355.01,PR,21.72195652173913,4.391304347826087,0.08695652173913043,46,0.04347826086956519,-15.09695652173913,4.347826086956519,8.695652173913043,True
3820c6537b3853be1a0687d5a60807ec,1,35.96,SP,10.96,,0.0,0,,,,0.0,False
382229d1e840115ffe3dbf5ff460e417,45,4915.36,RJ,19.07333333333333,4.2,0.13333333333333333,44,0.11363636363636365,-9.889318181818181,11.363636363636365,13.333333333333334,True
385799a1cddbd26dfeb9157356a42282,5,716.54,SP,16.522,4.0,0.2,4,0.0,-12.9925,0.0,20.0,False
38874e327ce94d11390b96eb42d61928,6,4158.43,SP,63.08166666666667,4.0,0.0,6,0.16666666666666663,-10.998333333333333,16.666666666666664,0.0,False
389e45560e33d2d0747f949dcddbc08e,1,47.43,SP,8.43,5.0,0.0,1,0.0,-6.13,0.0,0.0,False
38af8acfd46ac4a7bf754e8ca6736664,5,397.94,SP,10.588,4.8,0.0,5,0.0,-13.404,0.0,0.0,False
38e679b9e0064cd94c6f035707344dae,28,4418.099999999999,PR,25.8425,4.0,0.17857142857142858,27,0.03703703703703709,-16.275185185185187,3.703703703703709,17.857142857142858,False
38e6dada03429a47197d5d584d793b41,7,803.05,SP,29.55857142857143,4.428571428571429,0.14285714285714285,7,0.1428571428571429,-10.428571428571429,14.28571428571429,14.285714285714285,False
38f276ca6e7cc95a6d1bb55ac9e5550f,1,36.839999999999996,SP,11.85,5.0,0.0,1,0.0,-13.04,0.0,0.0,False
3903c788ded8dc03b5ebab37a2f3e9a1,4,151.68,SP,10.924999999999999,4.25,0.0,4,0.25,-2.5275,25.0,0.0,False
391bbd13b6452244774beff1824006ed,2,163.2,SP,17.7,1.0,1.0,1,1.0,24.03,100.0,100.0,False
391fc6631aebcf3004804e51b40bcf1e,506,49460.64,SP,19.719525691699605,4.051587301587301,0.1442687747035573,501,0.10578842315369263,-10.527744510978042,10.578842315369263,14.42687747035573,True
392353362d22cc2c236e1ee81ff19890,5,541.19,SC,40.518,4.6,0.0,5,0.0,-14.895999999999997,0.0,0.0,False
392e0502231ae2f8b29994ef6398cd77,20,2227.59,SP,17.7945,4.157894736842105,0.1,17,0.11764705882352944,-7.351176470588236,11.764705882352944,10.0,False
392f7f2c797e4dc077e4311bde2ab8ce,2,88.56,RN,18.28,5.0,0.0,2,0.0,-7.04,0.0,0.0,False
3935fe5fe0f82787a9dcb8deb62be09d,16,2101.35,SP,26.228749999999998,4.0,0.0625,16,0.125,-9.94875,12.5,6.25,False
3968920b9aa752ab98f7d5888c9252f2,7,597.5,SP,20.885714285714283,4.285714285714286,0.14285714285714285,7,0.1428571428571429,-11.491428571428571,14.28571428571429,14.285714285714285,False
3969863bb8af7f72580b3b1ffd3a17b3,10,679.68,SP,15.142,4.3,0.0,10,0.0,-10.807,0.0,0.0,False
397c4d0c005b6f41f90098ac724e28cb,5,8622.37,SP,89.074,4.4,0.0,5,0.4,-5.19,40.0,0.0,False
3985a3c45be355a4c57fde108bfabd1c,7,516.2,RS,24.571428571428573,4.0,0.14285714285714285,7,0.0,-17.122857142857143,0.0,14.285714285714285,False
3986c0b54f6b748b75e7bd4e092aa3e5,1,40.269999999999996,PR,15.28,5.0,0.0,1,0.0,-11.05,0.0,0.0,False
398cb257329ef7af7f1943a8974a3cbc,1,161.37,BA,15.47,5.0,0.0,1,0.0,-17.5,0.0,0.0,False
39a5005f2605cbdb4f9ac14485cabfd1,3,733.66,SP,77.52999999999999,5.0,0.0,3,0.0,-17.116666666666667,0.0,0.0,False
39c763cca83e654764b7a4a650fb9b7c,11,984.21,GO,20.291818181818183,3.8181818181818183,0.2727272727272727,11,0.18181818181818177,-6.157272727272726,18.181818181818176,27.27272727272727,False
39d54ff918774174706fb065d7f9dc07,22,1986.39,SP,16.486363636363635,4.0,0.22727272727272727,21,0.1428571428571429,-11.280952380952382,14.28571428571429,22.727272727272727,False
39d61be7a92eb77b7da367bd4845bc0e,7,909.62,SP,29.861428571428572,4.0,0.14285714285714285,7,0.0,-10.814285714285715,0.0,14.285714285714285,False
39f776d2974049026ff531fc42ef2a3e,3,1174.4099999999999,GO,30.123333333333335,3.6666666666666665,0.3333333333333333,3,0.0,-18.633333333333336,0.0,33.33333333333333,False
3a1a1fec38dd360f15fc912e821e169d,15,2478.6099999999997,SP,27.015333333333334,3.8666666666666667,0.2,15,0.2666666666666667,-4.501333333333333,26.66666666666667,20.0,False
3a3c180dd702a725bd0ba4117689239e,1,77.38,PR,35.48,4.0,0.0,1,0.0,-6.33,0.0,0.0,False
3a3e46d10f74d8a6ca76e2b538f106a0,3,409.98,SP,25.026666666666667,3.3333333333333335,0.3333333333333333,2,0.5,-12.205,50.0,33.33333333333333,False
3a4127e1ba7208ea37044c5092aae170,6,2310.95,SP,15.225,3.5,0.3333333333333333,5,0.0,-12.982,0.0,33.33333333333333,False
3a490ba60afa30ece0e7d50cfe74a4f0,8,1695.0700000000002,MG,20.73375,4.625,0.0,8,0.0,-12.2475,0.0,0.0,False
3a52d63a8f9daf5a28f3626d7eb9bd28,1,52.78,SP,17.78,1.0,1.0,1,0.0,-40.3,0.0,100.0,False
3a734b715d333a2588a3d54a0c9b8746,17,2761.52,SP,21.58823529411765,4.0,0.17647058823529413,14,0.0714285714285714,-11.147857142857143,7.14285714285714,17.647058823529413,False
3a79f35a2344ede41af21267f61d5ec6,1,291.49,SP,66.59,1.0,1.0,1,0.0,-7.16,0.0,100.0,False
3aa3c89ae3cd482385568be76120f63c,1,48.94,GO,19.04,4.0,0.0,1,0.0,-7.23,0.0,0.0,False
3ab971ce71839580d2ae5b4e40fe8044,36,5899.05,SP,24.893055555555556,3.911764705882353,0.19444444444444445,35,0.08571428571428574,-11.374571428571429,8.571428571428575,19.444444444444446,True
3ac588cd562971392504a9e17130c40b,1,19.29,SP,7.39,5.0,0.0,1,0.0,-5.03,0.0,0.0,False
3ade81dab5a172b88e1871c28ae05260,30,7335.59,SP,52.03633333333333,4.0,0.2,28,0.1428571428571429,-9.507142857142856,14.28571428571429,20.0,True
3afc536624bc2e65bddfb5db33cc01f3,6,419.07,MG,17.845000000000002,3.5,0.3333333333333333,6,0.16666666666666663,-8.924999999999999,16.666666666666664,33.33333333333333,False
3b15288545f8928d3e65a8f949a28291,102,16593.2,SP,23.927352941176473,4.03960396039604,0.12745098039215685,99,0.07070707070707072,-10.555050505050506,7.070707070707072,12.745098039215685,True
3b18f9856c6eb2413eafedb58e9eecd9,1,335.09,SP,20.09,5.0,0.0,1,0.0,-16.17,0.0,0.0,False
3b872fd4747f01cc56206f2934198618,25,3843.11,SP,44.6548,3.88,0.16,25,0.16000000000000003,-8.7912,16.000000000000004,16.0,False
3bb32fedaa74e4ad20f4ce067733bd31,2,162.56,SC,29.43,4.5,0.0,2,0.0,-9.629999999999999,0.0,0.0,False
3bb548e3cb7f70f28e3f11ee9dce0e59,44,8665.81,PR,21.611363636363635,4.25,0.11363636363636363,44,0.0,-16.710454545454546,0.0,11.363636363636363,True
3bdff180c7e1f6551a643b99c265a120,59,4161.86,SP,17.745084745762714,4.086206896551724,0.13559322033898305,56,0.0535714285714286,-12.130892857142857,5.35714285714286,13.559322033898304,True
3be5841cdcc46de4ed3f9116f104b2c5,4,687.95,SP,22.0875,4.75,0.0,4,0.0,-25.225,0.0,0.0,False
3be634553519fb6536a03e1358e9fdc7,82,7161.14,SP,22.168170731707317,3.9634146341463414,0.17073170731707318,79,0.08860759493670889,-9.937974683544304,8.860759493670889,17.073170731707318,True
3bfad056cf05c00dabe2f895925d83b1,1,253.34999999999997,SP,46.7,1.0,1.0,0,,,,100.0,False
3bfba5a77604f6dfae7e6dd7aaf65821,4,2218.19,PR,30.6725,5.0,0.0,4,0.0,-7.987500000000001,0.0,0.0,False
3c010235b7345c92f125d14ee232a76b,15,4005.3199999999997,PR,28.488,4.666666666666667,0.0,15,0.0,-8.431999999999999,0.0,0.0,False
3c03b12bab54d8b37d79d914bfdb1aa0,36,4742.62,RJ,18.721111111111114,3.8,0.19444444444444445,36,0.16666666666666663,-8.17611111111111,16.666666666666664,19.444444444444446,True
3c3017960b2dbd72711a61f0400aab8f,10,1222.89,SC,25.409,4.0,0.2,9,0.0,-20.865555555555556,0.0,20.0,False
3c487ae8f8d7542beff5788e2e0aea83,30,10105.35,DF,23.988333333333333,4.2,0.1,30,0.033333333333333326,-10.329,3.3333333333333326,10.0,True
3c4e0452bff7a2a788179488d3d77032,32,4352.52,PR,18.94125,3.838709677419355,0.1875,32,0.03125,-14.6996875,3.125,18.75,True
3c7c4a49ec3c6550809089c6a2ca9370,138,5736.42,SP,12.606304347826088,3.6594202898550723,0.2826086956521739,136,0.08088235294117652,-8.516397058823529,8.088235294117652,28.26086956521739,True
3c88ed2e76a2247933a15daa7161eb1c,1,306.2,SP,151.2,5.0,0.0,1,0.0,-8.19,0.0,0.0,False
3ca08eeb8d5595949fed424bd3677742,14,2235.1,PR,33.30214285714286,4.428571428571429,0.07142857142857142,13,0.0,-13.673076923076923,0.0,7.142857142857142,False
3cfa1358a6caa965278721344c8d76f2,5,3221.5299999999997,SP,16.25,4.8,0.0,5,0.0,-15.212,0.0,0.0,False
3d01d1c414c44b5943a09619ff3853cb,5,569.01,SP,21.284,3.8,0.2,4,0.0,-13.15,0.0,20.0,False
3d0cd21d41671c46f82cd11176bf7277,9,694.78,SC,24.555555555555557,4.666666666666667,0.0,9,0.0,-12.324444444444445,0.0,0.0,False
3d2400ac620cffa23ac81bd192f7f555,1,113.9,SP,8.9,5.0,0.0,1,0.0,-0.08,0.0,0.0,False
3d2531eccfbde1d7c8db7a3a12fb267a,10,2212.6,MG,21.306,4.222222222222222,0.1,10,0.0,-13.241,0.0,10.0,False
3d290fe363c60a77498c1126fd3fb8d3,3,234.04,SP,11.686666666666667,4.333333333333333,0.0,3,0.0,-12.146666666666667,0.0,0.0,False
3d39fbf22a665714baf62fae36029e23,8,2634.83,SP,16.32875,4.75,0.0,8,0.0,-12.7,0.0,0.0,False
3d3ccf2b2f8134b10dce9dd446f0e075,3,750.53,SP,47.31,3.3333333333333335,0.3333333333333333,3,0.33333333333333337,-3.9566666666666674,33.333333333333336,33.33333333333333,False
3d4824f20035949c710eaf111f869d39,8,1274.27,SP,24.295,4.0,0.25,7,0.1428571428571429,-17.574285714285715,14.28571428571429,25.0,False
3d49bfdd1b43a7fe169b3740067acc61,3,276.82,MG,20.606666666666666,4.666666666666667,0.0,3,0.0,-19.540000000000003,0.0,0.0,False
3d4b1ae7539303b5704493798893e82c,6,1221.69,SP,24.281666666666666,4.833333333333333,0.0,6,0.0,-10.311666666666666,0.0,0.0,False
3d5d0dc7073a299e31fa718ce1bc00b6,23,1178.1299999999999,RJ,16.844782608695652,4.304347826086956,0.17391304347826086,21,0.09523809523809523,-13.044285714285715,9.523809523809524,17.391304347826086,False
3d621842b2ed28e2b474132480edac3c,10,1080.7,SP,15.178999999999998,3.9,0.2,8,0.0,-11.13375,0.0,20.0,False
3d62f86afa7c73be2628a3be1423f5a0,2,54.42,SP,21.21,4.0,0.0,2,0.0,-20.365000000000002,0.0,0.0,False
3d68c634a99a1ba46dbca3967a69c623,2,857.7,SC,131.85,5.0,0.0,2,0.0,-6.725,0.0,0.0,False
3d700782d7818f2c1e0d7a9e9d75fc00,3,235.11,SP,28.47,3.6666666666666665,0.3333333333333333,3,0.33333333333333337,-1.92,33.333333333333336,33.33333333333333,False
3d871de0142ce09b7081e2b9d1733cb1,1067,116801.48,SP,20.91253983130272,4.170454545454546,0.10871602624179943,1051,0.05994291151284492,-12.331179828734538,5.994291151284492,10.871602624179943,True
3d8fa2f5b647373c8620330c4e077a9f,43,4471.889999999999,SP,19.331627906976745,4.166666666666667,0.13953488372093023,42,0.023809523809523836,-10.793809523809525,2.3809523809523836,13.953488372093023,True
3da38366e7bd9baf6369071f782ecdf0,1,86.43,CE,26.96,1.0,1.0,1,1.0,6.92,100.0,100.0,False
3db66a856d18a9cba7c9241fc5221c50,94,11561.91,MG,21.95329787234043,4.202127659574468,0.10638297872340426,94,0.11702127659574468,-11.121702127659574,11.702127659574469,10.638297872340425,True
3dbbce181edfaa4a597ec858c382d2ec,17,1288.57,PR,25.898235294117647,4.235294117647059,0.11764705882352941,17,0.11764705882352944,-9.049999999999999,11.764705882352944,11.76470588235294,False
3dc69bf2c42f0568a5c4791ec3fd3745,2,334.43,SP,17.215,4.0,0.0,1,0.0,-0.14,0.0,0.0,False
3ded4e2d5f135cb103e5949d7263d2dd,1,62.379999999999995,MG,12.48,5.0,0.0,1,0.0,-16.2,0.0,0.0,False
3df020b72d3d44b3af9d110fa3940b65,55,6953.16,SP,32.552,4.054545454545455,0.14545454545454545,55,0.12727272727272732,-10.466545454545454,12.727272727272732,14.545454545454545,True
3dfd3dc96f7f8598eca74e9ac8a2fa31,6,296.23,SP,15.721666666666666,4.0,0.16666666666666666,6,0.16666666666666663,-9.631666666666666,16.666666666666664,16.666666666666664,False
3e35a8bb43569389d3cebef0ce820f69,1,84.67999999999999,SP,28.88,5.0,0.0,1,0.0,-9.26,0.0,0.0,False
3e46a38ee171c503c3b4a3f23fe3bf0c,1,69.00999999999999,SP,9.11,5.0,0.0,1,0.0,-8.26,0.0,0.0,False
3e51f9cbe317bc3a88f2c76583811ee4,1,84.78,SP,8.69,5.0,0.0,1,0.0,-5.11,0.0,0.0,False
3e8bd881d92466e63ba9e3e809cd3c50,9,2450.25,RJ,23.107777777777777,4.125,0.1111111111111111,8,0.375,-7.87,37.5,11.11111111111111,False
3ea00e1dea2b0659dbaf654735929220,7,649.97,PR,20.71,4.857142857142857,0.0,7,0.0,-19.62,0.0,0.0,False
3ea08c48e851106d2f584349daba335f,1,192.94,MG,22.94,4.0,0.0,1,0.0,-15.09,0.0,0.0,False
3ef37b7ca6dd2b80bd8af81a62504996,2,740.97,SP,20.485,4.5,0.0,2,0.0,-7.415,0.0,0.0,False
3f0e48d209018b466fcd3bb4ccfeb520,9,5654.8,PR,28.42222222222222,3.888888888888889,0.2222222222222222,9,0.0,-15.966666666666665,0.0,22.22222222222222,False
3f2af2670e104d1bcb54022274daeac5,6,1334.18,PR,60.09666666666667,3.3333333333333335,0.3333333333333333,6,0.16666666666666663,-18.849999999999998,16.666666666666664,33.33333333333333,False
3f3486b61f45078d4f31ee5e43d8c5bb,40,4726.57,SP,22.421,4.325,0.075,39,0.15384615384615385,-9.59871794871795,15.384615384615385,7.5,True
3f8034bfc6b8b4135534975d49f04c63,12,1594.51,PR,23.38416666666667,3.75,0.25,11,0.0,-17.171818181818182,0.0,25.0,False
3f8247d0f772ffa58560e5c682521ad5,1,158.45000000000002,SC,18.55,3.0,0.0,0,,,,0.0,False
3f84fefc07dc159b268d4a77d3e8c425,3,251.92000000000002,PR,17.106666666666666,5.0,0.0,3,0.0,-19.98,0.0,0.0,False
3f995f07c49d0d55a99d5c54957f7d81,43,4627.2,SP,15.616279069767442,4.209302325581396,0.09302325581395349,43,0.023255813953488413,-11.409767441860465,2.3255813953488413,9.30232558139535,True
3f9be91358837bff69df67edfa3e42e8,7,760.75,PR,20.864285714285717,4.428571428571429,0.14285714285714285,7,0.0,-18.465714285714284,0.0,14.285714285714285,False
3f9c56764fabca627406093dcb3ef0b4,7,1014.95,RJ,15.092857142857142,4.714285714285714,0.0,7,0.0,-10.517142857142858,0.0,0.0,False
3fac58ce0ad699020c7944d53c41329c,9,1491.91,SP,21.104444444444443,4.333333333333333,0.1111111111111111,9,0.2222222222222222,-6.463333333333334,22.22222222222222,11.11111111111111,False
3fadb4cba4c35bce6a7eaf9872d5623a,3,277.52,RS,22.673333333333336,3.3333333333333335,0.3333333333333333,3,0.0,-21.796666666666667,0.0,33.33333333333333,False
3faf68a3b0af94b10bac70d86077be49,7,1442.0900000000001,SP,17.02285714285714,4.571428571428571,0.0,7,0.0,-29.904285714285717,0.0,0.0,False
3fd1e727ba94cfe122d165e176ce7967,36,3281.8,SP,16.15277777777778,3.8333333333333335,0.19444444444444445,34,0.20588235294117652,-8.01264705882353,20.588235294117652,19.444444444444446,True
3fe7120d6257285ac6a3ce7cb071ccec,2,228.26,MG,14.14,3.5,0.0,2,0.0,-15.434999999999999,0.0,0.0,False
3febca52652e7209509ccfe61cbde40e,2,100.9,SP,8.45,2.0,0.5,0,,,,50.0,False
3fefda3299e6dfaea3466ef346a3571a,1,225.21,PR,16.21,4.0,0.0,1,0.0,-17.26,0.0,0.0,False
4003520d80d0bad1d5623f7aa3c63cda,1,86.74,RJ,16.74,1.0,1.0,1,0.0,-4.05,0.0,100.0,False
400f221ab83037c0ea78f1267da9624d,1,885.8,SP,20.8,,0.0,0,,,,0.0,False
402916f742e5c740cc751493d9cf5053,9,1478.43,MG,25.15888888888889,4.666666666666667,0.0,9,0.0,-18.256666666666668,0.0,0.0,False
403aa86912527d730337ffcb0fb096ab,11,9164.509999999998,MG,18.60181818181818,4.0,0.09090909090909091,11,0.0,-11.274545454545454,0.0,9.090909090909092,False
4049512728d969bec69f84088b012416,7,550.27,MG,22.91857142857143,5.0,0.0,7,0.0,-17.745714285714286,0.0,0.0,False
404e1ba01358af4cd63f679b2c4d1fa1,8,551.73,MG,22.228749999999998,5.0,0.0,8,0.0,-15.48875,0.0,0.0,False
40536e7ca18e1bce252828e5876466cc,2,963.0,SP,249.52,1.0,1.0,0,,,,100.0,False
406740ee611378a662d274c7d8c43c4a,8,1972.08,ES,22.76,4.375,0.125,8,0.125,-6.9,12.5,12.5,False
406822777a0b9eb5c50e442dd4cd3ec5,45,4596.34,SP,21.072444444444443,4.295454545454546,0.08888888888888889,44,0.13636363636363635,-10.1175,13.636363636363635,8.88888888888889,True
4091f77d8c768fc3e81c20761471761d,8,1309.8700000000001,SP,28.85875,2.75,0.375,8,0.25,-4.735,25.0,37.5,False
40d54b51e962dbe09cabbcfd33298dee,29,7297.55,SP,18.496206896551723,4.103448275862069,0.1724137931034483,29,0.0,-11.353793103448275,0.0,17.24137931034483,False
40db9e9aa57f7bb151bcda6b0f9bdbb7,12,23823.989999999998,PE,54.66583333333333,2.3636363636363638,0.5833333333333334,12,0.08333333333333337,-14.726666666666667,8.333333333333337,58.333333333333336,False
40ec8ab6cdafbcc4f544da38c67da39a,2,157.0,PR,19.6,5.0,0.0,2,0.0,-12.68,0.0,0.0,False
411f3b52d857390502ee4e4d5ceabc2d,21,2237.2400000000002,SP,19.059047619047618,4.105263157894737,0.14285714285714285,21,0.1428571428571429,-5.923333333333334,14.28571428571429,14.285714285714285,False
4125d9385a25e82d2f72d3a0fd55bc3f,1,61.3,SP,18.4,5.0,0.0,1,0.0,-3.32,0.0,0.0,False
412a4720f3e9431b4afa1476a1acddbe,21,2569.16,SP,24.336190476190477,4.238095238095238,0.09523809523809523,21,0.04761904761904767,-8.19047619047619,4.761904761904767,9.523809523809524,False
4170f6a9367e6b5d6401d03ce6d54569,4,661.81,DF,23.2575,4.0,0.25,4,0.25,0.3174999999999999,25.0,25.0,False
417a1e6c7321084d2a0ae0d023cfad93,1,61.379999999999995,RS,12.48,5.0,0.0,1,0.0,-16.42,0.0,0.0,False
41958cbd3335433c8740300e8cd600d5,1,40.38,SP,7.39,5.0,0.0,1,0.0,-10.35,0.0,0.0,False
41ab63a91b8b264e8c8780368bf1dd5b,11,2750.8199999999997,MG,27.079090909090908,4.545454545454546,0.09090909090909091,11,0.0,-22.757272727272724,0.0,9.090909090909092,False
41b14765bd56c8ad10971074380f9c0c,8,514.63,SP,14.891250000000001,4.625,0.125,8,0.0,-10.848749999999999,0.0,12.5,False
41b39e28db005d9731d9d485a83b4c38,190,21263.21,SP,21.036315789473683,4.068421052631579,0.15789473684210525,182,0.06593406593406592,-17.18434065934066,6.593406593406592,15.789473684210526,True
41b86b552e54e3a7009596125aa8b167,10,1829.91,SP,23.461000000000002,4.3,0.1,10,0.0,-18.124000000000002,0.0,10.0,False
41c2bad7229b0c25e6becf179ebf63ff,20,971.92,RN,9.495999999999999,4.95,0.0,20,0.0,-15.1715,0.0,0.0,False
41c9d3997dd3c072c31139dc5bb5761f,3,1110.54,MG,37.24666666666667,4.333333333333333,0.0,3,0.0,-9.816666666666668,0.0,0.0,False
41da412d33e8da4f22baf55cb1bde82c,15,1237.06,ES,24.944000000000003,4.666666666666667,0.0,15,0.0,-18.154,0.0,0.0,False
41e0fa5761c886a630994a55c12087e7,5,491.90999999999997,SP,13.662,5.0,0.0,5,0.0,-18.846,0.0,0.0,False
4200ddf1967c5e41e48db62bc6d4b5ac,21,1205.3999999999999,SP,22.686666666666664,4.444444444444445,0.047619047619047616,21,0.04761904761904767,-10.252857142857144,4.761904761904767,4.761904761904762,False
4221a7df464f1fe2955934e30ff3a5a1,5,1089.04,BA,47.908,4.8,0.0,5,0.0,-15.812000000000001,0.0,0.0,False
422be4cc81a457fdb46f47edeb968ae5,1,317.37,SP,77.47,5.0,0.0,1,0.0,-20.18,0.0,0.0,False
427165bf50f8ca07efc7bdc2bfcf1688,5,1692.9,SP,17.880000000000003,3.2,0.4,5,0.6,18.571999999999996,60.0,40.0,False
42b6488f5b8246d9141712abd4b1b693,2,289.8,PR,20.905,4.0,0.0,2,0.0,-12.264999999999999,0.0,0.0,False
42b729f859728f5079499127a9c2ef37,103,5435.929999999999,SP,12.692912621359222,4.5,0.05825242718446602,102,0.07843137254901966,-7.208627450980392,7.843137254901967,5.825242718446602,True
42bde9fef835393bb8a8849cb6b7f245,35,8487.84,DF,22.424,4.257142857142857,0.08571428571428572,34,0.02941176470588236,-13.836764705882352,2.941176470588236,8.571428571428571,True
42d4b7e70819438f5ada61c965e92d7e,1,100.78,GO,51.18,1.0,1.0,1,0.0,-1.47,0.0,100.0,False
42ef3192a9ff87a22d1867b74b3ee205,23,1655.97,SP,13.125217391304348,4.6521739130434785,0.043478260869565216,23,0.0,-10.246086956521738,0.0,4.3478260869565215,False
42fa4ee7240e9b8eb4576358ec142ba7,22,4478.08,RS,24.65818181818182,4.809523809523809,0.0,22,0.0,-14.944545454545453,0.0,0.0,False
42fb44130ac3134cde8e35cf8ec7df25,3,99.14,SP,12.146666666666667,3.6666666666666665,0.3333333333333333,2,0.0,-13.51,0.0,33.33333333333333,False
430315b7bb4b6e4b3c978f9dfa9b0558,20,3704.63,SP,29.311500000000002,3.9473684210526314,0.2,19,0.052631578947368474,-13.640526315789474,5.263157894736848,20.0,False
4305fe92735c8a43d154ff6dd2b8d927,19,3314.25,MG,22.544736842105266,3.9473684210526314,0.15789473684210525,17,0.0,-9.766470588235293,0.0,15.789473684210526,False
431050a06a317f2b38168dec3dcd2b46,12,1720.95,SP,19.429166666666667,4.25,0.08333333333333333,10,0.0,-13.318999999999999,0.0,8.333333333333332,False
431af27f296bc6519d890aa5a05fdb11,117,15452.310000000001,SP,18.541196581196584,3.7758620689655173,0.23931623931623933,116,0.15517241379310343,-6.532068965517242,15.517241379310342,23.931623931623932,True
4324dd16853115efb0fd9d0d131ba6f4,11,1265.37,SP,26.542727272727276,4.090909090909091,0.18181818181818182,11,0.09090909090909094,-12.09818181818182,9.090909090909093,18.181818181818183,False
432c37c9dfba871172ec162e20118b8c,46,3938.54,DF,21.079782608695652,4.108695652173913,0.15217391304347827,44,0.09090909090909094,-10.931363636363637,9.090909090909093,15.217391304347828,True
432c67955c0acd1fd6b0b5d678766a71,3,1288.4099999999999,SP,45.803333333333335,2.3333333333333335,0.6666666666666666,1,0.0,-47.54,0.0,66.66666666666666,False
43402bdf22aa2310e8f99e2f94f78628,4,837.1,SP,46.7875,2.5,0.5,4,0.0,-34.0225,0.0,50.0,False
4342d4b2ba6b161468c63a7e7cfce593,20,3163.31,RJ,14.8105,1.263157894736842,0.9,2,0.5,-5.595000000000001,50.0,90.0,False
436bf27f2f18474fc6047702e9f8a866,1,44.42,SP,14.52,5.0,0.0,1,0.0,-9.29,0.0,0.0,False
4371b634e0efc0e22b09b52907d9d469,101,9666.82,SP,14.516336633663368,4.48,0.06930693069306931,100,0.07999999999999996,-9.616,7.9999999999999964,6.9306930693069315,True
43753b27d77860f1654aa72e251a7878,1,66.28,BA,42.38,5.0,0.0,1,0.0,-0.16,0.0,0.0,False
4391ea5c5990502176a1dcda44a2373d,3,2484.3,RS,45.1,4.666666666666667,0.0,3,0.0,-16.29,0.0,0.0,False
439a47cc365d6e3bd526812ea9de3c29,8,1410.93,SP,28.05375,4.25,0.125,8,0.125,-10.686250000000001,12.5,12.5,False
43a1d4bab73b816e44ef4e4facd9f9b5,1,205.4,PR,15.5,4.0,0.0,1,0.0,-20.5,0.0,0.0,False
43a5d4a57af536fddc96d08be3afdfcb,1,179.13,MG,37.239999999999995,1.0,1.0,1,0.0,-17.34,0.0,100.0,False
43b2c864251aa0ce4030c746984e088a,2,129.32,DF,17.26,3.0,0.5,2,0.0,-8.295,0.0,50.0,False
43f8c9950d11ecd03a0304a49e010da6,41,4807.22,SP,13.600731707317074,4.560975609756097,0.024390243902439025,41,0.07317073170731703,-11.508048780487805,7.317073170731703,2.4390243902439024,True
44073f8b7e41514de3b7815dd0237f4f,144,21944.5,DF,22.04138888888889,3.7552447552447554,0.2013888888888889,142,0.035211267605633756,-15.291971830985915,3.5211267605633756,20.13888888888889,True
440dd6ab244315c632130ecfb63827b1,94,15839.1,SP,22.417021276595744,3.849462365591398,0.1595744680851064,91,0.13186813186813184,-10.585054945054946,13.186813186813184,15.957446808510639,True
443d880f15cbd3572885e1d44bf2c478,1,125.0,SP,30.2,2.0,1.0,1,0.0,-13.2,0.0,100.0,False
4450bd8327d471c4a11a83d1445b1b62,1,214.56,SP,15.56,5.0,0.0,1,0.0,-20.42,0.0,0.0,False
446cc09cdbb130904da114e807dbec40,3,306.97,SP,18.05666666666667,4.666666666666667,0.0,3,0.0,-24.026666666666667,0.0,0.0,False
44717f64ec2a457979cf83c429077666,2,170.91000000000003,RS,31.955,5.0,0.0,2,0.0,-23.205000000000002,0.0,0.0,False
447d377bdb757058acb569025ee18a93,1,83.00999999999999,RS,18.02,5.0,0.0,1,0.0,-13.21,0.0,0.0,False
44ed138eca6214d572ce1d813fb0049b,2,185.8,RS,28.005,4.5,0.0,2,0.0,-8.27,0.0,0.0,False
44f091b5abab8018f682fce8124b85e5,6,1787.71,SP,17.935,2.5,0.6666666666666666,3,0.6666666666666667,0.4299999999999999,66.66666666666667,66.66666666666666,False
45213867cefbf2cd4c6177e10216a951,14,5389.16,SP,30.981428571428573,3.857142857142857,0.21428571428571427,14,0.1428571428571429,-12.640714285714285,14.28571428571429,21.428571428571427,False
4559697a8f7e637227c2eeaed843baff,42,4474.27,SP,18.530238095238094,4.0476190476190474,0.16666666666666666,39,0.07692307692307687,-11.752307692307692,7.692307692307687,16.666666666666664,True
455befea1bb853c75ccbca94cff26e5c,1,42.05,RJ,22.06,3.0,0.0,1,0.0,-37.2,0.0,0.0,False
455c5640e8c5bd1b2ee85c0158f85727,8,7186.89,SC,57.17375,4.5,0.0,8,0.0,-22.13125,0.0,0.0,False
455f46ef09a9e45667e2981df84b5cc2,2,90.97999999999999,SP,15.59,2.5,0.5,1,0.0,-1.09,0.0,50.0,False
457fe919b032a3f7dadba6fb92cf7855,9,1246.1100000000001,SP,15.69111111111111,4.777777777777778,0.0,9,0.11111111111111116,-7.474444444444444,11.111111111111116,0.0,False
458c6fa920810ce2492da71bc26d9eec,2,862.37,SP,52.805,2.5,0.5,2,0.0,-9.530000000000001,0.0,50.0,False
458d868c9642f55f18f04e951a3fdde6,2,2822.75,RS,52.375,5.0,0.0,2,0.0,-18.29,0.0,0.0,False
45a3d05fb00435e52a28859dd03703b3,1,1323.79,SP,24.79,5.0,0.0,1,0.0,-4.52,0.0,0.0,False
45ba18c210d42734ec52c0c1c574e9ee,37,6558.19,SP,26.061621621621622,3.891891891891892,0.21621621621621623,34,0.02941176470588236,-11.437058823529412,2.941176470588236,21.62162162162162,True
45c20d94d9171b0bcfab3c955e47d67b,4,210.57,SP,20.2775,4.5,0.0,4,0.0,-9.73,0.0,0.0,False
45d33f715e24d15a6ccf5c17b3a23e3c,55,5617.85,SP,16.100727272727273,4.2,0.09090909090909091,52,0.07692307692307687,-10.485961538461538,7.692307692307687,9.090909090909092,True
461ff5303b6c9c1a4a07f40c5aece516,2,104.06,PR,18.13,5.0,0.0,2,0.0,-14.575,0.0,0.0,False
466222e777149751370e7e98fb623b0c,1,105.45,RJ,17.55,5.0,0.0,1,0.0,-8.2,0.0,0.0,False
4677a5437afda5fa7140b927b07be1cc,11,3835.7,PR,38.18181818181818,4.363636363636363,0.0,11,0.09090909090909094,-13.351818181818182,9.090909090909093,0.0,False
46dc3b2cc0980fb8ec44634e21d2718e,520,140079.68,RJ,22.826692307692305,4.200389105058366,0.12884615384615383,502,0.0656063618290258,-11.46145129224652,6.560636182902579,12.884615384615383,True
46ef1a25845fc051c2998d878354810c,5,348.45000000000005,MG,19.608,4.4,0.0,5,0.19999999999999996,-3.9479999999999995,19.999999999999996,0.0,False
4736e9d642ef4257cd7622516931eb51,16,1449.77,SP,23.18125,4.125,0.125,16,0.0,-13.713125,0.0,12.5,False
47648caee88ccfe951fbb27fbf7b4cbe,3,1632.9900000000002,SP,22.666666666666668,3.6666666666666665,0.3333333333333333,3,0.33333333333333337,-5.226666666666667,33.333333333333336,33.33333333333333,False
478bfe564db21eeb44386606aa30b650,3,230.8,MG,16.033333333333335,4.666666666666667,0.0,3,0.0,-12.813333333333333,0.0,0.0,False
47efca563408aae19bb7206c2d969ea9,12,3184.5,PI,40.21666666666667,4.083333333333333,0.16666666666666666,11,0.0,-14.323636363636364,0.0,16.666666666666664,False
47f55702f598c7c6cc8458b0fbc1c49a,2,163.39999999999998,MG,17.95,5.0,0.0,1,0.0,-10.29,0.0,0.0,False
48162d548f5b1b11b9d29d1e01f75a61,68,23168.49,SP,31.141911764705885,3.8970588235294117,0.19117647058823528,66,0.030303030303030276,-12.63439393939394,3.0303030303030276,19.11764705882353,True
4830e40640734fc1c52cd21127c341d4,206,12934.57,SP,15.079077669902912,4.160975609756098,0.1262135922330097,200,0.06999999999999995,-10.30325,6.999999999999995,12.62135922330097,True
48328ec9a579151d9cc6a86d4a59336c,1,1196.78,RS,97.78,2.0,1.0,1,0.0,-6.17,0.0,100.0,False
483ca627d131e18f988349b1655c0acd,1,283.73,SP,19.73,5.0,0.0,1,0.0,-4.96,0.0,0.0,False
48436dade18ac8b2bce089ec2a041202,137,15170.85,SP,21.219343065693433,4.029197080291971,0.145985401459854,133,0.07518796992481203,-8.913609022556392,7.518796992481203,14.5985401459854,True
485452467ff670447e84a8370c3fc898,3,315.43999999999994,SC,46.580000000000005,4.666666666666667,0.0,3,0.0,-14.38,0.0,0.0,False
4867209cb29b56b92893d7bde3ce8012,1,169.15,SP,19.15,4.0,0.0,1,0.0,-16.1,0.0,0.0,False
4869f7a5dfa277a7dca6462dcf3b52b2,1122,247516.04,SP,17.852941176470587,4.152603231597846,0.12834224598930483,1114,0.11669658886894074,-10.330960502693,11.669658886894075,12.834224598930483,True
48985c61529077fa4f1e38bcff0f2ed3,7,1027.37,RS,21.15285714285714,4.428571428571429,0.0,7,0.0,-20.814285714285717,0.0,0.0,False
48b6c3f4c6a93171da04b75313f2130f,2,328.05999999999995,SP,18.9,5.0,0.0,2,0.0,-8.225,0.0,0.0,False
48bad451945f5227341793478d6353ea,3,384.49,SP,25.83,4.0,0.0,3,0.33333333333333337,-13.94,33.333333333333336,0.0,False
48e5ee06fb2dc74df1c711a9b6dfac2a,1,102.3,MG,45.3,5.0,0.0,1,0.0,-19.18,0.0,0.0,False
48e954b2da4f6a750c844173b347ed40,2,556.81,RS,79.505,4.5,0.0,2,0.0,-27.645000000000003,0.0,0.0,False
48efc9d94a9834137efd9ea76b065a38,33,666.0,PR,9.70909090909091,5.0,0.0,33,0.0,-23.803636363636365,0.0,0.0,True
48fb026ed7455a42f5d3e9390ed5088e,11,816.18,RJ,20.324545454545454,2.6363636363636362,0.5454545454545454,9,0.0,-14.346666666666668,0.0,54.54545454545454,False
49067458c68f7701fd334ce326accbe0,17,1699.85,MG,34.95882352941176,3.3529411764705883,0.35294117647058826,17,0.05882352941176472,-13.92470588235294,5.882352941176472,35.294117647058826,False
4917cee8d902e13428c3ec4b1ca6f315,33,6621.54,SC,36.35272727272728,4.15625,0.12121212121212122,31,0.032258064516129004,-9.279032258064515,3.2258064516129004,12.121212121212121,True
491a5ada3aa1678414e990262c4bbdc1,2,2873.81,SP,16.905,3.0,0.5,1,0.0,-11.7,0.0,50.0,False
49383af7ab774e4e8f3000f49c83dc4b,8,957.99,SP,33.13625,4.375,0.0,8,0.0,-13.06125,0.0,0.0,False
4965a7002cca77301c82d3f91b82e1a9,1,16.36,SP,7.87,5.0,0.0,1,0.0,-12.33,0.0,0.0,False
497709c2976a8fa308730a2dec5b0726,1,94.03999999999999,SP,18.04,5.0,0.0,1,0.0,-1.24,0.0,0.0,False
4978a02ea9c8be7a9b5480680f40334e,17,2659.24,SP,18.801176470588235,3.5294117647058822,0.29411764705882354,17,0.0,-8.25294117647059,0.0,29.411764705882355,False
499185655c29ecfdbfe776ef7cf875b5,1,106.33,RS,17.33,4.0,0.0,1,0.0,-33.31,0.0,0.0,False
4992e76a42cb3aad7a7047e0d3d7e729,54,3132.24,SP,18.145185185185184,3.9074074074074074,0.18518518518518517,53,0.07547169811320753,-9.56188679245283,7.547169811320753,18.51851851851852,True
499ec63c58e51296c9cf57edcfe1c8a8,5,412.93,SP,9.586,4.8,0.0,5,0.0,-11.836,0.0,0.0,False
49cdc90518a4f82676b38b3c1aa43ff6,5,1622.1100000000001,SP,16.522,3.8,0.2,5,0.0,-10.34,0.0,20.0,False
49e7217cfe4e427191c378ec626d8737,13,3378.31,MG,28.893076923076926,3.8461538461538463,0.15384615384615385,12,0.0,-10.759166666666667,0.0,15.384615384615385,False
49f8d2ea7b718d0ce587d34207caf2b4,1,165.26,SP,15.36,5.0,0.0,1,0.0,-0.3,0.0,0.0,False
4a1917ef994878940e1fb03eeb787ad7,2,846.6199999999999,DF,39.31,3.0,0.5,2,0.0,-8.625,0.0,50.0,False
4a1f694197d05fe70026b016a7316b41,13,1226.3,SP,27.04,4.538461538461538,0.07692307692307693,13,0.07692307692307687,-13.05923076923077,7.692307692307687,7.6923076923076925,False
4a23adac87cf538689fa600d976f78b2,3,440.41,SP,11.803333333333333,4.333333333333333,0.0,3,0.0,-8.236666666666666,0.0,0.0,False
4a3ca9315b744ce9f8e9374361493884,1759,235576.98,SP,20.495508811824898,3.858457997698504,0.18135304150085277,1725,0.111304347826087,-8.744666666666665,11.1304347826087,18.135304150085275,True
4a3ccda38b2129705f3fb522db62ca31,64,18208.33,SP,22.1334375,3.96875,0.1875,62,0.09677419354838712,-10.560967741935483,9.677419354838712,18.75,True
4a5b36211b1f51bf7eaa5c10a57fa483,1,155.26,RJ,16.07,5.0,0.0,1,0.0,-7.08,0.0,0.0,False
4a82168aaef173cbb6e46ae88728f919,4,612.39,PR,25.0975,4.0,0.25,4,0.0,-13.125,0.0,25.0,False
4a82c4af97ffc0fb2dc26bfdc03b1842,3,210.89999999999998,MG,22.400000000000002,5.0,0.0,3,0.0,-14.273333333333333,0.0,0.0,False
4aba391bc3b88717ce08eb11e44937b2,28,8317.27,BA,29.657142857142855,3.857142857142857,0.21428571428571427,26,0.15384615384615385,-12.377692307692307,15.384615384615385,21.428571428571427,False
4aba6a02a788d3ec81c03137144d9a80,1,105.28,SC,15.38,5.0,0.0,1,0.0,-10.19,0.0,0.0,False
4b0fdb526525f9890eb145bf1534640e,18,3078.52,SP,31.09,4.055555555555555,0.16666666666666666,18,0.0,-9.263333333333334,0.0,16.666666666666664,False
4b1eaadf791bdbbad8c4a35b65236d52,8,1962.82,SP,14.12875,2.0,0.75,5,0.19999999999999996,-15.234,19.999999999999996,75.0,False
4b39558c138930b9e5489c93b6df5fe3,4,1229.1,SE,33.1,4.5,0.0,4,0.0,-13.1125,0.0,0.0,False
4b5f66b7adcf57f1ecc0d3c07dd6b177,23,7391.93,PR,33.754347826086956,4.090909090909091,0.13043478260869565,23,0.04347826086956519,-14.069565217391306,4.347826086956519,13.043478260869565,False
4b90495391ac0bd181a80a459df1e718,1,266.11,RS,18.11,4.0,0.0,1,0.0,-38.19,0.0,0.0,False
4b9750c8ad28220fe6702d4ecb7c898f,216,19216.44,SP,15.624722222222223,4.3657407407407405,0.06944444444444445,215,0.07906976744186045,-8.567720930232557,7.906976744186045,6.944444444444445,True
4b98b0428fc1932cc2514ef9ce2505e6,2,363.42999999999995,SP,17.9,3.0,0.5,2,0.5,-3.83,50.0,50.0,False
4ba52dfeba874da5b9ee7b17c7494f04,11,1667.91,SP,18.62818181818182,4.363636363636363,0.09090909090909091,11,0.09090909090909094,-10.953636363636365,9.090909090909093,9.090909090909092,False
4bc3d93e4a5f88a598d3d8ce4ae510b3,1,188.28,SP,19.28,1.0,1.0,0,,,,100.0,False
4bcec44888b30ba9001234c534716d3f,5,209.23000000000002,SP,12.645999999999999,4.6,0.0,5,0.0,-8.702,0.0,0.0,False
4bde6149c15cf7e177b36fa060dd6de8,2,192.46,RS,16.33,5.0,0.0,2,0.0,-46.900000000000006,0.0,0.0,False
4be2e7f96b4fd749d52dff41f80e39dd,1,299.84000000000003,AC,32.84,1.0,1.0,0,,,,100.0,False
4be6b962d83299498bae2190f95d6566,11,818.57,SP,18.13181818181818,4.1,0.09090909090909091,11,0.09090909090909094,-11.473636363636363,9.090909090909093,9.090909090909092,False
4be9ae93c4fc0f41713d71a4194ee1b3,1,136.97,MG,27.07,5.0,0.0,1,0.0,-6.18,0.0,0.0,False
4bf2f4ee540798a61f9636d12cd9cc80,29,5501.01,SP,17.429310344827584,4.137931034482759,0.10344827586206896,29,0.03448275862068961,-11.75103448275862,3.4482758620689613,10.344827586206897,False
4bf658053d453036c70976bccb2c31b2,2,1824.56,SP,40.785,4.5,0.0,2,0.0,-7.81,0.0,0.0,False
4bfc7a4a1cf8d4d2121c27422d9e50b5,24,8674.039999999999,SP,41.47666666666667,4.5,0.08333333333333333,24,0.04166666666666663,-9.305833333333334,4.1666666666666625,8.333333333333332,False
4c03b9dd4c11ee2cb35c96c49efc9420,48,7374.76,SP,17.940833333333334,4.1063829787234045,0.14583333333333334,48,0.02083333333333337,-13.477291666666666,2.083333333333337,14.583333333333334,True
4c18691b6037662be2df78a765d98ab5,62,4268.84,SP,17.90032258064516,3.8548387096774195,0.1774193548387097,62,0.08064516129032262,-10.361612903225806,8.064516129032262,17.741935483870968,True
4c1c7281388a33dd06daac44f9fadbd1,5,269.90999999999997,SP,16.318,4.8,0.0,5,0.0,-15.766,0.0,0.0,False
4c2b230173bb36f9b240f2b8ac11786e,258,18936.36,SP,17.17453488372093,3.9803149606299213,0.17829457364341086,255,0.10196078431372546,-7.315254901960785,10.196078431372547,17.829457364341085,True
4c498c7345e89aebad651544829beca0,46,5359.61,SP,12.690217391304348,4.369565217391305,0.06521739130434782,45,0.1333333333333333,-8.102666666666666,13.33333333333333,6.521739130434782,True
4c4d546adf3c3868fe19c9ec6e9ffda9,2,157.08999999999997,PR,22.695,4.0,0.0,2,0.0,-13.605,0.0,0.0,False
4c60877808f4318ef1107fbeb8f89afa,2,150.63,SP,16.315,4.0,0.0,2,0.0,-8.61,0.0,0.0,False
4c61e37f664c3c88aff092aa5ac779d7,7,908.1700000000001,RJ,17.122857142857143,4.0,0.14285714285714285,7,0.2857142857142857,-3.2128571428571426,28.57142857142857,14.285714285714285,False
4c8545742faaf58fafd5fd14d25d75cf,4,3216.31,SP,49.0775,4.5,0.0,4,0.0,-13.5275,0.0,0.0,False
4c8b8048e33af2bf94f2eb547746a916,23,2728.43,SP,20.954782608695652,2.9565217391304346,0.43478260869565216,19,0.10526315789473684,-4.418947368421053,10.526315789473683,43.47826086956522,False
4cc43a222a0f94910728b62b97a8c5f8,1,120.76,SP,12.26,3.0,0.0,1,0.0,-11.26,0.0,0.0,False
4cc4fd4fdd406a85bbdc1f824b731bd7,1,571.22,PR,31.24,5.0,0.0,1,0.0,-13.19,0.0,0.0,False
4ce6e5f6c52515177e18c1c9361d8677,1,252.26999999999998,SP,25.67,3.0,0.0,0,,,,0.0,False
4ce8b55b4bfa4659184e7becc1fba3f2,1,146.56,PR,27.56,5.0,0.0,1,0.0,-14.42,0.0,0.0,False
4cf490a58259286ada5ba8525ba9e84a,8,1409.39,SP,19.39875,3.125,0.375,7,0.0,-17.13,0.0,37.5,False
4d0041cdbe51b4617d95c70b19decc74,8,5465.490000000001,MG,28.78625,4.5,0.0,8,0.0,-9.71375,0.0,0.0,False
4d232b78ab7ef10393dc3807d827bc0d,5,1689.99,MG,42.998000000000005,4.4,0.0,5,0.0,-11.879999999999999,0.0,0.0,False
4d600e08ecbe08258c79e536c5a42fee,8,4633.46,PR,21.015,4.0,0.25,7,0.0,-27.359999999999996,0.0,25.0,False
4d6d651bd7684af3fffabd5f08d12e5a,367,51508.66,SP,21.556321525885558,4.204918032786885,0.1226158038147139,361,0.047091412742382266,-12.32005540166205,4.709141274238227,12.26158038147139,True
4d6fb82c629c7a5028bfd973c07b05e0,2,327.43,MG,24.715,2.0,0.5,0,,,,50.0,False
4d8809767a5bafe22909c77951fb6b41,1,58.72,SP,8.72,5.0,0.0,0,,,,0.0,False
4d9fea3499bdc22aa4da4e339365f215,2,222.74,SP,15.1,5.0,0.0,2,0.0,-19.145,0.0,0.0,False
4da0e408c99d2fdc2126dc9fce518060,44,4044.4700000000003,PR,21.69431818181818,4.409090909090909,0.06818181818181818,44,0.0,-20.027272727272727,0.0,6.8181818181818175,True
4dab98ca6cd6d3df586203cefd28a042,1,173.23000000000002,RS,18.33,5.0,0.0,1,0.0,-0.43,0.0,0.0,False
4dbd95a08b31ede5c82d3f861cb1ce1a,6,1494.03,PR,31.560000000000002,3.5,0.3333333333333333,4,0.0,-16.0375,0.0,33.33333333333333,False
4dc2e811a1760953cb7c6a590b498943,1,199.84,SP,24.84,5.0,0.0,1,0.0,-8.39,0.0,0.0,False
4dc646b9b9e8e411ef48ba000ea3ac6f,4,353.26,SP,15.89,2.75,0.5,4,0.25,-6.08,25.0,50.0,False
4ddeb3e828550cddc8d45c8bc36ab2d1,1,164.45,SP,12.45,5.0,0.0,1,0.0,-10.62,0.0,0.0,False
4de6e4ba574aa9dfdc824bc44dc47fdd,14,704.4200000000001,PR,18.094285714285714,4.071428571428571,0.21428571428571427,14,0.0714285714285714,-17.6,7.14285714285714,21.428571428571427,False
4deebb3199eeafb282ae33229144f94b,4,921.49,SP,35.447500000000005,4.0,0.25,4,0.25,-2.035,25.0,25.0,False
4e06067cc08b3f41d837768d392c3ee3,30,1506.97,MG,19.075,4.2,0.16666666666666666,30,0.033333333333333326,-12.102,3.3333333333333326,16.666666666666664,True
4e0d109ccfba9a1151c103049880c857,2,347.73,RJ,33.92,3.0,0.5,2,0.0,-14.855,0.0,50.0,False
4e17c65a516f69d023a2ae78b84f28d6,61,8794.8,SP,18.94327868852459,4.229508196721311,0.18032786885245902,61,0.06557377049180324,-21.414918032786883,6.5573770491803245,18.0327868852459,True
4e2627090e6e5b9fabba883a37897683,2,306.24,MG,39.92,1.0,0.5,1,0.0,-13.12,0.0,50.0,False
4e326052e5dbba8adcd512f3450a307e,3,655.96,SP,28.653333333333332,2.3333333333333335,0.6666666666666666,3,0.0,-10.459999999999999,0.0,66.66666666666666,False
4e42581f08e8cfc7c090f930bac4552a,3,453.8,SP,39.266666666666666,1.0,1.0,1,1.0,12.86,100.0,100.0,False
4e480be820e37de1444325ff358c9296,1,573.74,MG,143.44,5.0,0.0,1,0.0,-9.06,0.0,0.0,False
4e5725ba188db8252977a4f0227bd462,22,2313.2,SP,17.391363636363636,3.409090909090909,0.36363636363636365,21,0.2857142857142857,-1.2285714285714282,28.57142857142857,36.36363636363637,False
4e6015589b781adaa5ce7f1892d06bb1,3,740.5,SP,18.833333333333332,3.6666666666666665,0.0,3,0.0,-12.116666666666667,0.0,0.0,False
4e7c18b98d84e05cbae3ff0ff03846c2,82,12096.88,SP,35.086341463414634,4.160493827160494,0.18292682926829268,81,0.04938271604938271,-12.622469135802469,4.938271604938271,18.29268292682927,True
4e85b538b0dad58852641540686d0e14,4,646.3499999999999,SP,28.595,3.75,0.25,4,0.5,-5.19,50.0,25.0,False
4e8dacf3d38f281ae26c3e0321d92d88,10,2861.11,SP,21.616,2.8,0.5,8,0.125,-13.85625,12.5,50.0,False
4e922959ae960d389249c378d1c939f5,420,53404.25,SP,17.390214285714286,3.9542168674698797,0.18095238095238095,412,0.10679611650485432,-12.166601941747574,10.679611650485432,18.095238095238095,True
4e92348462c75b6c842b994ce84a0ed4,1,85.49000000000001,RS,15.59,5.0,0.0,1,0.0,-18.23,0.0,0.0,False
4ea2f12dbe91deeacd2c1e74f069a6e6,4,280.27,SP,17.5175,4.75,0.0,4,0.0,-11.3825,0.0,0.0,False
4eb61f060e7dcc1d5a80d806c35cc541,8,1523.91,SP,20.12625,3.875,0.125,8,0.0,-12.50375,0.0,12.5,False
4ebdc7e6cd6102a022dadc49156d4ea8,28,1241.7,SP,12.767857142857142,3.892857142857143,0.17857142857142858,28,0.0357142857142857,-10.120714285714286,3.57142857142857,17.857142857142858,False
4eeb99008a0f59d2c7759c59f9a346eb,2,1320.95,SP,19.475,4.5,0.0,2,0.0,-11.82,0.0,0.0,False
4ef4c39cf3c24f326434cf0b2e48046a,7,903.22,SP,15.888571428571428,3.7142857142857144,0.2857142857142857,6,0.16666666666666663,-3.5366666666666657,16.666666666666664,28.57142857142857,False
4f0d637c1197fd65405ebd755ac9f86b,2,232.47,SP,16.335,5.0,0.0,2,0.0,-16.265,0.0,0.0,False
4f1f1c8666cdb6442f775c4e8caed465,2,1070.39,MG,62.705,5.0,0.0,2,0.0,-13.775,0.0,0.0,False
4f40d2ed38d1cc945364a7cd202a82c7,1,336.89,SP,16.99,1.0,1.0,0,,,,100.0,False
4fae87d32467e18eb46e4a76a0a0b9ce,1,120.80000000000001,RS,19.9,5.0,0.0,1,0.0,-11.29,0.0,0.0,False
4fb41dff7c50136976d1a5cf004a42e2,3,1296.77,BA,22.256666666666664,4.0,0.0,3,0.33333333333333337,33.81666666666666,33.333333333333336,0.0,False
4fe2f67634d00c021aa01f96b6f2d68e,2,118.84,PR,16.02,5.0,0.0,2,0.0,-20.175,0.0,0.0,False
5011f0d93373a4c5753adf58ca77af8d,12,1390.8500000000001,SP,31.785833333333333,3.8333333333333335,0.16666666666666666,11,0.09090909090909094,-7.387272727272728,9.090909090909093,16.666666666666664,False
503c1de08ae81a2d86f17951b204db55,22,5321.9,SP,18.859545454545454,4.409090909090909,0.045454545454545456,22,0.09090909090909094,-11.22181818181818,9.090909090909093,4.545454545454546,False
5058e8c1e82653974541e83690655b4a,60,12378.44,SP,48.25916666666667,3.3389830508474576,0.26666666666666666,59,0.13559322033898302,-15.090508474576271,13.559322033898303,26.666666666666668,True
5075aaa8404020ae6aa8bf4792099b41,13,2270.52,MG,34.440000000000005,3.5833333333333335,0.23076923076923078,10,0.0,-10.889,0.0,23.076923076923077,False
50770d25768b0486d89be26afca3108f,6,247.86,SP,12.681666666666667,4.0,0.16666666666666666,6,0.16666666666666663,-6.080000000000001,16.666666666666664,16.666666666666664,False
508808d438fe2ff972ed13bb8f4a82e2,9,350.58,SP,11.08222222222222,4.222222222222222,0.1111111111111111,8,0.0,-7.9275,0.0,11.11111111111111,False
50a7e551a7b3f8d37cd6e32d8bfbe5ea,1,167.96,SP,27.96,5.0,0.0,1,0.0,-3.49,0.0,0.0,False
50bf89f1349bc0409a268c3a49678009,1,282.47,SP,102.57,5.0,0.0,1,0.0,-25.38,0.0,0.0,False
50c361bcf670d16f6df4d52de3dff924,1,51.6,SP,16.6,1.0,1.0,0,,,,100.0,False
50c9975695009e5e6473912e83a6d1da,50,6954.13,MG,58.3966,3.938775510204082,0.18,50,0.14,-6.997000000000001,14.000000000000002,18.0,True
51209b446b2073894bdc0face6c73ffc,2,438.88,ES,39.64,4.0,0.0,2,0.0,-16.435,0.0,0.0,False
512d298ac2a96d1931b6bd30aa21f61d,10,7656.54,RJ,30.45,4.6,0.1,10,0.0,-15.704000000000002,0.0,10.0,False
513a54369b6a8a6602fcb0e129c6d78d,2,62.66,SP,7.43,4.5,0.0,2,0.0,-4.67,0.0,0.0,False
5145090ab595c0d0b8557199f5701fbf,4,1657.4499999999998,PR,49.4625,4.25,0.0,4,0.0,-24.6725,0.0,0.0,False
5151aea44289d6c6b090ee31c2132508,7,1482.47,SP,23.881428571428568,1.8333333333333333,0.5714285714285714,7,0.0,-26.50857142857143,0.0,57.14285714285714,False
515d781150feed28a6ac091bb0e3cb8c,6,1154.72,MS,25.395,4.166666666666667,0.0,6,0.0,-23.598333333333333,0.0,0.0,False
5160d23075764e18e07c1f4a87fad743,31,2638.17,SP,14.328064516129032,4.580645161290323,0.03225806451612903,30,0.033333333333333326,-8.8,3.3333333333333326,3.225806451612903,True
516e7738bd8f735ac19a010ee5450d8d,74,8019.07,RJ,19.524054054054055,4.621621621621622,0.02702702702702703,72,0.05555555555555558,-18.13861111111111,5.555555555555558,2.7027027027027026,True
51702dc2a3e106c76dbff722b5bf0726,13,3287.04,SP,44.76461538461539,4.3076923076923075,0.07692307692307693,13,0.0,-13.763076923076925,0.0,7.6923076923076925,False
5194c22ed1f616ec0c0f33c571542879,4,326.45000000000005,MG,20.2125,4.25,0.0,4,0.0,-10.5075,0.0,0.0,False
519a7aa428f18d125a283cf8c014fdd6,3,152.79999999999998,SC,24.366666666666664,4.0,0.0,3,0.0,-15.143333333333333,0.0,0.0,False
51a04a8a6bdcb23deccc82b0b80742cf,1,199.92000000000002,SP,31.93,1.0,1.0,1,1.0,7.82,100.0,100.0,False
51e0557bc7b86de13e946c60ee91ce39,1,63.4,MG,17.6,5.0,0.0,1,0.0,-8.51,0.0,0.0,False
51e4e89242cbb846c2deff3dc015650e,16,1175.75,RS,22.073125,4.625,0.0,16,0.0,-15.227500000000001,0.0,0.0,False
51ed72984a04e5dd35c2b27e77179038,7,1493.23,SP,28.41857142857143,3.5714285714285716,0.2857142857142857,7,0.1428571428571429,-8.995714285714286,14.28571428571429,28.57142857142857,False
51f108f62cb87d61918159902c8f8583,3,378.76,PR,25.01,4.333333333333333,0.0,3,0.0,-16.81,0.0,0.0,False
5206cc4bc2297c833e6061c49bf9c43f,1,45.96,SP,10.96,1.0,1.0,0,,,,100.0,False
52092ddbd3a58c450a4459bf051b2287,5,375.57,SP,14.943999999999999,5.0,0.0,5,0.0,-12.078,0.0,0.0,False
520b493b57809f446cb0a233bb3e25c7,62,4741.8,SP,17.111290322580647,4.354838709677419,0.08064516129032258,62,0.032258064516129004,-10.977903225806452,3.2258064516129004,8.064516129032258,True
522620dcb18a6b31cd7bdf73665113a9,174,61905.53,PR,26.995114942528733,3.888235294117647,0.1896551724137931,172,0.10465116279069764,-13.117267441860465,10.465116279069765,18.96551724137931,True
5236605f4d4b0b3e4df85b850393fca0,5,347.48,SP,16.436,4.8,0.0,5,0.19999999999999996,-5.194,19.999999999999996,0.0,False
52454f90d4c30c016768db02f88c1a74,3,147.67,SP,22.39,3.6666666666666665,0.3333333333333333,3,0.0,-7.579999999999999,0.0,33.33333333333333,False
52562a9f449c3dc3d53f5f5b9ed74903,14,3710.64,RN,31.717142857142854,4.785714285714286,0.0,14,0.0,-17.752857142857142,0.0,0.0,False
525e75a6fb1454a2325ab1734bcec221,10,777.07,SP,12.0,3.6,0.2,9,0.0,-12.265555555555556,0.0,20.0,False
5275ca25d0358ca73864e0ae41be1320,4,478.82000000000005,SP,17.305,4.75,0.0,4,0.5,-2.5425,50.0,0.0,False
527801b552d0077ffd170872eb49683b,90,20005.36,SP,22.917333333333332,4.47191011235955,0.07777777777777778,90,0.09999999999999998,-10.588888888888889,9.999999999999998,7.777777777777778,True
52831e5990d0771cb4951d6f12928167,1,78.12,SP,13.12,3.0,0.0,1,0.0,-9.2,0.0,0.0,False
528bcf6680c36dddf07620bd35b33a6f,2,1013.84,SP,21.93,4.5,0.0,2,0.5,-3.74,50.0,0.0,False
528ce32f560edd11add4169f6a5b65be,1,39.17,SP,9.27,5.0,0.0,1,0.0,-12.49,0.0,0.0,False
52956b80ae65fda598f06f6b9943e7a9,3,858.85,PR,22.28333333333333,4.0,0.0,3,0.33333333333333337,-6.673333333333332,33.333333333333336,0.0,False
52a50b42accf164f9f019941e5759d9b,4,197.02,SP,14.264999999999999,4.75,0.0,4,0.25,-2.675,25.0,0.0,False
52a52b9f656520e99716f5bc40f661c8,7,931.2199999999999,SP,21.16,4.0,0.2857142857142857,7,0.0,-11.531428571428572,0.0,28.57142857142857,False
52ac6f920b7280e4c6d30dd94de6259b,6,6383.889999999999,PR,121.09833333333334,3.6666666666666665,0.16666666666666666,6,0.0,-10.523333333333333,0.0,16.666666666666664,False
52b53f7061969fe471d119b6195da864,1,98.37,SP,8.37,5.0,0.0,1,0.0,-7.11,0.0,0.0,False
52bb00821bcdd358a5a5a27e1f6be5a1,2,388.43,SP,19.314999999999998,4.5,0.0,2,0.0,-8.21,0.0,0.0,False
52d76513f0c4d97f3b99570e2c94ee31,19,9361.56,RS,52.02947368421052,4.055555555555555,0.15789473684210525,19,0.052631578947368474,-15.765789473684212,5.263157894736848,15.789473684210526,False
52f0fe436a347ddad7ed5f9aa4e27eaa,19,1843.0200000000002,SP,20.97947368421053,3.736842105263158,0.21052631578947367,17,0.17647058823529416,-5.511764705882353,17.647058823529417,21.052631578947366,False
52f6f9f13ba19504c02781132a049e75,1,222.13,PR,23.13,3.0,0.0,1,0.0,-13.33,0.0,0.0,False
52f976b17ea7f2f087f56dcc419328f6,6,8492.65,PR,143.775,3.6666666666666665,0.3333333333333333,6,0.0,-15.921666666666667,0.0,33.33333333333333,False
52f9db5cfb423382a2fa5c9e39303202,22,1628.54,SP,16.307727272727274,4.136363636363637,0.13636363636363635,21,0.0,-14.196190476190477,0.0,13.636363636363635,False
5305693ffae2d3463377b1f6fe67b15a,1,106.55,SP,12.99,5.0,0.0,1,0.0,-8.19,0.0,0.0,False
53088c75f948b48a7ece173ac17f0c12,3,316.23,RS,18.176666666666666,5.0,0.0,3,0.0,-12.973333333333334,0.0,0.0,False
530ec6109d11eaaf87999465c6afee01,97,15640.210000000001,PR,27.38556701030928,4.237113402061856,0.1134020618556701,94,0.010638297872340385,-16.698510638297872,1.0638297872340385,11.34020618556701,True
53243585a1d6dc2643021fd1853d8905,358,235856.68,BA,36.53807262569832,4.132022471910112,0.12011173184357542,348,0.0431034482758621,-10.743017241379311,4.31034482758621,12.011173184357542,True
53336f97ddbe53e2a617d07b17447b95,1,674.83,SP,75.33,5.0,0.0,1,0.0,-10.18,0.0,0.0,False
533d46c1b06970e99f09523a61df4972,2,192.62,SP,16.32,4.5,0.0,2,0.0,-9.6,0.0,0.0,False
5343d0649eca2a983820bfe93fc4d17e,68,12554.02,SP,34.44014705882353,3.955223880597015,0.20588235294117646,67,0.10447761194029848,-11.853432835820895,10.447761194029848,20.588235294117645,True
534a01cc6df1e034e05c32028a291fa2,5,295.45,SP,11.972,4.4,0.0,5,0.0,-7.178,0.0,0.0,False
535bf14f36346c7f59d87cece104d70c,1,57.769999999999996,RJ,7.77,4.0,0.0,1,1.0,0.7,100.0,0.0,False
537eb890efff034a88679788b647c564,154,6969.4,RJ,15.581168831168831,4.266233766233766,0.07792207792207792,152,0.05921052631578949,-11.191907894736843,5.921052631578949,7.792207792207792,True
538caafddff204241cecbf3a02e6b3cf,9,246.49,SP,10.91,2.5555555555555554,0.5555555555555556,8,0.5,-0.28500000000000014,50.0,55.55555555555556,False
539ed9e19811677513447759be5eccfc,1,29.43,MG,15.23,5.0,0.0,1,0.0,-19.33,0.0,0.0,False
53b0300ca793f9834cd69c0678d35ee8,5,1799.46,SP,27.462,5.0,0.0,5,0.0,-13.75,0.0,0.0,False
53d00c40e32aeb924a84ce72b1af869d,16,2333.15,SP,17.2,4.375,0.0625,16,0.25,-6.295,25.0,6.25,False
53e4c6e0f4312d4d2107a8c9cddf45cd,466,40248.69,SP,21.400450643776825,4.092672413793103,0.13733905579399142,456,0.054824561403508776,-12.447675438596493,5.482456140350878,13.733905579399142,True
54065e9aef7e9e9c2dc23b7594db021a,14,8283.43,RJ,20.030714285714286,3.857142857142857,0.21428571428571427,12,0.0,-22.1125,0.0,21.428571428571427,False
54219883e72aad869adfb2a54b7bfa0f,5,7579.55,SP,165.91,3.2,0.4,5,0.0,-7.837999999999999,0.0,40.0,False
542917da124346b47ea1ac79a93ce454,19,1623.08,PR,17.82526315789474,4.105263157894737,0.15789473684210525,19,0.052631578947368474,-12.825263157894737,5.263157894736848,15.789473684210526,False
5444b12c82f21c923f2639ebc722c1ea,1,179.46,SP,9.56,4.0,0.0,0,,,,0.0,False
544863df86ed3b78a04e0820d41430ee,1,39.17,ES,15.27,5.0,0.0,1,0.0,-17.07,0.0,0.0,False
54583ab379489add547fe47b628db589,10,2391.08,SP,15.108,4.8,0.0,10,0.0,-5.449,0.0,0.0,False
54965bbe3e4f07ae045b90b0b8541f52,78,13531.050000000001,PR,29.331538461538464,3.0,0.4230769230769231,73,0.3013698630136986,-2.8745205479452056,30.136986301369863,42.30769230769231,True
54a1852d1b8f10312c55e906355666ee,200,20635.47,SP,16.95515,4.326633165829146,0.09,198,0.09595959595959591,-10.267171717171717,9.595959595959592,9.0,True
54aa8463e87776b5612f4bdc4bd5d4de,7,772.8299999999999,MG,17.647142857142857,3.857142857142857,0.14285714285714285,7,0.0,-23.255714285714284,0.0,14.285714285714285,False
54c04bdb5ec46762f8f08c7e8f86ed4a,18,3867.55,SC,26.721666666666668,4.333333333333333,0.1111111111111111,18,0.11111111111111116,-9.661666666666667,11.111111111111116,11.11111111111111,False
55029529919c0123526150bd26ca8f20,7,588.83,MG,19.268571428571427,4.714285714285714,0.0,7,0.0,-13.692857142857141,0.0,0.0,False
553a440137d6e0cf776aee0bb83ac9f5,2,175.14,SP,15.17,1.0,1.0,2,0.5,-5.88,50.0,100.0,False
5563732abe64c3036cb97ad924128dd1,2,441.6,SP,18.8,4.5,0.0,2,0.0,-9.655000000000001,0.0,0.0,False
5566627eab3fe93fd6ee08798226101a,5,187.81,PR,20.462,4.4,0.0,5,0.0,-16.562,0.0,0.0,False
556a6409838156ea299c9d1f9e2dde43,4,1449.64,PR,21.71,3.25,0.5,4,0.0,-12.8825,0.0,50.0,False
557f22c76691849db52d2abccf0015d0,13,1192.56,GO,25.13076923076923,3.0833333333333335,0.3076923076923077,12,0.0,-14.900833333333333,0.0,30.76923076923077,False
5587130f9850696ed7fafbc91c2cee44,2,103.49,SP,16.845,5.0,0.0,2,0.0,-9.895,0.0,0.0,False
559d56f3b8f0bc2e5a9a62fe2ce2a39f,2,433.72,SC,24.36,2.5,0.5,2,0.5,-1.525,50.0,50.0,False
55a5b51f93f2b70ea513f5a047b0262a,39,4891.77,MG,22.255641025641026,4.461538461538462,0.05128205128205128,39,0.07692307692307687,-11.684358974358974,7.692307692307687,5.128205128205128,True
55bb6fe5bebe5012e2d7d9928e1128ff,15,2393.02,SP,38.431333333333335,3.466666666666667,0.4,15,0.1333333333333333,-10.093333333333334,13.33333333333333,40.0,False
55c26bcb609f480eb7868594245febb5,6,878.1100000000001,SP,30.619999999999994,4.0,0.16666666666666666,6,0.0,-9.405,0.0,16.666666666666664,False
55c96925041a14097b6a7825554f4ad5,5,411.24,SP,36.488,3.8,0.2,4,0.5,-5.6825,50.0,20.0,False
55d3daac7c404d59e51c2aa2f4dc5a23,21,5790.4800000000005,SP,62.37523809523809,4.095238095238095,0.09523809523809523,21,0.0,-10.672857142857143,0.0,9.523809523809524,False
55dedd83e501d8248880557d9073cbfd,7,1060.3500000000001,RJ,13.564285714285715,4.857142857142857,0.0,7,0.0,-7.08,0.0,0.0,False
55f7a3319d80f7fdf078b8f03e6725fe,22,3420.4500000000003,SP,18.485,3.772727272727273,0.18181818181818182,22,0.09090909090909094,-5.734090909090909,9.090909090909093,18.181818181818183,False
562f8cfc51f265411f487d07e9c40e7f,13,966.25,MG,15.333076923076922,4.538461538461538,0.0,13,0.15384615384615385,-7.185384615384615,15.384615384615385,0.0,False
562fc2f2c2863ab7e79a9e4388a58a14,256,13043.74,SP,16.685703125,4.248031496062992,0.08984375,251,0.03585657370517925,-12.336613545816732,3.585657370517925,8.984375,True
5656537e588803a555b8eb41f07a944b,174,11498.63,DF,19.55316091954023,3.8735632183908044,0.19540229885057472,171,0.07602339181286555,-11.030643274853801,7.602339181286554,19.54022988505747,True
5659d77e8d90378e39b960ad5956f64e,2,213.13,SP,15.325,2.5,0.5,2,0.5,-4.285,50.0,50.0,False
56642bcb79900e777d68e91915cb4267,48,4471.79,SP,16.961458333333333,4.0625,0.14583333333333334,48,0.08333333333333337,-12.976041666666667,8.333333333333337,14.583333333333334,True
5670f4db5b62c43d542e1b2d56b0cf7c,21,7194.450000000001,SP,27.23857142857143,4.380952380952381,0.09523809523809523,21,0.04761904761904767,-13.256666666666666,4.761904761904767,9.523809523809524,False
56a8b450e802502ba53a9885ee38e29f,1,77.65,SP,15.2,1.0,1.0,0,,,,100.0,False
56db5c0782e8f7ddc9343f9576ff6d16,2,791.9499999999999,SC,28.575,3.0,0.5,2,0.0,-20.695,0.0,50.0,False
56e361f411e38dcef17cdc2a3d99628b,5,3155.76,SP,371.552,4.0,0.2,5,0.19999999999999996,-7.066,19.999999999999996,20.0,False
56f413900b5166ab4d730e9ac0b12cb0,3,194.24,SP,14.15,4.666666666666667,0.0,3,0.0,-7.623333333333334,0.0,0.0,False
570d4583587a5fe2d47c7be89b91ad27,2,148.92000000000002,SP,11.835,5.0,0.0,2,0.0,-9.86,0.0,0.0,False
5721089ba9214e80074f27d5a03fc0eb,5,312.57,SP,13.328,5.0,0.0,5,0.0,-10.847999999999999,0.0,0.0,False
5733d806668f8712c24b9abaefbfa642,2,329.68,SP,42.94,5.0,0.0,2,0.0,-16.195,0.0,0.0,False
5741dc2bf5044c34d0698681c5081bed,3,123.74999999999999,SP,11.35,5.0,0.0,3,0.0,-7.713333333333334,0.0,0.0,False
575df70bde3f9f2b30bf8d2e9910d725,26,6033.31,SP,28.87923076923077,4.1923076923076925,0.11538461538461539,26,0.07692307692307687,-15.275384615384613,7.692307692307687,11.538461538461538,False
577719699805dd125d5b6fdde5943bba,8,1287.3600000000001,RS,26.195,4.375,0.125,8,0.125,-15.56625,12.5,12.5,False
578460d8319c51dab351cd9db95eadfe,1,270.45,GO,35.45,3.0,0.0,0,,,,0.0,False
578fa3a9cb6b6dceab39231ad59cdaca,3,187.2,CE,12.4,3.6666666666666665,0.3333333333333333,3,0.33333333333333337,1.7633333333333334,33.333333333333336,33.33333333333333,False
5795aebfe331fbcd02a2c4b679fb7952,5,1250.41,SC,23.682,4.4,0.0,5,0.0,-15.687999999999999,0.0,0.0,False
579891617139df7d8671d373f0669622,8,408.5,RJ,16.025,4.5,0.125,8,0.25,-10.105,25.0,12.5,False
57a834594e1e9e9219603bfec184eadc,1,166.05,RS,27.05,5.0,0.0,1,0.0,-36.29,0.0,0.0,False
57c764b4a836300be881e2ff86e449f9,28,1668.16,SP,16.680714285714284,4.2592592592592595,0.10714285714285714,27,0.14814814814814814,-8.458518518518519,14.814814814814813,10.714285714285714,False
57d2ba47f7a3209aa347532ae75c1165,2,458.24,SC,70.12,4.0,0.0,2,0.0,-13.104999999999999,0.0,0.0,False
57df9869a600bd6b7c405f2a862eccfb,5,197.20999999999998,MG,14.442000000000002,4.4,0.0,5,0.0,-18.72,0.0,0.0,False
57e632711dec9ec14ca7546769483e7e,61,7620.08,SC,19.721639344262293,4.409836065573771,0.04918032786885246,61,0.0,-15.941967213114754,0.0,4.918032786885246,True
57fe6232e67823593374a2281d7a8af8,8,284.04,SP,13.17,4.75,0.0,8,0.0,-9.8825,0.0,0.0,False
582d4f8675b945722eda7c0cb61ba4c7,55,5597.33,SP,17.824545454545454,4.218181818181818,0.14545454545454545,55,0.018181818181818188,-12.868727272727272,1.8181818181818188,14.545454545454545,True
585175ec331ea177fa47199e39a6170a,1,3602.47,MG,53.47,5.0,0.0,1,0.0,-14.31,0.0,0.0,False
586a871d4f1221763fddb6ceefdeb95e,1,239.48,RS,41.48,1.0,1.0,1,1.0,22.59,100.0,100.0,False
5882820ef11c4c068eea0677a7a879b4,14,10664.81,RS,52.807857142857145,4.153846153846154,0.0,14,0.0714285714285714,-16.709285714285716,7.14285714285714,0.0,False
5882f40daf39bc2a465e0cb453ddc222,1,698.9,SP,58.9,2.0,1.0,0,,,,100.0,False
58b98ccb79873e04eac4357cacc590d9,1,31.91,SP,8.91,1.0,1.0,0,,,,100.0,False
58c851d1a3c7cd3da329eb59453fed44,2,293.26,SP,12.135000000000002,5.0,0.0,2,0.0,-10.61,0.0,0.0,False
58e4b302b54937e55a678c4d15111da4,3,328.85,PR,16.353333333333335,2.3333333333333335,0.6666666666666666,1,0.0,-47.38,0.0,66.66666666666666,False
58f1a6197ed863543e0136bdedb3fce2,44,8010.16,MG,24.937727272727273,4.181818181818182,0.13636363636363635,42,0.023809523809523836,-15.015476190476189,2.3809523809523836,13.636363636363635,True
59417c56835dd8e2e72f91f809cd4092,18,37657.770000000004,SP,66.59833333333333,4.277777777777778,0.1111111111111111,18,0.0,-20.607222222222223,0.0,11.11111111111111,False
594f9aaa48e5bf431f011ddc5669b0d5,37,4136.41,MG,23.98945945945946,4.594594594594595,0.02702702702702703,37,0.027027027027026973,-13.018378378378378,2.7027027027026973,2.7027027027027026,True
5962468f885ea01a1b6a97a218797b0a,8,928.04,PR,17.13,4.142857142857143,0.125,6,0.0,-13.423333333333334,0.0,12.5,False
596849622429351f47b32e6cae1055ff,12,1191.96,SP,12.671666666666667,4.454545454545454,0.0,11,0.0,-8.138181818181819,0.0,0.0,False
5996cddab893a4652a15592fb58ab8db,1,880.75,SP,70.75,5.0,0.0,1,0.0,-15.41,0.0,0.0,False
59b22a78efb79a4797979612b885db36,123,31975.71,MG,39.496016260162605,4.0,0.1951219512195122,123,0.13008130081300817,-9.20780487804878,13.008130081300816,19.51219512195122,True
59bbc819b99a733f02f0d6b49d1c253d,2,162.75,SP,11.475000000000001,5.0,0.0,2,0.0,-11.635,0.0,0.0,False
59cd88080b93f3c18508673122d26169,10,567.7099999999999,SP,17.538,4.7,0.0,10,0.19999999999999996,-8.615,19.999999999999996,0.0,False
59cea8e446d3834393058e7e0666b6fb,10,901.14,PR,20.454,4.6,0.0,10,0.0,-15.778,0.0,0.0,False
59de1d4c8c057c2a53acd4ca66531af2,1,156.75,PR,21.75,5.0,0.0,1,0.0,-4.99,0.0,0.0,False
59fb871bf6f4522a87ba567b42dafecf,126,23754.760000000002,SP,16.239603174603175,4.232,0.0873015873015873,123,0.06504065040650409,-13.983170731707318,6.504065040650408,8.73015873015873,True
5a05a16bb50629ee31afab8a6d4c2674,14,1075.48,RS,20.084285714285716,4.214285714285714,0.07142857142857142,14,0.0714285714285714,-11.12857142857143,7.14285714285714,7.142857142857142,False
5a32c398a06c345440bf2a683b017ad3,2,102.97,RJ,11.585,3.0,0.5,1,0.0,-6.14,0.0,50.0,False
5a413ade68e8f8d93071a7f52a64cb9e,14,932.67,SP,10.983571428571429,4.642857142857143,0.07142857142857142,14,0.1428571428571429,-3.934285714285714,14.28571428571429,7.142857142857142,False
5a4236931428800e9d9cc04af0987118,1,90.66,SP,45.69,5.0,0.0,1,0.0,-12.38,0.0,0.0,False
5a425cc503b39b262a847fd6212bf53b,15,1630.1000000000001,PR,17.967333333333332,4.214285714285714,0.13333333333333333,14,0.0714285714285714,-9.117142857142857,7.14285714285714,13.333333333333334,False
5a6a02f419701fc8c605af71d4fc57a4,10,714.41,SP,11.391,4.8,0.0,10,0.09999999999999998,-8.559000000000001,9.999999999999998,0.0,False
5a8e7d5003a1f221f9e1d6e411de7c23,133,13581.63,SP,19.477744360902257,4.159090909090909,0.12781954887218044,131,0.06106870229007633,-11.17526717557252,6.106870229007633,12.781954887218044,True
5a93f3ab0ef4c84ed5e1b5dbf23978bc,39,3035.39,SP,17.875384615384615,4.6923076923076925,0.05128205128205128,38,0.02631578947368418,-18.11315789473684,2.631578947368418,5.128205128205128,True
5a9b3bcab695173c820e53934574ae80,1,203.76999999999998,SP,64.77,5.0,0.0,1,0.0,-25.16,0.0,0.0,False
5a9c0859cb00fd8aa4db443837f0a700,2,255.59000000000003,SC,23.795,4.5,0.0,2,0.0,-13.72,0.0,0.0,False
5aaa890629f83706d8d9bfecd8377c1c,1,66.82,RJ,17.92,1.0,1.0,0,,,,100.0,False
5ab05b6d86d417796c69ffd6774ec832,10,2142.85,SP,25.675,3.8,0.2,10,0.09999999999999998,-11.123000000000001,9.999999999999998,20.0,False
5abb8ea023c77787f2c15da891c8d384,13,2987.2,SC,57.400000000000006,3.923076923076923,0.15384615384615385,13,0.23076923076923073,-6.4799999999999995,23.076923076923073,15.384615384615385,False
5acd070dd3fe441bbb2ec1f1ede515ee,7,886.37,SP,17.45714285714286,3.0,0.42857142857142855,7,0.4285714285714286,4.839999999999999,42.85714285714286,42.857142857142854,False
5b07547f10dd980738a1a27f685af669,13,1320.0700000000002,SP,14.266923076923076,4.461538461538462,0.07692307692307693,13,0.15384615384615385,-5.069999999999999,15.384615384615385,7.6923076923076925,False
5b0cc932433fa5184b5b94bfe6bcc256,12,1994.0900000000001,SP,46.357499999999995,3.5833333333333335,0.3333333333333333,12,0.25,-7.4325,25.0,33.33333333333333,False
5b179e9e8cc7ab6fd113a46ca584da81,34,5839.14,SP,19.57764705882353,3.6666666666666665,0.20588235294117646,34,0.08823529411764708,-11.047647058823529,8.823529411764708,20.588235294117645,True
5b2e94f2c22b39ccc24d34ad0f669672,9,1240.16,SP,39.59777777777778,4.888888888888889,0.0,9,0.11111111111111116,-11.775555555555556,11.111111111111116,0.0,False
5b33b527da3c5b969cc99dc435cad09a,16,2238.34,PR,22.846875,4.125,0.125,16,0.0625,-13.411875,6.25,12.5,False
5b35136197710e16ac5e7b7c2bd4ea85,7,3350.29,RJ,35.15571428571428,2.5714285714285716,0.5714285714285714,7,0.2857142857142857,-5.332857142857143,28.57142857142857,57.14285714285714,False
5b51032eddd242adc84c38acab88f23d,12,4269.3099999999995,MG,32.467499999999994,4.0,0.08333333333333333,12,0.0,-14.9,0.0,8.333333333333332,False
5b581417df4480f632484ba681e53944,12,2376.3,SC,48.80833333333334,3.5,0.25,11,0.2727272727272727,-5.540909090909091,27.27272727272727,25.0,False
5b664594895aefb418afaee6d40a9a23,16,1301.84,RJ,14.69,3.9375,0.1875,16,0.0,-11.29625,0.0,18.75,False
5b67882648febfb6e1225e6ad7164f6b,27,7676.77,PR,24.014444444444443,4.0,0.14814814814814814,27,0.03703703703703709,-12.59888888888889,3.703703703703709,14.814814814814813,False
5b8154610ebb21fb90eb587365e673df,38,10474.98,SP,28.353684210526318,4.184210526315789,0.13157894736842105,37,0.10810810810810811,-9.288378378378379,10.81081081081081,13.157894736842104,True
5b85809efd0d0e4dea1a9544e1280ed9,12,2097.36,SP,24.396666666666665,4.25,0.08333333333333333,12,0.0,-15.908333333333333,0.0,8.333333333333332,False
5b925e1d006e9476d738aa200751b73b,63,8801.84,SP,16.719682539682537,4.603174603174603,0.047619047619047616,63,0.06349206349206349,-10.505238095238095,6.349206349206349,4.761904761904762,True
5b92bfa4120daa27c574daa2e386c693,1,24.96,SP,10.96,3.0,0.0,1,0.0,-8.56,0.0,0.0,False
5b97c06a046398e7005b2b7c0d707a92,4,1769.5900000000001,MG,62.4075,3.25,0.25,3,0.6666666666666667,-1.8533333333333335,66.66666666666667,25.0,False
5bba18b40e8c973b0f32e748004775b0,1,784.8000000000001,SP,44.82,5.0,0.0,1,0.0,-45.35,0.0,0.0,False
5bc237df65098fe211bb4818f4d26d78,2,183.89,MG,28.545,4.5,0.0,2,0.0,-31.839999999999996,0.0,0.0,False
5bc24d989e71e93c33e50a7782431b0e,17,3736.53,MG,34.61941176470588,4.352941176470588,0.11764705882352941,17,0.0,-15.78529411764706,0.0,11.76470588235294,False
5bc55dbe2f12b6af6d83ed46023e0dc8,16,3484.38,MG,27.343125,2.5,0.5625,16,0.25,-6.71125,25.0,56.25,False
5bf397d04035b5f45cc41e82ec106803,3,1572.28,SP,15.76,4.333333333333333,0.0,3,0.0,-18.543333333333333,0.0,0.0,False
5bffbafbb22daf6d3bfc216a46db8708,21,5694.2,RJ,21.642857142857142,4.761904761904762,0.0,21,0.0,-16.173809523809524,0.0,0.0,False
5c030029b5916fed0986310385ec9009,7,5079.9,SC,130.78571428571428,4.857142857142857,0.0,7,0.0,-18.638571428571428,0.0,0.0,False
5c243662ce92d84573bfaff24c3e3700,98,34637.66,SP,18.11877551020408,4.144329896907217,0.10204081632653061,98,0.030612244897959218,-13.025408163265306,3.0612244897959218,10.204081632653061,True
5c3460cd3e8a984382ae254e7dd20d9f,9,974.3,SP,22.06,4.666666666666667,0.0,9,0.0,-13.526666666666666,0.0,0.0,False
5c603ffb38cbbf25a0e0698941324143,2,393.61,MG,22.405,1.0,1.0,0,,,,100.0,False
5c6d4016c2a288f074fa0848a2b653d2,31,3574.16,SP,16.36,4.032258064516129,0.16129032258064516,30,0.09999999999999998,-9.113666666666667,9.999999999999998,16.129032258064516,True
5c853bb56f70f4d14218944bae111d7a,20,454.75,SP,11.2005,4.25,0.15,20,0.0,-10.628,0.0,15.0,False
5ca5d579b5857ee8709479b1047cecc3,2,363.88,SP,11.995000000000001,1.0,1.0,1,1.0,5.73,100.0,100.0,False
5cbbd5a299cab112b7bf23862255e43e,34,3306.2000000000003,PR,19.716470588235296,4.352941176470588,0.08823529411764706,34,0.0,-13.315000000000001,0.0,8.823529411764707,True
5cf13accae3222c70a9cac40818ae839,147,17581.97,MG,20.952244897959183,4.5,0.06802721088435375,146,0.03424657534246578,-13.223904109589041,3.424657534246578,6.802721088435375,True
5cf1ec37aea089f45110c70653a166ab,3,93.1,SP,14.366666666666667,3.6666666666666665,0.3333333333333333,2,0.0,-8.44,0.0,33.33333333333333,False
5d0363b33554b373851fc1622e4d5f3c,94,8980.39,SP,24.06276595744681,4.042553191489362,0.1276595744680851,93,0.08602150537634412,-8.200645161290323,8.602150537634412,12.76595744680851,True
5d043cd5512d4bd2f88e5ccdd5736c38,1,714.91,SP,64.91,2.0,1.0,1,0.0,-8.63,0.0,100.0,False
5d378b73ab7dd6f0418d743e5dcb0bd1,7,13636.279999999999,SP,56.18285714285714,3.857142857142857,0.14285714285714285,6,0.16666666666666663,3.538333333333334,16.666666666666664,14.285714285714285,False
5d3bb11474a06bdc23fb9e89f1164ee0,31,4178.82,SP,16.91032258064516,3.903225806451613,0.16129032258064516,31,0.032258064516129004,-12.660322580645161,3.2258064516129004,16.129032258064516,True
5d505d2298ad549e4e4e835562fa0c1e,2,278.14,SP,14.169999999999998,5.0,0.0,2,0.0,-16.43,0.0,0.0,False
5d76d80a2f5f39c891b996a1bf4c9853,6,1556.8600000000001,SP,33.07666666666667,4.833333333333333,0.0,6,0.0,-9.731666666666667,0.0,0.0,False
5d9dc90a686a8fddacffab6bab5653a3,12,4131.27,SP,30.7775,4.166666666666667,0.08333333333333333,12,0.08333333333333337,-8.9125,8.333333333333337,8.333333333333332,False
5d9f3746e112e696f98ea22c56b3e912,1,1370.41,SP,47.77,5.0,0.0,1,0.0,-16.2,0.0,0.0,False
5db42a6cd9bf1bf0d3aab9582767f168,1,219.32999999999998,ES,19.33,5.0,0.0,1,0.0,-5.29,0.0,0.0,False
5dc203c7b84a0e71e878a179de05fb9a,5,550.05,SP,25.630000000000003,4.0,0.2,5,0.0,-11.61,0.0,20.0,False
5dc4bdaf869e8c77c648078cbe8d59c2,1,327.49,SC,34.5,1.0,1.0,0,,,,100.0,False
5dceca129747e92ff8ef7a997dc4f8ca,323,126210.1,SP,42.58105263157895,3.993730407523511,0.19504643962848298,320,0.0625,-10.5856875,6.25,19.5046439628483,True
5de1c80811ce7007f62f00d971236c09,2,107.75,SC,15.475000000000001,5.0,0.0,2,0.0,-13.684999999999999,0.0,0.0,False
5debea795b07621e1f90532e18f96145,25,2388.13,PR,20.174,4.36,0.08,25,0.0,-17.903599999999997,0.0,8.0,False
5def4c3732941a971cba8fdee992ede1,5,201.04,SP,13.248,4.6,0.0,5,0.0,-5.378,0.0,0.0,False
5e063e85d44b0f5c3e6ec3131103a57e,1,30.32,SP,7.42,5.0,0.0,1,0.0,-6.29,0.0,0.0,False
5e105f5c9f63f5f1fd75d6cb942e55b1,8,1745.73,SP,34.22875,4.5,0.125,8,0.125,-6.105,12.5,12.5,False
5e106d93b717c2682b9383da480364a1,1,467.60999999999996,PR,21.71,5.0,0.0,1,0.0,-25.25,0.0,0.0,False
5e25c632f9db6cfb8bc100421c2737b6,1,278.91,SC,19.91,5.0,0.0,1,0.0,-23.05,0.0,0.0,False
5e49e3a44bdeb5aab2684258bbd4f525,3,559.77,SC,17.59,4.666666666666667,0.0,3,0.33333333333333337,-10.03,33.333333333333336,0.0,False
5e9f5bd34e0830569f05c9d4f56e04a8,2,274.86,RS,17.44,4.5,0.0,2,0.0,-9.685,0.0,0.0,False
5ee7fd217d08dfe5d3e2f51f96a12c9a,9,1435.18,SP,29.964444444444446,3.4444444444444446,0.3333333333333333,9,0.2222222222222222,-7.713333333333334,22.22222222222222,33.33333333333333,False
5eeb9c756d9780b96283e5a2ac6da334,9,2718.74,SP,27.526666666666667,4.222222222222222,0.1111111111111111,9,0.2222222222222222,-8.5,22.22222222222222,11.11111111111111,False
5ef131ac72773e5b3f6c0d63cf424657,10,849.62,SP,26.193,4.1,0.2,10,0.0,-9.912,0.0,20.0,False
5f0057b677eb963672bf05dfa3f16c34,5,379.89000000000004,SP,13.402000000000001,4.2,0.2,4,0.0,-34.665,0.0,20.0,False
5f06030071324cc52bf0304014ac7234,3,654.1800000000001,SP,22.070000000000004,4.666666666666667,0.0,3,0.0,-12.206666666666669,0.0,0.0,False
5f1dc28029d2c244352a68107ec2b542,60,3678.29,SP,16.2315,4.47457627118644,0.05,60,0.06666666666666665,-15.240666666666666,6.666666666666665,5.0,True
5f2684dab12e59f83bef73ae57724e45,68,10123.06,SP,16.50279411764706,3.8088235294117645,0.23529411764705882,67,0.05970149253731338,-10.340298507462686,5.970149253731338,23.52941176470588,True
5f26c1408a65b42a7224cd463bdf3292,10,1357.09,PR,21.729,4.8,0.0,10,0.0,-14.73,0.0,0.0,False
5f3ae9136c875522250f8184f253413a,43,1773.76,SP,14.32,4.642857142857143,0.023255813953488372,42,0.0714285714285714,-11.702619047619047,7.14285714285714,2.3255813953488373,True
5f57db27027655e6c6a391601daa0258,1,151.04,ES,53.04,5.0,0.0,1,0.0,-7.18,0.0,0.0,False
5f5a58930c3c35f3b5af264f34fb8c85,3,628.5899999999999,SP,22.863333333333333,5.0,0.0,3,0.0,-21.24,0.0,0.0,False
5f5b43b2bffa8656e4bc6efeb13cc649,26,4116.32,SP,20.696923076923078,4.423076923076923,0.07692307692307693,26,0.038461538461538436,-13.28076923076923,3.8461538461538436,7.6923076923076925,False
5f67c6082caacb26e431a7b17940cece,13,1871.03,PR,16.033076923076923,3.5384615384615383,0.23076923076923078,13,0.3076923076923077,-0.8069230769230766,30.76923076923077,23.076923076923077,False
5f7300535881cef3b625fd683cf7d145,9,767.77,RS,16.773333333333333,4.777777777777778,0.0,9,0.0,-11.645555555555555,0.0,0.0,False
5fd924b4836098a5be0ecf81ba054ce0,7,1284.34,SP,19.36285714285714,4.0,0.14285714285714285,7,0.0,-26.072857142857142,0.0,14.285714285714285,False
602044f2c16190c2c6e45eb35c2e21cb,49,4681.71,SP,19.237755102040815,3.125,0.3877551020408163,47,0.19148936170212771,-7.999787234042554,19.14893617021277,38.775510204081634,True
6025c79c035c3d772133b8b8238463b2,2,1098.33,PR,54.295,5.0,0.0,2,0.0,-10.754999999999999,0.0,0.0,False
6039e27294dc75811c0d8a39069f52c0,64,16090.300000000001,SP,37.3971875,3.6875,0.203125,63,0.2222222222222222,-6.62,22.22222222222222,20.3125,True
60562ab00b8054280520d390c8c0045c,17,3247.09,SP,17.88764705882353,4.764705882352941,0.0,17,0.0,-13.531764705882352,0.0,0.0,False
6061155addc1e54b4cfb51c1c2a32ad8,27,16476.06,SP,31.91333333333333,4.777777777777778,0.0,27,0.03703703703703709,-8.172222222222222,3.703703703703709,0.0,False
606ce7768feac12c5e8bd58db8b08f0f,5,3158.2799999999997,SP,24.356,4.8,0.0,5,0.0,-9.308,0.0,0.0,False
609e1a9a6c2539919b8205cf7c4e6ff0,81,9126.61,SC,32.385061728395065,3.8987341772151898,0.1728395061728395,81,0.024691358024691357,-15.530246913580248,2.4691358024691357,17.28395061728395,True
60ad151920c4f6f3ebbe8cfdf6166779,2,150.67000000000002,SP,10.335,1.0,1.0,0,,,,100.0,False
60da8bfa7eebe230b7d66ac4082d79b3,3,125.27,SP,12.89,4.333333333333333,0.0,3,0.33333333333333337,-7.563333333333333,33.333333333333336,0.0,False
610f72e407cdd7caaa2f8167b0163fd8,16,14477.26,SP,53.50625,3.625,0.3125,16,0.125,-8.80375,12.5,31.25,False
612170e34b97004b3ba37eae81836b4c,106,25241.64,RS,21.40679245283019,4.433962264150943,0.07547169811320754,106,0.018867924528301883,-17.618113207547168,1.8867924528301883,7.547169811320755,True
612a743d294c27884fb7b80d2b19ba35,2,3162.15,PR,52.225,4.5,0.0,2,0.0,-17.63,0.0,0.0,False
615005a3ef192c00c6f0e977cee3d2bc,9,403.82,SP,15.635555555555555,4.111111111111111,0.2222222222222222,9,0.2222222222222222,-9.81111111111111,22.22222222222222,22.22222222222222,False
615c3462099ffa940d37b17dfda19594,2,261.05,RJ,16.025,5.0,0.0,2,0.0,-15.120000000000001,0.0,0.0,False
6179a28a13a726c29b3bf54c070dccab,2,686.24,MG,43.120000000000005,3.0,0.5,1,0.0,-9.05,0.0,50.0,False
6187a137b2af59dfdbad8d9f8c373c14,2,105.02,SP,15.11,3.0,0.5,2,0.0,-10.79,0.0,50.0,False
61b18775be84fb700a6b2d0ba097bf66,4,436.01,SP,25.3775,4.75,0.0,4,0.0,-10.47,0.0,0.0,False
61b893c57e33626afb104d4112b1be76,1,88.08999999999999,MG,13.1,1.0,1.0,0,,,,100.0,False
61c36f0fc4a47f9532e5512b66668e62,1,767.69,SP,17.69,1.0,1.0,1,0.0,-6.29,0.0,100.0,False
61f159ef6da2d441951d2c0efa719362,2,131.91,ES,18.465,1.0,1.0,0,,,,100.0,False
620c87c171fb2a6dd6e8bb4dec959fc6,736,128505.06,RJ,19.074945652173913,4.257887517146776,0.12364130434782608,718,0.09999999999999998,-13.068472222222221,9.999999999999998,12.364130434782608,True
6219ba2359cfb97f2e38fd4c321eb309,6,590.55,SP,17.175,3.4,0.3333333333333333,5,0.6,2.9579999999999997,60.0,33.33333333333333,False
6235903333ba7de1928c869e268e5964,1,135.48000000000002,SC,41.42,5.0,0.0,1,0.0,-16.26,0.0,0.0,False
623ad9d0c1e14bb5464a8c72bff7b4af,1,133.96,MG,38.96,4.0,0.0,1,0.0,-0.07,0.0,0.0,False
624f4ece8da4aafb77699233d480f8ef,52,11117.11,SP,33.33307692307692,4.235294117647059,0.11538461538461539,51,0.07843137254901966,-9.829411764705883,7.843137254901967,11.538461538461538,True
626ab1cd96932367f0eeec2e47046c12,3,1390.4699999999998,SP,26.823333333333334,4.666666666666667,0.0,3,0.0,-13.203333333333333,0.0,0.0,False
62760d278921b5f352461620d68a9cee,3,450.1,SP,17.7,3.6666666666666665,0.3333333333333333,3,0.33333333333333337,-13.733333333333334,33.333333333333336,33.33333333333333,False
6288c69c4ce638e59925e59193f98b16,22,4812.4800000000005,SP,13.918181818181818,3.9545454545454546,0.13636363636363635,20,0.050000000000000044,-11.442,5.000000000000004,13.636363636363635,False
62c50c1af4dfdc4149d25c5222043d39,14,3096.03,SP,22.165,3.7142857142857144,0.2857142857142857,12,0.0,-17.232499999999998,0.0,28.57142857142857,False
62d977e2b2aee830de3e039a28490d12,2,432.12,PR,16.16,1.0,1.0,0,,,,100.0,False
62de60d81c55c29d76a6bce418b31cef,1,126.87,SP,23.87,4.0,0.0,1,0.0,-1.99,0.0,0.0,False
630008e0f062605a415d694489f6f82e,2,135.5,SP,15.175,3.5,0.5,1,0.0,-6.21,0.0,50.0,False
63191ead8d3b2f937cd1996fdcbbad20,1,420.29,SP,53.29,5.0,0.0,1,0.0,-25.4,0.0,0.0,False
63272377184e969942f7fff221be858d,2,216.23,SP,33.265,5.0,0.0,2,0.0,-7.99,0.0,0.0,False
6338ea67c41078a46ad99cc009654956,36,3193.0299999999997,RS,25.470277777777778,4.617647058823529,0.05555555555555555,36,0.0,-15.157499999999999,0.0,5.555555555555555,True
633ecdf879b94b5337cca303328e4a25,6,1125.49,SP,14.648333333333333,1.8,0.6666666666666666,6,0.6666666666666667,7.31,66.66666666666667,66.66666666666666,False
634964b17796e64304cadf1ad3050fb7,264,45530.49,RJ,22.5057196969697,4.068441064638783,0.14772727272727273,261,0.10344827586206895,-9.535632183908046,10.344827586206895,14.772727272727273,True
63704069d9bd3a75c1cf59babe56004a,1,66.69,SP,7.39,1.0,1.0,1,1.0,7.78,100.0,100.0,False
638cba8be1fb599bbb76fd6948351eb3,17,913.87,SP,18.568823529411766,4.647058823529412,0.058823529411764705,16,0.0,-10.58375,0.0,5.88235294117647,False
63a79f5a7eb5cb48a7e5787b141c7993,11,1114.21,MG,19.764545454545456,4.545454545454546,0.0,11,0.0,-13.488181818181818,0.0,0.0,False
63b464dbf392c7b80d12d932fa7cafed,37,7662.25,SP,23.81756756756757,3.7837837837837838,0.1891891891891892,36,0.05555555555555558,-14.114166666666668,5.555555555555558,18.91891891891892,True
63b9ae557efed31d1f7687917d248a8d,5,242.31,SP,20.562,4.2,0.2,5,0.0,-19.452,0.0,20.0,False
63bc58679c44e8a998792119fd7ad23e,1,34.01,SP,14.11,1.0,1.0,0,,,,100.0,False
63ffcb71394dd8ea3872ed9ffda17c74,17,663.72,RJ,15.571764705882355,3.176470588235294,0.29411764705882354,17,0.05882352941176472,-10.459999999999999,5.882352941176472,29.411764705882355,False
640e21a7d01df7614a3b4923e990d40c,111,9779.14,SP,21.456486486486487,4.333333333333333,0.07207207207207207,110,0.07272727272727275,-9.381636363636364,7.272727272727275,7.207207207207207,True
6426d21aca402a131fc0a5d0960a3c90,23,1593.82,SP,16.703478260869566,4.173913043478261,0.08695652173913043,23,0.04347826086956519,-12.872608695652174,4.347826086956519,8.695652173913043,False
643214e62b870443ccbe55ab29a4dccf,66,4199.78,SP,14.085606060606061,4.409090909090909,0.045454545454545456,65,0.12307692307692308,-10.221384615384615,12.307692307692308,4.545454545454546,True
643c01d7c56a724bec0454f4780e8a3e,2,246.65,SC,20.55,4.5,0.0,2,0.0,-18.72,0.0,0.0,False
6481e96574816ead57975da2c0f6d80d,31,4298.4800000000005,SP,32.27677419354839,4.258064516129032,0.06451612903225806,31,0.032258064516129004,-10.681935483870967,3.2258064516129004,6.451612903225806,True
64b87978a11c1ea7501a89eabe8c2c1a,7,591.8299999999999,SP,14.557142857142859,2.0,0.7142857142857143,0,,,,71.42857142857143,False
64c9a1db4e73e19aaafd3286dc448c96,1,482.6,PR,43.6,5.0,0.0,1,0.0,-8.95,0.0,0.0,False
64cc804291f90c81f02bfc2bb58ff55a,1,471.78999999999996,PR,23.09,5.0,0.0,1,0.0,-11.3,0.0,0.0,False
651530bf5c607240ccdd89a30c9c9712,1,224.45000000000002,BA,24.55,4.0,0.0,1,0.0,-14.48,0.0,0.0,False
651fe66032c9520ee5587f694908040d,7,592.73,RS,18.389999999999997,4.0,0.14285714285714285,7,0.0,-8.3,0.0,14.285714285714285,False
6524b847b982cd56bb5d4b02b776ee42,1,834.9399999999999,SP,55.14,4.0,0.0,1,1.0,16.82,100.0,0.0,False
6548c2550b6e2d8f18053216e1c7b6f3,3,287.55,SP,23.28333333333333,5.0,0.0,3,0.0,-7.283333333333334,0.0,0.0,False
655220df33262c7e0c4949a147366f94,13,2926.5299999999997,SP,52.425384615384615,4.076923076923077,0.15384615384615385,13,0.15384615384615385,-7.55923076923077,15.384615384615385,15.384615384615385,False
6560211a19b47992c3666cc44a7e94c0,1837,151077.62,SP,15.258470332063148,3.9450851180669964,0.16820903647250954,1802,0.06437291897891229,-10.7680577136515,6.437291897891228,16.820903647250955,True
6561d6bf844e464b4019442692b40e02,1,49.449999999999996,SP,7.55,5.0,0.0,1,0.0,-6.17,0.0,0.0,False
6562efe88ce0826a4ca4f189f03b4b84,9,1436.21,PR,33.367777777777775,3.7777777777777777,0.1111111111111111,8,0.125,-8.765,12.5,11.11111111111111,False
656591be56071d4c9ef4e5fee78a578a,7,2021.2,SP,45.6,4.571428571428571,0.0,7,0.2857142857142857,-5.2871428571428565,28.57142857142857,0.0,False
6576fd3e23c88f0e5d4d23f39bba0542,1,25.46,SP,10.96,1.0,1.0,0,,,,100.0,False
657969cca82e884d272385ec0ef06edd,3,191.56,RS,17.286666666666665,4.666666666666667,0.0,3,0.0,-23.600000000000005,0.0,0.0,False
659e8466eb3ff1b0e8740d74fb7bbedd,11,1880.0,BA,35.74545454545454,4.363636363636363,0.09090909090909091,11,0.0,-18.772727272727273,0.0,9.090909090909092,False
65a7c0788e4d632ccb5e1b594b87f0bb,3,384.12,SP,39.14,4.333333333333333,0.0,3,0.0,-13.266666666666666,0.0,0.0,False
65b081a070633e057c462abdd6fb9dd8,19,2326.67,GO,23.241052631578945,4.315789473684211,0.10526315789473684,19,0.0,-16.73526315789474,0.0,10.526315789473683,False
65c255b299faf2d12050937cc219c46c,2,110.08000000000001,SP,10.94,4.5,0.0,2,0.0,-11.829999999999998,0.0,0.0,False
65febd49fd28ec955651299159b1f527,35,5301.14,SP,28.04114285714286,4.314285714285714,0.11428571428571428,33,0.06060606060606055,-12.294848484848485,6.060606060606055,11.428571428571429,True
6601ee6383e7f452be71929f8de48bbb,2,181.94,SP,14.17,4.0,0.0,2,0.0,-17.155,0.0,0.0,False
6614814a00d344b846ae209f95ee7e3f,1,25.689999999999998,SP,12.69,1.0,1.0,1,0.0,-15.24,0.0,100.0,False
661ad5fcc28cdfb8bcadb12bb2272475,4,329.71,SC,29.945,5.0,0.0,4,0.0,-19.0275,0.0,0.0,False
6624bc09786f0e41ae48dfc5eeb1a9e2,1,107.01,MG,17.47,5.0,0.0,1,0.0,-33.26,0.0,0.0,False
6650fcccd8cd2f7e55ffa524f30c4c59,3,743.9300000000001,SP,56.410000000000004,2.6666666666666665,0.6666666666666666,2,0.0,-11.645,0.0,66.66666666666666,False
666658b8da8370f30e1f89893b1de5e6,1,321.34,SP,23.34,5.0,0.0,0,,,,0.0,False
668bf321538e5072858eaef6087ce027,1,28.009999999999998,PR,8.11,5.0,0.0,1,0.0,-9.12,0.0,0.0,False
66922902710d126a0e7d26b0e3805106,150,17600.19,MG,21.4866,4.496644295302014,0.05333333333333334,149,0.0738255033557047,-9.550939597315436,7.38255033557047,5.333333333333334,True
669ae81880e08f269a64487cfb287169,161,16570.08,SC,20.911304347826086,4.2625,0.11801242236024845,160,0.043749999999999956,-13.223125,4.374999999999996,11.801242236024844,True
66d5ae34537110d3affc56174dad2b2f,1,72.18,SP,38.37,1.0,1.0,0,,,,100.0,False
66dc1b1632bd6a3e508510c5b3492107,37,4554.49,SP,19.813783783783784,3.5675675675675675,0.2702702702702703,36,0.02777777777777779,-13.996111111111112,2.777777777777779,27.027027027027028,True
66e0557ecc2b4dbea057e93f215f68d8,31,12977.99,SP,16.0641935483871,3.935483870967742,0.16129032258064516,30,0.2666666666666667,-8.132333333333333,26.66666666666667,16.129032258064516,True
66fd84ee7528c0c0de85d0f44a73d5ab,11,1891.3,RS,41.199090909090906,3.3636363636363638,0.2727272727272727,11,0.09090909090909094,-14.504545454545456,9.090909090909093,27.27272727272727,False
670a9dda115b5a88b18cfadee8de2332,11,1101.99,SP,16.644545454545455,4.454545454545454,0.0,11,0.0,-17.045454545454547,0.0,0.0,False
670c26e0f1bf8d0576271d5cfaec6d2b,78,8094.95,PR,21.978846153846153,4.269230769230769,0.08974358974358974,77,0.051948051948051965,-11.904545454545454,5.1948051948051965,8.974358974358974,True
671585f5a2af58b6e276bc01003c0d2b,27,1692.1100000000001,PR,16.596666666666668,4.703703703703703,0.037037037037037035,27,0.0,-13.254074074074074,0.0,3.7037037037037033,False
67225bff54a172ff67579aaf583efd78,8,1393.11,PA,19.388749999999998,4.5,0.0,8,0.125,-10.5725,12.5,0.0,False
674207551483fec113276b67b0d871ff,1,133.84,SP,13.94,5.0,0.0,1,0.0,-10.44,0.0,0.0,False
6750d71153f00fc58829af2a8ef1bcf1,6,3626.5,RJ,18.75,4.166666666666667,0.16666666666666666,6,0.0,-16.223333333333333,0.0,16.666666666666664,False
67883baaae6134ee81b271a542613728,19,8496.02,SP,17.269473684210528,4.105263157894737,0.10526315789473684,19,0.1578947368421053,-5.4057894736842105,15.789473684210531,10.526315789473683,False
679769a98cfcc6da877c8486ff1c13f3,21,7467.39,MG,20.875714285714285,4.571428571428571,0.047619047619047616,21,0.0,-15.013333333333332,0.0,4.761904761904762,False
67bf6941ba2f1fa1d02c375766bc3e53,16,7029.68,PR,88.73,4.125,0.125,15,0.1333333333333333,-9.221333333333332,13.33333333333333,12.5,False
67e43d802fde8cfd3f9580124f8167d1,2,78.35999999999999,SP,21.18,1.0,1.0,0,,,,100.0,False
6806dad1da97bfb5a9038eac6881f706,10,1783.26,PR,30.625999999999998,4.1,0.1,10,0.09999999999999998,-12.76,9.999999999999998,10.0,False
681fce914360217db47784ae28905a96,22,4606.37,PR,19.733636363636364,4.095238095238095,0.18181818181818182,22,0.13636363636363635,-12.049090909090909,13.636363636363635,18.181818181818183,False
6824a69c9ea0313eba299dd4a2dba09a,6,784.08,MG,19.53,4.666666666666667,0.0,6,0.0,-12.335,0.0,0.0,False
685b870da5b52a710782c9c0fefbeb5b,2,670.98,SP,21.99,2.0,0.5,2,1.0,16.75,100.0,50.0,False
6860153b69cc696d5dcfe1cdaaafcf62,74,5318.23,SP,20.14324324324324,4.095890410958904,0.14864864864864866,74,0.09459459459459463,-8.708243243243242,9.459459459459463,14.864864864864865,True
6861de0f40cacb0602e473c51639f980,5,949.73,PR,55.146,3.6,0.2,5,0.19999999999999996,-15.419999999999998,19.999999999999996,20.0,False
686886775c8f6b1191c7b953fb52708c,1,202.62,SP,13.62,5.0,0.0,1,0.0,-13.21,0.0,0.0,False
6879c4d287a8dd06b11f54ea8f78e4da,5,619.93,SP,26.45,5.0,0.0,5,0.0,-9.611999999999998,0.0,0.0,False
688756f717c462a206ad854c5027a64a,78,7600.44,SP,23.205897435897434,3.935064935064935,0.16666666666666666,76,0.09210526315789469,-7.361315789473685,9.210526315789469,16.666666666666664,True
68ca56ce86830f3d31b1b7ec6a54da3e,5,1010.05,PR,37.489999999999995,4.0,0.2,4,0.0,-14.959999999999999,0.0,20.0,False
68f86ba270525243e68ae74044f992b9,11,1071.31,RJ,17.71,4.363636363636363,0.0,10,0.09999999999999998,-13.049000000000001,9.999999999999998,0.0,False
6902157ee16728322d61a1321fa79e58,2,191.43,SP,15.815000000000001,3.0,0.5,2,0.0,-19.165,0.0,50.0,False
693660429f9dc4ff704eb3d88dad54d7,2,148.12,SP,12.059999999999999,4.0,0.0,2,0.0,-16.205,0.0,0.0,False
695051e2981c8b19e77cafe450d5bdf3,1,182.45,SP,12.69,5.0,0.0,1,0.0,-7.3,0.0,0.0,False
6973a06f484aacf400ece213dbf3d946,87,11846.35,SP,14.658965517241379,3.5930232558139537,0.25287356321839083,81,0.18518518518518523,-5.802839506172839,18.518518518518523,25.287356321839084,True
698624c6632eeba1774924dbea24c700,1,35.129999999999995,SP,15.23,5.0,0.0,1,0.0,-10.18,0.0,0.0,False
6989574bd97d9773f10d232b6c07da59,7,2799.5,PR,45.871428571428574,4.857142857142857,0.0,7,0.0,-11.784285714285714,0.0,0.0,False
698f5fa55a5f73d0740e9d9a773e8093,4,203.99,RJ,20.9975,4.75,0.0,4,0.0,-15.765,0.0,0.0,False
69a43819c758c65a5befb0b471c954d7,2,400.76,PR,50.455,4.0,0.0,2,0.0,-24.335,0.0,0.0,False
69b5eaa096c3f9d1e5c398c597f567d6,2,987.02,SP,24.51,5.0,0.0,2,0.0,-5.235,0.0,0.0,False
6a0cbc8af2e8abd1bdfb777943d174c6,35,4639.42,SP,21.296285714285716,4.0588235294117645,0.11428571428571428,34,0.08823529411764708,-8.18235294117647,8.823529411764708,11.428571428571429,True
6a3139c7bf09ece22a4713d956acbe5e,1,76.64,SP,14.74,5.0,0.0,1,0.0,-12.22,0.0,0.0,False
6a38087bc8ad4f89ff453561005f6dea,15,2381.35,GO,36.528000000000006,4.6,0.0,15,0.0,-12.005333333333335,0.0,0.0,False
6a51fc556dab5f766ced6fbc860bc613,26,8370.25,SP,30.483846153846155,3.769230769230769,0.23076923076923078,24,0.08333333333333337,-11.762500000000001,8.333333333333337,23.076923076923077,False
6a53b90c3ad9e0b56d9fe5c69165fff5,2,194.77999999999997,PR,27.5,3.5,0.0,2,0.0,-6.21,0.0,0.0,False
6a8a889bde935bafa76d7848782dfaf9,26,1268.62,SP,14.146538461538462,4.038461538461538,0.11538461538461539,26,0.07692307692307687,-14.482307692307693,7.692307692307687,11.538461538461538,False
6a8b085f816a1f75f92dbac6eb545f8f,125,8053.73,SP,16.85248,4.12,0.12,123,0.08943089430894313,-9.369268292682927,8.943089430894313,12.0,True
6aa3928696eab49a19a466e665a649fd,17,2411.49,RJ,19.917058823529413,4.705882352941177,0.058823529411764705,17,0.05882352941176472,-13.25235294117647,5.882352941176472,5.88235294117647,False
6b15924333bd1a741595fe981ea04822,20,824.83,SP,11.7105,4.7,0.0,20,0.09999999999999998,-10.696000000000002,9.999999999999998,0.0,False
6b1c4d4d9ccf0be3d8544eb0e71e5318,1,1759.04,RS,60.04,5.0,0.0,1,0.0,-13.18,0.0,0.0,False
6b243f80ed07b10f0e8aa0f21a205f3c,78,7843.99,PR,19.847692307692306,4.256410256410256,0.10256410256410256,78,0.038461538461538436,-13.747820512820512,3.8461538461538436,10.256410256410255,True
6b2612338467c08c9b25f0cc55b1578d,1,113.87,PR,20.97,4.0,0.0,1,0.0,-21.58,0.0,0.0,False
6b333a05bf188ef3e1f1662a86bd9855,12,4554.88,DF,46.9975,4.333333333333333,0.08333333333333333,12,0.08333333333333337,-7.98,8.333333333333337,8.333333333333332,False
6b3bd31ad8fcda4b2635ec9f3ff2ecdf,35,5166.77,RJ,22.17628571428571,3.9714285714285715,0.2,34,0.08823529411764708,-8.117058823529412,8.823529411764708,20.0,True
6b536a23086fba0d58c08d68814397f6,19,2437.9700000000003,RJ,19.43,3.9473684210526314,0.21052631578947367,18,0.05555555555555558,-11.290555555555555,5.555555555555558,21.052631578947366,False
6b803197e03abd5056b4313306b4f29d,7,580.17,SP,19.167142857142856,4.714285714285714,0.0,7,0.0,-9.172857142857143,0.0,0.0,False
6b89abe95848c850399130d149a39b63,8,1465.73,GO,41.31625,4.375,0.125,8,0.0,-12.977500000000001,0.0,12.5,False
6b90f847357d8981edd79a1eb1bf0acb,45,4059.73,SP,16.392222222222223,4.355555555555555,0.06666666666666667,45,0.0444444444444444,-8.693555555555555,4.444444444444439,6.666666666666667,True
6b9b80d53ba3676eafe60268a810b5a1,10,1055.66,SP,17.296,3.9,0.2,9,0.0,-14.497777777777777,0.0,20.0,False
6ba4733aa33f6386e9fb0c0fd3993b38,3,209.88,RS,20.03,4.666666666666667,0.0,3,0.0,-10.586666666666666,0.0,0.0,False
6bb0724edf0b62fb91ac404873a97241,17,4416.52,SP,44.91294117647059,4.466666666666667,0.058823529411764705,17,0.17647058823529416,-9.632941176470588,17.647058823529417,5.88235294117647,False
6bb62a4912377c7bfe7cb17b406bc7e6,3,816.66,SP,31.343333333333334,5.0,0.0,3,0.0,-3.5133333333333336,0.0,0.0,False
6bb66d9870c2e01c05655c7ed0e7ee13,3,321.02,SP,17.34,3.6666666666666665,0.3333333333333333,3,0.0,-14.503333333333332,0.0,33.33333333333333,False
6bbcb8924baf70b7fe2fe2097e8cd407,10,2646.8300000000004,SC,26.433,4.5,0.1,10,0.0,-17.346,0.0,10.0,False
6bcb2352a2a0c38b845f598298ab9d26,2,59.38,PR,13.79,3.0,0.5,1,0.0,-13.23,0.0,50.0,False
6bd503a8230299c9316fb0f726933927,4,453.89,GO,32.4,4.75,0.0,4,0.25,-5.4325,25.0,0.0,False
6bd69102ab48df500790a8cecfc285c2,5,8359.02,SP,57.803999999999995,3.0,0.6,5,0.19999999999999996,-3.0179999999999993,19.999999999999996,60.0,False
6bef34c5be6f2bbd70aa5165f6df94b1,2,1330.88,SC,66.44,2.0,0.5,2,0.0,-9.485000000000001,0.0,50.0,False
6c12e40690c335dbc2f68a4134d30dc1,16,9624.26,PR,30.31625,4.071428571428571,0.125,16,0.0,-13.015,0.0,12.5,False
6c177e38df6d3f34182b1f1d427231bf,55,9376.53,PR,18.811636363636364,4.036363636363636,0.16363636363636364,53,0.037735849056603765,-13.822830188679246,3.7735849056603765,16.363636363636363,True
6c17baf138731a4aaacc3210adf2037b,4,628.72,SP,22.48,5.0,0.0,4,0.0,-7.945,0.0,0.0,False
6c1b6d0c604b776f844125f911eb7377,5,524.5,SP,16.288,3.4,0.2,4,0.0,-14.39,0.0,20.0,False
6c6cc59a5c00cacc5054ca06d65cc282,1,1255.71,RS,148.71,5.0,0.0,1,0.0,-16.24,0.0,0.0,False
6c6e3d67f969468f3bfd33f827a31222,5,316.41,PR,18.482,4.8,0.0,5,0.0,-11.022000000000002,0.0,0.0,False
6c77cd583b36a13aacccf2b3ee23e233,1,31.689999999999998,SP,12.79,5.0,0.0,1,0.0,-11.07,0.0,0.0,False
6c7d50c24b3ccd2fd83b44d8bb34e073,108,11276.53,SP,25.30925925925926,4.4672897196261685,0.05555555555555555,106,0.018867924528301883,-10.990377358490566,1.8867924528301883,5.555555555555555,True
6c9875b2f94ba781186f0c1aed8d1687,1,20.6,SP,15.1,5.0,0.0,1,0.0,-17.4,0.0,0.0,False
6c99c983ce3b6ba0ab813e6790e81691,9,752.51,MG,22.862222222222222,3.7777777777777777,0.2222222222222222,9,0.0,-15.013333333333334,0.0,22.22222222222222,False
6cd68b3ed6d59aaa9fece558ad360c0a,147,13710.09,MG,17.22190476190476,4.469387755102041,0.027210884353741496,147,0.020408163265306145,-13.404557823129252,2.0408163265306145,2.7210884353741496,True
6cf476a4ca74498db55cbccdaa9dcfb6,6,1125.5,SP,30.92833333333333,3.0,0.5,5,0.4,-4.444,40.0,50.0,False
6d04126aba80df143fd038e711b8fd96,1,108.86,RJ,18.87,1.0,1.0,1,1.0,16.7,100.0,100.0,False
6d1b9c9579132c87d2703ec38c30f2c5,4,367.39,PR,16.925,4.5,0.0,4,0.0,-14.9925,0.0,0.0,False
6d22a1fcebb6dd08c9cd90b92a93e8d0,12,987.93,SC,19.5275,4.25,0.08333333333333333,12,0.0,-9.897499999999999,0.0,8.333333333333332,False
6d2f2e3b539480db1e0842b3a4e32e6e,3,474.26,SP,56.1,3.6666666666666665,0.3333333333333333,3,0.0,-7.043333333333333,0.0,33.33333333333333,False
6d66611d7c44cc30ce351abc49a68421,165,17013.19,SP,20.193272727272728,3.9693251533742333,0.15151515151515152,163,0.06134969325153372,-10.378957055214723,6.134969325153373,15.151515151515152,True
6d7f8d9d594e28796b6b3205b00f459c,3,477.01,PR,19.703333333333333,3.6666666666666665,0.3333333333333333,3,0.0,-4.43,0.0,33.33333333333333,False
6d803cb79cc31c41c4c789a75933b3c7,58,9925.07,SP,20.92534482758621,4.241379310344827,0.08620689655172414,58,0.06896551724137934,-13.07051724137931,6.896551724137934,8.620689655172415,True
6d988d6174a2c27441597174f8905515,18,716.53,PR,19.599444444444444,4.055555555555555,0.16666666666666666,18,0.11111111111111116,-7.818888888888889,11.111111111111116,16.666666666666664,False
6da1992f915d77be95d7fa48b36904af,7,383.66,SP,17.52285714285714,4.0,0.14285714285714285,7,0.0,-22.154285714285713,0.0,14.285714285714285,False
6dc9bec584588412a6a338830946a3e4,2,956.51,SP,87.365,1.5,1.0,1,0.0,-43.7,0.0,100.0,False
6dd7dce75cd55c1ce255dc38d9f0cd46,1,96.33,SC,21.33,4.0,0.0,1,0.0,-19.16,0.0,0.0,False
6ddc28b61be28373b4503a1f61cf98a9,11,2070.73,SP,17.257272727272724,4.181818181818182,0.09090909090909091,11,0.09090909090909094,-7.217272727272728,9.090909090909093,9.090909090909092,False
6df688df543f90e9b38f4319e75a9d88,40,2733.56,MG,19.59,4.575,0.025,39,0.0,-14.778461538461539,0.0,2.5,True
6e0908ef4d4efadbc3cc2b74ea477cb0,7,701.25,RJ,21.542857142857144,4.142857142857143,0.14285714285714285,7,0.1428571428571429,-11.412857142857144,14.28571428571429,14.285714285714285,False
6e13dd869aa7185f601c941423abcc8f,5,598.08,SP,15.216,4.8,0.0,5,0.0,-11.628,0.0,0.0,False
6e1862e15f33d9994bc25922a85e1efc,8,879.96,SP,18.43375,4.428571428571429,0.125,7,0.0,-15.822857142857142,0.0,12.5,False
6e2d3e2dc84fb30f6078f39dd3bddd6f,1,235.28,PR,16.28,1.0,1.0,0,,,,100.0,False
6e386f64c84e482f0b9abf960797ee1b,30,13563.66,SP,20.845333333333333,4.607142857142857,0.03333333333333333,29,0.10344827586206895,-8.916206896551724,10.344827586206895,3.3333333333333335,True
6e4a902d1054e4e17aa6eab87fac1c75,7,695.7,SP,15.59,4.142857142857143,0.14285714285714285,7,0.2857142857142857,-4.938571428571429,28.57142857142857,14.285714285714285,False
6e4f5ff6b086632ba8dcb558fb10249e,5,1053.25,RS,42.87,3.4,0.4,5,0.0,-16.308,0.0,40.0,False
6e85dc5ecd97a61094b89b046a509d8e,1,182.59,SP,12.69,1.0,1.0,0,,,,100.0,False
6e864f5c4669eff3d98140a07cc50202,13,932.36,SP,14.751538461538463,4.461538461538462,0.07692307692307693,13,0.07692307692307687,-10.713846153846154,7.692307692307687,7.6923076923076925,False
6eb94e1466490d327a09abf8f3552a50,10,1749.77,SP,23.782000000000004,4.444444444444445,0.1,9,0.11111111111111116,-9.804444444444446,11.111111111111116,10.0,False
6ebf4eceee4dd9847201c82e77ef8123,1,82.03,RJ,22.13,5.0,0.0,1,0.0,-4.01,0.0,0.0,False
6ec1a01e866584bb679eb9b098345919,31,5105.05,SP,27.10451612903226,4.133333333333334,0.16129032258064516,30,0.19999999999999996,-5.1530000000000005,19.999999999999996,16.129032258064516,True
6edacfd9f9074789dad6d62ba7950b9c,203,15921.73,SP,14.284039408866994,4.3861386138613865,0.08866995073891626,200,0.06000000000000005,-10.814100000000002,6.000000000000005,8.866995073891626,True
6ee85be3693ed79a8e80718743d80655,9,655.32,SP,18.98,2.3333333333333335,0.6666666666666666,5,0.4,-4.651999999999999,40.0,66.66666666666666,False
6eeed17989b0ae47c9f11ece6f38ea90,3,819.53,SP,71.17666666666666,3.6666666666666665,0.3333333333333333,3,0.0,-12.433333333333332,0.0,33.33333333333333,False
6f1a1263039c76e68f40a8e536b1da6a,4,356.84000000000003,SP,25.1125,1.5,0.75,2,0.5,31.815,50.0,75.0,False
6f229cc508fc6915ed5c499efd93baa4,13,2988.68,RJ,25.68307692307692,4.384615384615385,0.15384615384615385,13,0.15384615384615385,-8.29076923076923,15.384615384615385,15.384615384615385,False
6f835fd4be26989b1b064399da346143,2,229.25,PR,15.725000000000001,5.0,0.0,2,0.0,-20.39,0.0,0.0,False
6f83d9e4da896daae20b9b6b2d3ff8d2,10,893.66,PR,20.837,4.7,0.0,10,0.0,-14.714000000000002,0.0,0.0,False
6f892e20a171e98efe17fdb971ff319b,44,7342.860000000001,SP,20.549090909090907,3.9302325581395348,0.1590909090909091,41,0.09756097560975607,-9.097560975609756,9.756097560975608,15.909090909090908,True
6fa9202c10491e472dffd59a3e82b2a3,3,7939.249999999999,SP,308.33666666666664,4.333333333333333,0.0,3,0.0,-8.743333333333334,0.0,0.0,False
6fc26fe110feebd80a433e1f012a84f9,35,5128.06,SP,27.91971428571429,3.911764705882353,0.14285714285714285,35,0.11428571428571432,-11.210571428571429,11.428571428571432,14.285714285714285,True
6fd52c528dcb38be2eea044946b811f8,67,8881.58,SP,16.993432835820894,3.393939393939394,0.3582089552238806,67,0.13432835820895528,-10.060149253731343,13.432835820895528,35.82089552238806,True
7008613ea464bad5cb9b83456e1e6a8f,127,10860.05,SC,24.275984251968506,4.261904761904762,0.07874015748031496,123,0.04878048780487809,-13.24390243902439,4.878048780487809,7.874015748031496,True
700f03c207639c22d933381ff60b35c2,4,1326.31,SP,34.112500000000004,4.0,0.25,4,0.5,1.1875000000000002,50.0,25.0,False
70125af26c2d6d4ef401a1d02ae7701f,5,629.62,GO,51.684000000000005,4.6,0.0,5,0.4,-2.62,40.0,0.0,False
70126eecc6aa1274392a1743866e9678,3,144.74,SP,15.780000000000001,5.0,0.0,3,0.0,-11.47,0.0,0.0,False
701938c450705b8ae65fc923b70f35c7,75,15792.119999999999,SP,50.784533333333336,4.013513513513513,0.12,74,0.06756756756756754,-11.123918918918918,6.756756756756754,12.0,True
702835e4b785b67a084280efca355756,1,18.560000000000002,MG,10.96,5.0,0.0,1,0.0,-22.52,0.0,0.0,False
7040e82f899a04d1b434b795a43b4617,207,12748.460000000001,SP,15.071304347826086,3.5902439024390245,0.27053140096618356,203,0.09852216748768472,-9.423497536945813,9.852216748768472,27.053140096618357,True
70849ca4f400aaabb62cb7462a6f1428,12,1143.24,MG,19.471666666666668,4.416666666666667,0.08333333333333333,12,0.16666666666666663,-10.220833333333333,16.666666666666664,8.333333333333332,False
709e16e2b25c7474d980076c6bfc4806,59,6330.11,SP,20.71372881355932,4.508474576271187,0.01694915254237288,59,0.03389830508474578,-12.127966101694915,3.3898305084745783,1.694915254237288,True
70a12e78e608ac31179aea7f8422044b,314,36546.77,SP,18.004585987261144,3.798076923076923,0.20063694267515925,311,0.10932475884244375,-9.735787781350481,10.932475884244376,20.063694267515924,True
70b52a4cfc823994561b00bad161b4ed,8,685.35,SP,12.54375,4.375,0.0,8,0.0,-24.39,0.0,0.0,False
70bf57d811208f8923b41bbd499a67a4,7,869.73,SP,12.704285714285716,4.142857142857143,0.14285714285714285,7,0.0,-5.927142857142857,0.0,14.285714285714285,False
70c0fda4c313d87115644d39e62eec60,1,63.08,PE,37.09,5.0,0.0,1,0.0,-13.47,0.0,0.0,False
70c27847eca8195c983ed7e798c56743,75,13313.05,RJ,18.900133333333333,4.266666666666667,0.17333333333333334,75,0.09333333333333338,-10.8012,9.333333333333337,17.333333333333336,True
70c4eedec9cb4a85cda2f3f9673557b4,2,512.5500000000001,SP,16.375,5.0,0.0,1,0.0,-16.3,0.0,0.0,False
70ee69419916dc13e3aed619061f996c,1,53.72,SP,8.72,3.0,0.0,1,0.0,-3.11,0.0,0.0,False
70eea00b476a314817cefde4aad4f89a,106,34498.98,SP,25.8238679245283,4.375,0.07547169811320754,104,0.07692307692307687,-11.234615384615385,7.692307692307687,7.547169811320755,True
70f7e8018e3d46c748c92f026aa2585a,1,277.68,SP,37.88,5.0,0.0,1,0.0,-21.31,0.0,0.0,False
70f84699be677ec988d1fa824aef7d90,5,1704.4399999999998,MG,23.228,4.6,0.0,5,0.0,-9.734,0.0,0.0,False
71039d19d4303bf9054d69e9a9236699,34,4105.15,SP,17.583823529411767,3.8823529411764706,0.17647058823529413,34,0.23529411764705888,-6.945294117647059,23.529411764705888,17.647058823529413,True
710e3548e02bc1d2831dfc4f1b5b14d4,135,27823.13,PR,28.77274074074074,3.3805970149253732,0.31851851851851853,130,0.0461538461538461,-21.078846153846154,4.61538461538461,31.851851851851855,True
71271995e85f5b8530be99ed54a91b89,8,896.83,RS,15.10375,2.5,0.5,6,0.16666666666666663,-6.039999999999999,16.666666666666664,50.0,False
712e6ed8aa4aa1fa65dab41fed5737e4,79,46704.13,SC,87.20417721518987,3.3846153846153846,0.34177215189873417,77,0.22077922077922074,-8.41961038961039,22.077922077922075,34.177215189873415,True
712efd3b68f9686dc856b84abd0f21ae,1,156.16,PR,17.16,4.0,0.0,1,0.0,-1.23,0.0,0.0,False
7139dc5186aa238b006e066d8fbab2e4,22,2247.93,SP,24.360454545454544,4.0,0.18181818181818182,22,0.13636363636363635,-10.339545454545455,13.636363636363635,18.181818181818183,False
713e3a23ca5e47786eb6f0d99f94cfac,4,1213.03,PR,21.7575,4.75,0.0,4,0.0,-19.3725,0.0,0.0,False
7142540dd4c91e2237acb7e911c4eba2,319,44730.36,SP,22.047053291536052,4.028391167192429,0.14420062695924765,316,0.08227848101265822,-12.735189873417722,8.227848101265822,14.420062695924765,True
714b9a1332840f257b49f476bea4e341,6,1658.0900000000001,SP,26.358333333333334,3.3333333333333335,0.5,6,0.33333333333333337,4.745000000000001,33.333333333333336,50.0,False
71592660bbcb6a4664e97b6f8b68babc,6,2200.5499999999997,SP,28.895,4.333333333333333,0.0,6,0.0,-9.583333333333334,0.0,0.0,False
71593c7413973a1e160057b80d4958f6,2,345.34999999999997,SP,22.924999999999997,3.0,0.5,2,0.0,-2.87,0.0,50.0,False
715bbd5ba4e6b74cb0d2f29eb45058b0,61,5309.88,SP,20.779999999999998,4.459016393442623,0.06557377049180328,61,0.08196721311475408,-12.35327868852459,8.196721311475407,6.557377049180328,True
7178e1eaa97257d8b6d4b80efd77a025,1,184.71,SP,16.81,5.0,0.0,1,0.0,-9.2,0.0,0.0,False
7178f9f4dd81dcef02f62acdf8151e01,203,41478.92,SC,21.716847290640395,4.044554455445544,0.1477832512315271,202,0.04950495049504955,-17.745148514851486,4.950495049504955,14.77832512315271,True
717b78b0950b51ed00b1471d858b0edc,5,219.75,SP,16.23,4.0,0.2,5,0.19999999999999996,-2.4299999999999997,19.999999999999996,20.0,False
718539d38d07dd351c76db862760e2e2,37,1996.84,SP,17.9227027027027,4.4324324324324325,0.08108108108108109,35,0.0,-13.315142857142858,0.0,8.108108108108109,True
71dc18fd8cbf5fd77f45dd8b427abb34,4,1229.4,PR,37.35,5.0,0.0,4,0.0,-18.35,0.0,0.0,False
7202e2ba20579a9bd1acb29e61fe71f6,53,13916.16,SP,21.993584905660377,3.8653846153846154,0.18867924528301888,51,0.05882352941176472,-11.441960784313725,5.882352941176472,18.867924528301888,True
720e6cf846ea7572cbb66b743fb91e6c,1,68.55,SP,14.55,5.0,0.0,1,0.0,-6.34,0.0,0.0,False
7210cd29727d674c00741e5e387b3ccd,9,874.18,SP,16.121111111111112,4.444444444444445,0.1111111111111111,9,0.11111111111111116,-6.777777777777778,11.111111111111116,11.11111111111111,False
72146da5774cabf2632faedcae097a76,4,311.43,PR,27.6225,4.0,0.25,4,0.25,4.617499999999998,25.0,25.0,False
7238a95bb63ef7e498389fb863b834a1,15,2835.1099999999997,SP,37.96066666666666,4.733333333333333,0.0,15,0.06666666666666665,-8.770666666666667,6.666666666666665,0.0,False
7238f877570096ae403c51898fa64566,3,1249.52,SP,16.506666666666664,5.0,0.0,3,0.0,-15.343333333333334,0.0,0.0,False
723a46b89fd5c3ed78ccdf039e33ac63,1,90.03999999999999,RS,23.4,4.0,0.0,1,0.0,-29.04,0.0,0.0,False
723cd880edaacdb998898b67c8f9da30,11,2647.37,SP,40.085454545454546,4.090909090909091,0.18181818181818182,11,0.09090909090909094,-10.57909090909091,9.090909090909093,18.181818181818183,False
72431a818f97fe6ab9c81eee3e297e54,1,249.39000000000001,SP,19.49,5.0,0.0,1,0.0,-14.09,0.0,0.0,False
725af026f869236a8dd0ceb98564d156,7,1362.67,MG,26.42285714285714,3.4285714285714284,0.2857142857142857,5,0.0,-26.046,0.0,28.57142857142857,False
725c32fa80c2faacc4fc88450d27314e,89,9282.99,SP,15.113595505617976,4.517241379310345,0.02247191011235955,89,0.011235955056179803,-11.636404494382024,1.1235955056179803,2.247191011235955,True
7299e27ed73d2ad986de7f7c77d919fa,335,41545.79,MG,20.396507462686568,4.42089552238806,0.06865671641791045,332,0.048192771084337394,-11.773825301204818,4.81927710843374,6.865671641791045,True
729b2d09b2a0bdab221076327f13d050,49,2768.66,SP,19.317346938775508,4.489795918367347,0.061224489795918366,48,0.08333333333333337,-11.621041666666665,8.333333333333337,6.122448979591836,True
729f06993dac8e860d4f02d7088ca48a,94,25462.329999999998,SP,52.56659574468085,4.150537634408602,0.11702127659574468,92,0.11956521739130432,-9.842391304347826,11.956521739130432,11.702127659574469,True
72bc2cce903c872fe376a8faaa81d237,17,2404.97,SP,15.04529411764706,4.647058823529412,0.058823529411764705,17,0.0,-7.477647058823529,0.0,5.88235294117647,False
72c38a04bd6a1c3dbc5298425a0db86d,4,760.65,PR,28.3375,3.75,0.25,4,0.0,-21.2225,0.0,25.0,False
72c5da29406b4234927b81855e7b64f6,31,12723.050000000001,SP,28.26967741935484,4.129032258064516,0.12903225806451613,31,0.032258064516129004,-15.885483870967741,3.2258064516129004,12.903225806451612,True
72c73be2b085b9d57650dd53eb2004c9,1,47.32,SP,17.92,5.0,0.0,1,0.0,-12.18,0.0,0.0,False
730937bf88cb151eb2eb849f642fc213,22,3329.41,SP,20.968636363636364,4.409090909090909,0.09090909090909091,22,0.045454545454545414,-10.012727272727274,4.545454545454541,9.090909090909092,False
7315baebc0572ff220d226283dc66728,2,76.22,SP,13.184999999999999,4.0,0.0,2,0.0,-11.925,0.0,0.0,False
731ef20c231d9a7103a425e83fd91271,2,2197.6,SC,252.8,3.5,0.0,2,0.0,-14.745000000000001,0.0,0.0,False
734def04b237117a09321dd6d8f3f2a2,2,1281.23,SP,14.4,5.0,0.0,2,0.0,-15.635000000000002,0.0,0.0,False
7354220fb240bde543b3c40c060d41e7,7,837.13,DF,23.59,4.571428571428571,0.0,7,0.0,-14.948571428571428,0.0,0.0,False
7357b52d27cbaa90f81a96cbc1279396,12,1545.83,MG,18.150833333333335,4.333333333333333,0.08333333333333333,12,0.08333333333333337,-8.496666666666666,8.333333333333337,8.333333333333332,False
739c7d7be81f63812dea0d1b1451c651,2,149.3,PB,35.9,4.0,0.0,2,0.0,-23.35,0.0,0.0,False
73a63f72308aa20a46f4b1632018f196,26,10357.22,PR,39.82,4.2,0.11538461538461539,24,0.0,-13.253750000000002,0.0,11.538461538461538,False
73b8eb4a9a729d4019b24ed1be748cbf,8,797.98,SP,13.19625,4.375,0.125,7,0.0,-6.7057142857142855,0.0,12.5,False
73da1880b39c71de2b262bc7720c1494,2,444.99,SP,23.495,5.0,0.0,2,0.0,-13.285,0.0,0.0,False
740205fedfe4e90ca6857bc77db0f2b4,1,251.83,SP,21.93,5.0,0.0,1,0.0,-30.39,0.0,0.0,False
7402d13c03a7e91366337cd1de471144,4,659.57,PR,32.7975,3.5,0.25,3,0.0,-10.47,0.0,25.0,False
741f8c587cb4248ebc5b779a0e8e0e51,5,157.64000000000001,SP,13.538,4.0,0.2,5,0.19999999999999996,-7.06,19.999999999999996,20.0,False
744dac408745240a2c2528fb1b6028f3,79,24664.61,PR,24.49379746835443,4.569620253164557,0.0379746835443038,78,0.012820512820512775,-16.066025641025643,1.2820512820512775,3.79746835443038,True
74636e24f01da9268b0ed88dacd8513e,4,1048.6100000000001,SP,68.1525,4.0,0.25,4,0.25,-4.0425,25.0,25.0,False
747c1cdcd1737dcfbd1547f6eb6f2cf3,2,543.3,SP,65.715,2.5,0.5,2,0.0,-14.245,0.0,50.0,False
747e73c01a4593d4cf60dcf970fd2689,3,2341.76,PE,41.25666666666667,4.333333333333333,0.0,3,0.0,-29.156666666666666,0.0,0.0,False
74871d19219c7d518d0090283e03c137,6,637.9100000000001,SP,14.645000000000001,5.0,0.0,6,0.0,-7.591666666666666,0.0,0.0,False
749e7cdabbaf72f16677859e27874ba5,1,61.739999999999995,SP,19.84,1.0,1.0,1,0.0,-6.24,0.0,100.0,False
74a9b9bddf14ece02beb81f52c41a88d,1,77.7,SP,17.7,5.0,0.0,1,0.0,-14.18,0.0,0.0,False
74bafed391319577bce6f4d2acc0589a,3,2084.73,SP,79.24333333333334,2.6666666666666665,0.6666666666666666,3,0.0,-11.876666666666665,0.0,66.66666666666666,False
74c7dec0a384d8a05950e629bd23bde9,5,248.88,SP,12.239999999999998,3.6,0.4,4,0.0,-8.39,0.0,40.0,False
750303a20e9c56b2a6bc45cdce0b897d,54,9394.81,GO,24.25574074074074,4.2407407407407405,0.1111111111111111,53,0.037735849056603765,-11.129999999999999,3.7735849056603765,11.11111111111111,True
751bdc4d83a466c7206cd42e8f426b03,52,7578.56,SP,19.913846153846155,3.88,0.21153846153846154,49,0.020408163265306145,-10.838979591836734,2.0408163265306145,21.153846153846153,True
751e274377499a8503fd6243ad9c56f6,1,235.84,SP,17.84,5.0,0.0,1,0.0,-5.08,0.0,0.0,False
75745ef7bc7d4f3ea3380f6f5303f514,3,277.32000000000005,DF,16.30666666666667,5.0,0.0,3,0.0,-20.790000000000003,0.0,0.0,False
7586919161935337bf6b6d7ff5779648,11,1994.93,RJ,30.019999999999996,3.8181818181818183,0.2727272727272727,11,0.18181818181818177,-4.783636363636363,18.181818181818176,27.27272727272727,False
75a4764c108403a7a0575140cb22287c,5,927.0500000000001,RS,42.03,4.6,0.0,5,0.0,-19.05,0.0,0.0,False
75d34ebb1bd0bd7dde40dd507b8169c3,62,16479.510000000002,BA,23.08435483870968,3.7419354838709675,0.24193548387096775,57,0.1578947368421053,-15.79438596491228,15.789473684210531,24.193548387096776,True
75fbb52eda0cbc24f479d3b2fbfa8d3e,39,2043.75,GO,23.786153846153844,4.342105263157895,0.10256410256410256,37,0.05405405405405406,-13.286486486486487,5.405405405405405,10.256410256410255,True
75fdd0a732287f9497b179f6bd445d32,1,76.08,SP,16.18,5.0,0.0,1,0.0,-17.1,0.0,0.0,False
761681a821d8275bc79f552116d06869,3,514.9000000000001,SP,53.326666666666675,5.0,0.0,3,0.0,-17.206666666666667,0.0,0.0,False
762ed976527cddf02787edba70fffa2a,3,240.11999999999995,PR,20.106666666666666,2.3333333333333335,0.6666666666666666,3,0.0,-20.45,0.0,66.66666666666666,False
762fafdaa57a532ee0119731697579dd,4,215.28,SP,10.620000000000001,5.0,0.0,4,0.0,-7.195,0.0,0.0,False
76623fde66e6b63b59440fd34160512d,3,88.74000000000001,SP,7.78,4.0,0.0,3,0.0,-12.63,0.0,0.0,False
7681ef142fd2c19048da7430856b5588,57,34500.23,SP,49.831929824561406,4.214285714285714,0.12280701754385964,56,0.1428571428571429,-8.477857142857143,14.28571428571429,12.280701754385964,True
76833248bbc0e65a0293ec62023e4396,2,2630.6800000000003,SP,115.35,5.0,0.0,2,0.0,-5.885,0.0,0.0,False
768a86e36ad6aae3d03ee3c6433d61df,16,730.05,SP,10.474375,4.625,0.0,16,0.1875,-8.100625,18.75,0.0,False
768de2a4fc06aacecb9a586ccc30746a,14,713.53,DF,16.995,4.428571428571429,0.07142857142857142,13,0.0,-11.826153846153847,0.0,7.142857142857142,False
76c47a299e4a8fe992316a85865acbe9,6,1246.34,SP,36.98,4.666666666666667,0.0,6,0.33333333333333337,-2.0816666666666666,33.333333333333336,0.0,False
76d336555bb25f3165d2f0d6da719c40,2,353.63,SP,11.815,2.0,0.5,1,0.0,-29.68,0.0,50.0,False
76d5af76d0271110f9af36c92573f765,130,37646.15,SP,31.721999999999998,4.1395348837209305,0.13846153846153847,127,0.09448818897637801,-11.560866141732284,9.4488188976378,13.846153846153847,True
76d64c4aca3a7baf218bf93ef7fa768d,62,20134.25,PR,56.810645161290324,4.274193548387097,0.12903225806451613,62,0.032258064516129004,-14.304677419354839,3.2258064516129004,12.903225806451612,True
76de363de16dacc923eec8daf91df504,2,410.41999999999996,SC,25.21,2.5,0.5,2,0.0,-14.125,0.0,50.0,False
76ea5315acb3f5f7ade3cd261faf922a,14,1274.27,SP,14.979285714285714,4.5,0.0,14,0.0714285714285714,-10.72,7.14285714285714,0.0,False
77128dec4bec4878c37ab7d6169d6f26,1,15.22,SP,8.72,5.0,0.0,1,0.0,-6.16,0.0,0.0,False
7722b1df1b0e383e000397b2c11e3e19,128,8990.68,SP,15.936171875,4.265625,0.1015625,127,0.03149606299212604,-11.131968503937008,3.149606299212604,10.15625,True
77530e9772f57a62c906e1c21538ab82,312,54704.87,PR,27.014679487179485,4.132258064516129,0.14743589743589744,304,0.11842105263157898,-10.199703947368421,11.842105263157897,14.743589743589745,True
77714512e8d4dda9c234da8e3faf16e4,4,348.97999999999996,SP,26.395,4.25,0.0,4,0.0,-7.715,0.0,0.0,False
777a0c55737f34ffeb78010f7542ab41,6,528.33,SP,12.638333333333334,4.333333333333333,0.16666666666666666,6,0.0,-9.258333333333333,0.0,16.666666666666664,False
778323240ce2830d68aab11794e00bfb,3,242.43,SP,17.483333333333334,4.333333333333333,0.0,3,0.0,-6.656666666666667,0.0,0.0,False
77a515caa36327151d1cc6c32a9f00e1,26,2613.58,SP,15.238076923076923,4.423076923076923,0.07692307692307693,26,0.11538461538461542,-10.092692307692307,11.538461538461542,7.6923076923076925,False
77dcbb67ccb3659bd58eaf5661560a30,2,1082.56,RS,49.28,1.0,1.0,0,,,,100.0,False
77e4abfd739aed9c46480f90f81c0eb4,18,4269.51,DF,22.595555555555556,4.777777777777778,0.0,18,0.0,-14.832222222222223,0.0,0.0,False
77fccaae319668a8ab6cd0fd16aec48c,11,1888.44,RJ,20.13090909090909,4.454545454545454,0.09090909090909091,11,0.0,-10.9,0.0,9.090909090909092,False
7813ea3ebd9411dc600b4dd01f7a97b9,9,1745.99,SP,16.287777777777777,3.888888888888889,0.2222222222222222,9,0.11111111111111116,-9.241111111111111,11.111111111111116,22.22222222222222,False
7816cd9c5b1238e320545f5bf7eb80e8,1,511.76,SP,22.76,4.0,0.0,1,0.0,-13.2,0.0,0.0,False
781a66c0d89e30814d49fe8b5e14cd07,1,136.3,SP,21.3,1.0,1.0,1,1.0,10.65,100.0,100.0,False
782f78b632a43875dd5b53e3e49c9564,2,187.57,SP,20.78,3.0,0.5,1,0.0,-13.41,0.0,50.0,False
784ba75dd9d20200c4caed3d7a77141a,21,8924.949999999999,SP,29.991428571428575,3.8095238095238093,0.23809523809523808,19,0.10526315789473684,-8.466842105263158,10.526315789473683,23.809523809523807,False
78744a20ee2f80ba64f6804c25def2b8,6,3068.85,PE,58.975,4.166666666666667,0.16666666666666666,6,0.16666666666666663,-6.920000000000001,16.666666666666664,16.666666666666664,False
78813699ffac347fe27dba345a5f1551,1,200.54,RS,48.12,5.0,0.0,1,0.0,-28.07,0.0,0.0,False
788e857f317e53de488d393e65a80f45,11,1394.95,SP,16.813636363636363,4.909090909090909,0.0,11,0.0,-13.110909090909091,0.0,0.0,False
788f22bafdd7ab0e1e79f19db72f16a4,2,152.04000000000002,SP,13.120000000000001,4.5,0.0,2,0.0,-5.17,0.0,0.0,False
78a4d36f65a019172c6154468831a69f,7,1768.9,SP,31.914285714285715,4.285714285714286,0.14285714285714285,7,0.1428571428571429,-10.765714285714285,14.28571428571429,14.285714285714285,False
78ba5933c21686d1c2f64669c8c459e7,2,212.57000000000002,SP,10.385000000000002,4.5,0.0,2,0.0,-13.455,0.0,0.0,False
78c99c6dff4eeae5be99bf635ed21e3f,30,2581.76,SP,21.359333333333332,4.533333333333333,0.06666666666666667,30,0.09999999999999998,-9.912333333333333,9.999999999999998,6.666666666666667,True
78ef7e885d17f35e2382a47aae8b8cce,3,453.44,RS,21.813333333333333,4.666666666666667,0.0,3,0.0,-19.459999999999997,0.0,0.0,False
7901646fdd36a55f564ffaf2dbccaaf7,22,12478.83,RJ,28.261363636363637,4.5,0.09090909090909091,22,0.13636363636363635,-10.82909090909091,13.636363636363635,9.090909090909092,False
791cfcfe22fe4a771ece27f90017da92,2,653.75,SP,28.745,1.5,1.0,1,1.0,5.79,100.0,100.0,False
79565f7d5603b24ddf07ade262547f2f,8,494.07,SP,13.63375,4.0,0.25,7,0.2857142857142857,-10.512857142857143,28.57142857142857,25.0,False
7957cac1a02f45d0a4a7e45626382ec2,1,364.64,PR,21.64,4.0,0.0,1,0.0,-1.25,0.0,0.0,False
7963e546f34e098b578f9ad102494601,1,82.22,SP,21.23,5.0,0.0,1,0.0,-7.09,0.0,0.0,False
7994081388d55b9cf976c050653dd359,2,1109.6499999999999,SP,44.824999999999996,3.0,0.5,1,0.0,-19.43,0.0,50.0,False
7994b065a7ffb14e71c6312cf87b9de2,5,597.3399999999999,ES,28.868000000000002,5.0,0.0,5,0.0,-21.657999999999998,0.0,0.0,False
79a679c36c08d606b3fd47ead9de109b,3,1072.22,SP,45.74,2.0,0.6666666666666666,3,0.33333333333333337,-3.676666666666667,33.333333333333336,66.66666666666666,False
79b93a308a97792cf53ac75f46da00b5,1,116.04,RJ,16.14,5.0,0.0,1,0.0,-2.06,0.0,0.0,False
79ebd9a61bac3eaf882805ed4ecfa12a,134,19509.91,PR,31.05320895522388,4.074626865671642,0.13432835820895522,131,0.06106870229007633,-11.61763358778626,6.106870229007633,13.432835820895523,True
79ed755314cfe6df0daef2c6cd3022cd,23,4366.66,SP,19.963478260869568,4.7272727272727275,0.0,23,0.0,-12.984347826086957,0.0,0.0,False
79ee721b6f766066a80264402548d359,2,568.3599999999999,SP,15.18,1.0,1.0,0,,,,100.0,False
7a073a40a9d3f1fee8bc45670ea1e909,1,112.78,PR,17.78,1.0,1.0,0,,,,100.0,False
7a188843479798ca813108fa7b959286,1,175.85999999999999,SP,26.160000000000004,1.0,1.0,0,,,,100.0,False
7a241947449cc45dbfda4f9d0798d9d0,62,10038.76,MG,32.11661290322581,3.8688524590163933,0.1774193548387097,56,0.0714285714285714,-12.884821428571428,7.14285714285714,17.741935483870968,True
7a2d2949aea47fab95fd98d6c9f618b1,11,1850.23,PR,19.203636363636363,4.2727272727272725,0.09090909090909091,11,0.0,-16.921818181818182,0.0,9.090909090909092,False
7a425d299613df3e613bcf9d2eaf5c49,18,1505.47,RJ,15.926111111111112,4.111111111111111,0.16666666666666666,18,0.05555555555555558,-11.40611111111111,5.555555555555558,16.666666666666664,False
7a67c85e85bb2ce8582c35f2203ad736,1148,162618.32,SP,18.169590592334494,4.264266900790167,0.10017421602787456,1133,0.06001765225066191,-11.112091791703442,6.001765225066191,10.017421602787456,True
7a704e63bb29c446869efde5d57524c8,1,109.89999999999999,PR,15.41,5.0,0.0,1,0.0,-18.89,0.0,0.0,False
7a91bf945c6fae0779f1c61ce97fe45c,5,882.07,RJ,16.514,3.8,0.2,4,0.25,16.89,25.0,20.0,False
7a9c12e235c36247c3c81f50d6ea9cea,5,1099.5900000000001,SP,23.137999999999998,4.6,0.0,5,0.0,-27.904000000000003,0.0,0.0,False
7aa4334be125fcdd2ba64b3180029f14,217,20793.72,SP,20.341981566820277,4.102325581395349,0.14746543778801843,214,0.13551401869158874,-8.72588785046729,13.551401869158875,14.746543778801843,True
7aa538dd6e114e503a2e6154ea352253,5,1118.6,SP,20.384,4.4,0.0,5,0.0,-10.825999999999999,0.0,0.0,False
7ab0dd5487bab2dc835337b244f689fb,1,23.46,SP,10.96,5.0,0.0,1,0.0,-16.51,0.0,0.0,False
7ad32824caee82087b3e2e5f33b1bf32,148,26094.73,SP,24.16587837837838,3.8758620689655174,0.1891891891891892,144,0.14583333333333337,-9.200555555555557,14.583333333333337,18.91891891891892,True
7ad41305e96a6cab8294cd65891e9a86,2,237.6,SP,28.8,5.0,0.0,2,0.0,-14.39,0.0,0.0,False
7adbd3210a7b3cc2235e225eef33574d,3,204.86,SP,24.319999999999997,4.666666666666667,0.0,3,0.0,-15.406666666666666,0.0,0.0,False
7ade73f1b9b4e965f9009a4c3a7e2c15,27,2382.55,SP,17.633333333333333,4.769230769230769,0.0,26,0.0,-12.322307692307692,0.0,0.0,False
7b07b3c7487f0ea825fc6df75abd658b,93,11096.03,SP,14.518064516129034,4.354838709677419,0.11827956989247312,91,0.04395604395604391,-10.322967032967032,4.395604395604391,11.827956989247312,True
7b0df942f46435babab05d49b744b2c4,32,23272.78,SP,21.0046875,4.387096774193548,0.0625,32,0.09375,-10.2328125,9.375,6.25,True
7b1222c3624aa89b9558b50a2594188c,22,10561.09,SP,20.798636363636362,4.454545454545454,0.09090909090909091,22,0.13636363636363635,-12.327272727272726,13.636363636363635,9.090909090909092,False
7b3447b497e55af8c15fc7bd89d7b81a,1,70.65,SP,20.75,5.0,0.0,1,0.0,-12.08,0.0,0.0,False
7b3f6ce5c6c22e9b96e7581ebf0df6e1,1,42.49,SP,12.69,3.0,0.0,1,0.0,-14.26,0.0,0.0,False
7b7ed56ae755e2880f2b69632e839c1e,5,456.6,GO,27.02,4.2,0.0,5,0.19999999999999996,-4.336,19.999999999999996,0.0,False
7b7f91e98f8c6def45a1407923304402,11,620.49,SP,18.456363636363633,4.181818181818182,0.18181818181818182,11,0.09090909090909094,-9.229090909090909,9.090909090909093,18.181818181818183,False
7b8e8ec35bad4b0ef7e3963650b0a87b,5,2616.2999999999997,SC,74.404,4.8,0.0,5,0.19999999999999996,0.10199999999999924,19.999999999999996,0.0,False
7b98de631987e26dd6d803490c43a13c,8,778.6300000000001,PR,18.05375,4.625,0.0,8,0.0,-11.7975,0.0,0.0,False
7bac63f6603d382cc8d0832eb6c100a8,19,8114.6,SP,19.086842105263155,4.0,0.10526315789473684,19,0.1578947368421053,-4.7642105263157895,15.789473684210531,10.526315789473683,False
7bb8fac2913a6064ec412e583c6d8b4d,1,125.52,SP,16.52,5.0,0.0,1,0.0,-22.53,0.0,0.0,False
7bcd7c5f8631701474db233ccf1c094b,11,860.94,SP,17.721818181818183,3.6363636363636362,0.18181818181818182,8,0.125,-11.90625,12.5,18.181818181818183,False
7c1fea10b5b006671d608b1d7c446ec4,12,565.85,SP,16.8375,4.0,0.16666666666666666,12,0.08333333333333337,-9.233333333333333,8.333333333333337,16.666666666666664,False
7c4402417d51474d4d0cda9557340e40,1,147.59,SP,27.69,5.0,0.0,1,0.0,-27.19,0.0,0.0,False
7c4618c82226628831613e95e9c22f44,13,535.99,SP,13.390769230769232,4.076923076923077,0.15384615384615385,13,0.15384615384615385,-7.110769230769232,15.384615384615385,15.384615384615385,False
7c462184585ae80bd6e5774c62ce50f2,1,77.64,SP,17.64,3.0,0.0,1,1.0,8.57,100.0,0.0,False
7c4adcc13272c0e26fa23aac642adb7b,2,165.63,RJ,15.315000000000001,3.0,0.5,2,0.5,-6.0,50.0,50.0,False
7c51de0ab286204ce75ff42bf7c10d92,4,908.64,SC,37.41,4.5,0.0,4,0.0,-15.3975,0.0,0.0,False
7c5b05cbdb5542049f38d90d7815b97d,22,1345.46,SP,13.931818181818182,4.363636363636363,0.13636363636363635,21,0.04761904761904767,-11.345238095238095,4.761904761904767,13.636363636363635,False
7c67e1448b00f6e969d365cea6b010ab,980,240135.32,SP,52.66760204081633,3.490759753593429,0.25510204081632654,971,0.10092687950566426,-10.67826982492276,10.092687950566425,25.510204081632654,True
7c9130f5f3729edd32aa059141d92484,3,193.14999999999998,SP,22.383333333333336,3.3333333333333335,0.3333333333333333,3,0.0,-13.536666666666667,0.0,33.33333333333333,False
7caa63f175b1cecbfaadd8b5ab9998c7,2,89.64,SP,15.425,2.0,0.5,1,0.0,-21.13,0.0,50.0,False
7cb946b1ad19faebe28c3e86c2794ec3,1,40.1,MG,15.1,5.0,0.0,1,0.0,-2.97,0.0,0.0,False
7cf4ea70955b00d6b3c22542598e2715,1,204.81,SP,14.91,5.0,0.0,1,0.0,-10.31,0.0,0.0,False
7d13fca15225358621be4086e1eb0964,563,123025.93000000001,SP,15.618561278863233,4.028622540250447,0.17229129662522202,556,0.12230215827338131,-10.149892086330935,12.230215827338132,17.2291296625222,True
7d294cf9a6a69dc6a0c3e540fff0e039,5,451.38,SC,38.826,4.4,0.0,5,0.0,-17.072,0.0,0.0,False
7d456afc660226829370f3173d14520c,55,10148.42,SP,28.952363636363636,4.345454545454546,0.09090909090909091,54,0.05555555555555558,-12.328888888888889,5.555555555555558,9.090909090909092,True
7d484ca289afaac6bf5fc6a1e96d2226,2,248.42000000000002,MS,32.61,4.0,0.0,2,0.5,-1.6500000000000001,50.0,0.0,False
7d76b645482be4a332374e8223836592,173,6315.2,SP,14.538497109826588,3.9707602339181287,0.14450867052023122,169,0.11834319526627224,-8.204852071005917,11.834319526627224,14.450867052023122,True
7d7866a99a8656a42c7ff6352a433410,5,207.38,SP,11.898,4.4,0.0,5,0.0,-7.45,0.0,0.0,False
7d7d2b7a51328016102d4528c411d630,7,1384.02,SP,27.060000000000002,4.142857142857143,0.14285714285714285,7,0.1428571428571429,-8.437142857142856,14.28571428571429,14.285714285714285,False
7d81e74a4755b552267cd5e081563028,1,39.99,SP,7.49,4.0,0.0,1,0.0,-5.23,0.0,0.0,False
7d948535954aaf8c5d39db007f74372e,4,237.8,SP,10.95,3.75,0.25,4,0.0,-8.55,0.0,25.0,False
7daca0837f033a41a6f3428c18657533,7,1397.14,SP,24.02285714285714,3.5714285714285716,0.2857142857142857,7,0.2857142857142857,-4.735714285714287,28.57142857142857,28.57142857142857,False
7dc8c42cc750eeafea6c85712ffee9bf,40,7385.46,SP,25.6195,4.275,0.1,40,0.050000000000000044,-13.241499999999998,5.000000000000004,10.0,True
7dc9a3355bae96dd82008b313d3a456c,1,949.62,MG,50.62,5.0,0.0,1,0.0,-13.19,0.0,0.0,False
7ddcbb64b5bc1ef36ca8c151f6ec77df,333,63342.03,SP,23.824174174174175,3.9606060606060605,0.16816816816816818,324,0.0864197530864198,-9.259197530864197,8.64197530864198,16.816816816816818,True
7dea6f73af847b42cc3985bd620f994d,2,380.17,PR,28.085,4.0,0.0,2,0.0,-10.68,0.0,0.0,False
7df1fc11cc5cbc518b39faa60cf5d67c,5,1171.96,MS,26.872000000000003,4.2,0.2,5,0.0,-12.874,0.0,20.0,False
7e1fb0a3ebfb01ffb3a7dae98bf3238d,159,30447.61,SP,18.98289308176101,4.159235668789809,0.11320754716981132,155,0.12903225806451613,-9.955935483870968,12.903225806451612,11.320754716981133,True
7e26c750b4cb9f6766f58265ff9ebe95,23,1733.1799999999998,MG,16.907826086956522,4.434782608695652,0.043478260869565216,23,0.0,-13.094782608695652,0.0,4.3478260869565215,False
7e3dde9ffba72d5340f9aaf09b4424be,1,242.03,PR,22.03,1.0,1.0,0,,,,100.0,False
7e3f87d16fb353f408d467e74fbd8014,92,6247.41,SP,15.679565217391303,4.130434782608695,0.11956521739130435,91,0.1208791208791209,-9.72054945054945,12.08791208791209,11.956521739130435,True
7e79d65b5c6f1f544b7daea036acf720,4,579.8900000000001,SP,15.5225,4.5,0.0,4,0.0,-14.0675,0.0,0.0,False
7e93a43ef30c4f03f38b393420bc753a,336,183646.91,SP,19.020089285714285,4.214925373134329,0.11904761904761904,319,0.056426332288401215,-11.53141065830721,5.642633228840122,11.904761904761903,True
7e959205cebc10adefcb331f934238a4,2,546.5500000000001,SP,16.325,1.0,1.0,0,,,,100.0,False
7ea5bfa6c340f58f8e71fc1f0412b0d6,97,12696.58,MG,17.429896907216495,4.15625,0.10309278350515463,95,0.0736842105263158,-9.16842105263158,7.36842105263158,10.309278350515463,True
7ecd59e5e20407131822c1a68ac59c1f,24,2054.52,DF,24.492083333333337,4.416666666666667,0.08333333333333333,24,0.16666666666666663,-11.292916666666665,16.666666666666664,8.333333333333332,False
7ecef8194babfec876ca720714327841,7,1114.26,SP,17.68,4.285714285714286,0.0,7,0.1428571428571429,-7.455714285714286,14.28571428571429,0.0,False
7f02656561b680def9986c0795a8a080,2,111.83000000000001,SP,13.915,3.0,0.5,1,0.0,-9.27,0.0,50.0,False
7f152321c60a266edc53af1925ef96c1,20,4756.92,SC,30.456,3.8,0.25,20,0.30000000000000004,-5.6145,30.000000000000004,25.0,False
7f2617c58d5d06806987308b45654351,22,3983.2700000000004,SP,14.839545454545457,3.8181818181818183,0.13636363636363635,22,0.09090909090909094,-8.537272727272727,9.090909090909093,13.636363636363635,False
7f35f9daf223da737b78738fbae4d977,5,353.01,SP,20.202,4.0,0.2,5,0.0,-19.15,0.0,20.0,False
7f40d06aa0b5f1aa4f41af8c0480e2ef,6,1435.6200000000001,SP,20.946666666666665,4.833333333333333,0.0,6,0.16666666666666663,-9.496666666666668,16.666666666666664,0.0,False
7f5e4d5efad7e44b91115dd1decb65f3,3,257.32,SP,25.80666666666666,5.0,0.0,3,0.0,-9.856666666666667,0.0,0.0,False
7f7b8245c336066a1f9933c359f11d77,38,2630.23,SP,14.101842105263158,4.552631578947368,0.07894736842105263,38,0.02631578947368418,-11.400526315789472,2.631578947368418,7.894736842105263,True
7fc87cc3e89b3d1d5cabdca32f8485aa,14,2835.82,SP,48.708571428571425,3.5714285714285716,0.2857142857142857,14,0.2857142857142857,-8.233571428571429,28.57142857142857,28.57142857142857,False
7fdb0720c8d7c9075538b365dc8c3a22,8,2200.2799999999997,PR,57.2425,2.5,0.5,8,0.125,-13.4575,12.5,50.0,False
7fe21dd00d2f4943ae09525efa2fd674,4,356.96000000000004,RJ,14.34,3.0,0.5,2,0.0,-11.38,0.0,50.0,False
7ff588a03c2aeae4fbd23f9ae64b760d,14,1403.3799999999999,SP,15.79857142857143,4.642857142857143,0.07142857142857142,14,0.0,-8.943571428571428,0.0,7.142857142857142,False
800214c63934acd05d47e84214db8ba8,4,321.34000000000003,SC,15.435,5.0,0.0,3,0.0,-14.283333333333333,0.0,0.0,False
80146bc52c4f6af5239b23de2a20262b,1,76.78,SP,49.68,3.0,0.0,0,,,,0.0,False
804287717b9156fb7a787acd9af4fac1,1,33.9,PR,15.1,5.0,0.0,1,0.0,-26.35,0.0,0.0,False
8060d731897e33b5c5ae575ce1e209e1,5,290.95,SP,18.29,4.8,0.0,5,0.0,-16.253999999999998,0.0,0.0,False
808d4348b916efa08e766ebad39f61eb,21,1014.9200000000001,SP,13.515238095238095,4.428571428571429,0.09523809523809523,20,0.050000000000000044,-8.556999999999999,5.000000000000004,9.523809523809524,False
8090490573c6c0aa343a7231ebcb8c86,26,4298.03,SP,16.419615384615383,4.1923076923076925,0.11538461538461539,26,0.07692307692307687,-10.747692307692308,7.692307692307687,11.538461538461538,False
809413606dbfe5deefd2db646693ef67,3,247.05,SP,16.79,4.333333333333333,0.0,3,0.0,-7.1499999999999995,0.0,0.0,False
80ceebb4ee9b31afb6c6a916a574a1e2,1,6922.21,PR,193.21,,0.0,1,1.0,5.62,100.0,0.0,False
80cfd480be3eb6d6267139f5cb793555,1,126.34,SP,26.44,4.0,0.0,1,0.0,-26.31,0.0,0.0,False
80e6699fe29150b372a0c8a1ebf7dcc8,97,14153.67,PR,27.871546391752577,4.3125,0.09278350515463918,95,0.04210526315789476,-15.324315789473683,4.210526315789476,9.278350515463918,True
80f2cf9abf6b5a0e5c612b5eea6646e6,6,956.5,SP,45.35333333333333,4.333333333333333,0.16666666666666666,5,0.19999999999999996,-7.290000000000001,19.999999999999996,16.666666666666664,False
8132b9bd16876e1b0f8808d43825dd48,2,768.9399999999999,SC,20.52,3.0,0.5,1,0.0,-15.42,0.0,50.0,False
813348c996469b40f2e028d5429d3495,178,14753.42,SP,20.037022471910113,4.057471264367816,0.14606741573033707,171,0.052631578947368474,-9.915263157894737,5.263157894736848,14.606741573033707,True
81336a0f57a33776419727a300249e90,16,1670.88,SP,18.501875,3.875,0.1875,15,0.19999999999999996,-7.7219999999999995,19.999999999999996,18.75,False
8160255418d5aaa7dbdc9f4c64ebda44,375,55272.79,SP,21.239573333333333,3.9568733153638815,0.16266666666666665,370,0.16756756756756752,-7.355486486486487,16.75675675675675,16.266666666666666,True
817245bcc3badd82bbd222e0366951a6,29,6303.08,SP,24.916551724137932,4.0,0.10344827586206896,28,0.0357142857142857,-11.694642857142856,3.57142857142857,10.344827586206897,False
81783131d2a97c8d44d406a4be81b5d9,13,2068.17,SP,17.363846153846154,3.5,0.3076923076923077,8,0.125,-8.57375,12.5,30.76923076923077,False
817f85dbb65aa3e70831d90fe75cdf89,11,1783.8899999999999,SP,21.05636363636364,4.545454545454546,0.0,11,0.0,-24.933636363636364,0.0,0.0,False
8185694b58b2ba6de20fd41ae608bbea,8,1602.57,SP,28.78375,4.5,0.0,8,0.0,-10.07,0.0,0.0,False
818d28f936e791926d33bcb6ee94ef79,5,216.7,SP,15.440000000000001,4.0,0.0,4,0.0,-20.3525,0.0,0.0,False
81a1104df0f08b59c68aa5b03cfe398e,73,11235.27,PR,24.854657534246574,4.267605633802817,0.0821917808219178,72,0.05555555555555558,-13.039027777777779,5.555555555555558,8.21917808219178,True
81ed90f07c0bacb7594940ba2ef676aa,2,257.46,MG,16.78,4.5,0.0,2,0.0,-6.0649999999999995,0.0,0.0,False
81f89e42267213cb94da7ddc301651da,45,4650.73,SP,16.994,3.7333333333333334,0.2,45,0.0,-8.995555555555557,0.0,20.0,True
820c7c9eaf76d2b226b6c242bcf3f34d,1,577.0,SP,18.0,4.0,0.0,1,0.0,-20.51,0.0,0.0,False
820cc752a266cdc6c1a1e61dd4583330,15,3078.77,PR,18.398000000000003,4.133333333333334,0.06666666666666667,15,0.1333333333333333,-11.039333333333333,13.33333333333333,6.666666666666667,False
821fb029fc6e495ca4f08a35d51e53a5,28,20740.25,SP,55.458214285714284,3.4074074074074074,0.32142857142857145,24,0.375,-3.611666666666667,37.5,32.142857142857146,False
822166ed1e47908f7cfb49946d03c726,65,5309.63,RJ,25.948769230769233,4.078125,0.16923076923076924,65,0.01538461538461533,-12.404153846153847,1.538461538461533,16.923076923076923,True
822b63912576852aea9a8436d72317b7,8,5097.07,SP,23.9225,3.875,0.25,6,0.0,-25.06833333333333,0.0,25.0,False
822bad9bc42b51213ba522fe87b7ab5d,18,5774.74,SC,32.541666666666664,4.111111111111111,0.1111111111111111,18,0.2777777777777778,-3.7749999999999995,27.77777777777778,11.11111111111111,False
827f8f69dfa529c561901c4f2e0f332f,91,5003.96,PR,17.533736263736262,4.280898876404494,0.10989010989010989,91,0.09890109890109888,-9.703076923076923,9.890109890109889,10.989010989010989,True
82921991ff5b557b045605b8bbf08d49,1,37.129999999999995,SP,18.23,5.0,0.0,1,0.0,-12.1,0.0,0.0,False
82bd0703a4aefd6b599e5bfdaed378fb,20,3002.0,SP,19.436,3.95,0.2,19,0.052631578947368474,-19.865263157894738,5.263157894736848,20.0,False
82cb9f452fe8334df74b22d37824b431,14,1204.95,RS,24.767857142857142,4.714285714285714,0.0,14,0.0,-17.851428571428574,0.0,0.0,False
82e0a475a88cc9595229d8029273f045,42,12498.76,SP,35.47,3.642857142857143,0.2857142857142857,41,0.09756097560975607,-7.63219512195122,9.756097560975608,28.57142857142857,True
830379336fad8c6f3b15a4a3ddb5c66e,2,438.38,SP,85.19,4.5,0.0,2,0.0,-13.780000000000001,0.0,0.0,False
83353a83fd769dfafa4f21a72b15e3e5,5,674.33,SP,18.966,3.8,0.2,5,0.19999999999999996,-8.098,19.999999999999996,20.0,False
834f3294fba9f932f56edc879193f925,66,44367.38,SP,65.45575757575757,4.545454545454546,0.045454545454545456,66,0.06060606060606055,-8.804545454545455,6.060606060606055,4.545454545454546,True
834f8533b2ecb6598dd004ff3de7203a,42,5416.57,SP,22.433333333333334,3.7857142857142856,0.21428571428571427,40,0.15000000000000002,-5.66575,15.000000000000002,21.428571428571427,True
835f0f7810c76831d6c7d24c7a646d4d,44,6287.570000000001,SP,22.581136363636364,3.340909090909091,0.3181818181818182,42,0.30952380952380953,-5.205238095238095,30.952380952380953,31.818181818181817,True
83645b1645cdee8953ee54c29ceed564,14,1245.1000000000001,PR,19.014285714285712,4.428571428571429,0.0,14,0.0,-13.24642857142857,0.0,0.0,False
8378eb36b6b70c5734e83ad7b8cdc3b7,7,1956.67,SC,34.55285714285714,3.857142857142857,0.2857142857142857,7,0.1428571428571429,-12.682857142857143,14.28571428571429,28.57142857142857,False
83a75eea11694e36e56dd0cb2240229a,3,529.47,SP,14.156666666666666,5.0,0.0,3,0.0,-13.88,0.0,0.0,False
83b08de96980757220871b31bf6cffca,5,1758.38,RJ,90.842,4.0,0.2,5,0.4,-2.7239999999999998,40.0,20.0,False
83c465a786b06574376909b35ef6752a,3,330.46,SP,16.353333333333335,5.0,0.0,3,0.0,-20.956666666666667,0.0,0.0,False
83c8aafbefb034674a70de0eac5b8954,2,185.87,PR,25.485,5.0,0.0,2,0.0,-15.76,0.0,0.0,False
83d458c0d6d4f94295d63f091460bd60,1,105.74000000000001,SP,15.84,5.0,0.0,0,,,,0.0,False
83d7070a0b9a8b4625fa8682b819fabb,2,822.4,SP,63.815,1.0,1.0,0,,,,100.0,False
83deb69e889cf80f82be1dc6d5f2d486,40,6276.65,SC,22.841,4.325,0.15,40,0.050000000000000044,-11.15325,5.000000000000004,15.0,True
83e197e95a1bbabc8c75e883ed016c47,47,7680.06,RJ,20.98659574468085,4.808510638297872,0.02127659574468085,46,0.021739130434782594,-13.537608695652175,2.1739130434782594,2.127659574468085,True
83f2b4881141ce3fcd4e985125d3279e,3,101.38,SP,13.56,5.0,0.0,3,0.33333333333333337,-2.4966666666666666,33.333333333333336,0.0,False
8444e55c1f13cd5c179851e5ca5ebd00,98,24949.5,MG,21.353979591836737,3.2755102040816326,0.3469387755102041,91,0.06593406593406592,-21.74692307692308,6.593406593406592,34.69387755102041,True
845e8036c3f7bf62099352f5ed910240,18,1879.34,RJ,24.252222222222223,4.0,0.2222222222222222,18,0.0,-11.595,0.0,22.22222222222222,False
8476243f92442881ddd5b578975cf115,12,8190.04,RS,24.754166666666666,4.083333333333333,0.16666666666666666,12,0.08333333333333337,-6.901666666666667,8.333333333333337,16.666666666666664,False
84c945f15571830c1a91a33978e94009,2,78.03999999999999,SP,13.030000000000001,4.5,0.0,2,0.0,-14.879999999999999,0.0,0.0,False
84deb808079d1be601c209c1e771b1cc,2,58.14,PR,11.605,5.0,0.0,2,0.0,-10.785,0.0,0.0,False
8501d82f68d23148b6d78bb7c4a42037,1,30.66,SC,10.96,1.0,1.0,0,,,,100.0,False
85044848b1b767db2a4a58526adef4b4,4,305.51,SP,16.2275,3.25,0.25,4,0.0,-11.272499999999999,0.0,25.0,False
850857dfac77488c307e2b1cbd84ab5a,1,1638.72,PR,39.72,5.0,0.0,1,0.0,-25.2,0.0,0.0,False
850913d59ce317156b00f3705f1c3edb,32,3302.7000000000003,SP,18.5,3.4375,0.34375,29,0.1724137931034483,-6.131724137931034,17.24137931034483,34.375,True
850f4f8af5ea87287ac68de36e29107f,186,48597.65,SP,17.0397311827957,4.311475409836065,0.08602150537634409,185,0.06486486486486487,-13.955729729729729,6.486486486486487,8.60215053763441,True
851773c885feb5e2da3b4f82bc2b17ce,10,837.13,SP,25.183,4.2,0.1,10,0.19999999999999996,-7.793000000000001,19.999999999999996,10.0,False
855668e0971d4dfd7bef1b6a4133b41b,309,39838.91,SP,25.16747572815534,3.789473684210526,0.22006472491909385,297,0.14141414141414144,-8.238787878787878,14.141414141414144,22.006472491909385,True
8581055ce74af1daba164fdbd55a40de,385,74427.64,SP,24.962701298701298,4.265625,0.10909090909090909,377,0.10079575596816981,-8.29657824933687,10.07957559681698,10.909090909090908,True
85cc55e048b6bcc90c75afe7f0e72f72,9,501.76,RJ,21.497777777777777,4.444444444444445,0.1111111111111111,9,0.2222222222222222,-8.595555555555556,22.22222222222222,11.11111111111111,False
85d9eb9ddc5d00ca9336a2219c97bb13,508,24030.18,MG,16.98167322834646,4.184158415841584,0.10236220472440945,498,0.03614457831325302,-14.99590361445783,3.6144578313253017,10.236220472440944,True
85e7c62c1d6ea078c3897424f867a7c8,2,87.7,SC,13.85,4.5,0.0,2,0.0,-19.89,0.0,0.0,False
85ecf03781da592876b7844acc1b729f,2,294.9,SP,21.95,4.5,0.0,2,0.5,0.33499999999999996,50.0,0.0,False
8602a61d680a10a82cceeeda0d99ea3d,12,846.22,SP,16.18583333333333,4.583333333333333,0.08333333333333333,12,0.08333333333333337,-9.209166666666667,8.333333333333337,8.333333333333332,False
8603f0038fe0e52fedd3382d266723de,10,2845.12,SC,49.012,4.4,0.1,10,0.0,-11.148,0.0,10.0,False
8629a7efec1aab257e58cda559f03ba7,1,64.11,GO,18.89,1.0,1.0,1,1.0,33.81,100.0,100.0,False
8629c241b3622ac12cd4118afdc8d394,13,1502.02,SP,25.720000000000002,4.076923076923077,0.15384615384615385,13,0.07692307692307687,-13.276153846153846,7.692307692307687,15.384615384615385,False
863d2ebcd347ce4922de7a0f9a5581d6,18,1691.1699999999998,RJ,17.156111111111112,3.888888888888889,0.16666666666666666,17,0.17647058823529416,-9.73470588235294,17.647058823529417,16.666666666666664,False
8648b1e89e9b349e32d3741b30ec737e,94,8933.75,SP,15.804255319148934,4.074468085106383,0.1595744680851064,92,0.10869565217391308,-11.194565217391306,10.869565217391308,15.957446808510639,True
86649b1632b1c0e6c0bcb2c90a8b75d8,1,77.66,PR,17.67,1.0,1.0,0,,,,100.0,False
866558b3bccef2dbc6d29a2b5995016f,5,1870.75,PR,70.27000000000001,4.8,0.0,5,0.0,-12.197999999999999,0.0,0.0,False
86bb7c4b535e49a541baf3266b1c95b1,16,8487.22,SP,20.30125,3.2,0.375,16,0.1875,-11.10375,18.75,37.5,False
86bf77bdb52e615674772d5817c6212f,4,379.38,RS,24.395,4.75,0.0,4,0.0,-12.9175,0.0,0.0,False
86ccac0b835037332a596a33b6949ee1,172,19998.92,SC,22.472906976744188,4.238372093023256,0.11627906976744186,170,0.03529411764705881,-14.126294117647058,3.529411764705881,11.627906976744185,True
86ff3eaef0267069cc891a2ed9d10a17,7,550.36,SC,20.087142857142858,4.714285714285714,0.0,7,0.0,-16.46,0.0,0.0,False
870d0118f7a9d85960f29ad89d5d989a,43,4265.47,MG,28.213023255813955,4.093023255813954,0.06976744186046512,43,0.046511627906976716,-9.015116279069767,4.651162790697672,6.976744186046512,True
87142160b41353c4e5fca2360caf6f92,304,38392.38,RS,23.760921052631577,4.402640264026402,0.0625,304,0.05592105263157898,-14.301809210526315,5.592105263157898,6.25,True
8759e7aedd644f487315e5860962f162,3,793.3399999999999,SP,55.446666666666665,3.6666666666666665,0.3333333333333333,3,0.33333333333333337,5.473333333333334,33.333333333333336,33.33333333333333,False
876182d1918783bbe15233febfbd4926,3,155.0,SP,11.576666666666668,4.0,0.0,3,0.0,-11.583333333333334,0.0,0.0,False
87b4428a334b8f676fd9a7f3bf544fb5,1,48.98,SP,18.99,5.0,0.0,1,0.0,-23.26,0.0,0.0,False
87b740daf17b5d1be335a64164ec6842,13,16324.69,SP,115.07307692307693,3.3076923076923075,0.3076923076923077,11,0.09090909090909094,-12.04090909090909,9.090909090909093,30.76923076923077,False
87d30a6a0cbf89356e49324971ab1d24,17,2349.91,SP,12.692941176470589,4.352941176470588,0.11764705882352941,17,0.05882352941176472,-10.147647058823528,5.882352941176472,11.76470588235294,False
87d3c3aeb3ead335511b3ce315eb341e,15,963.06,SP,14.247333333333334,3.5,0.2,15,0.06666666666666665,-7.746666666666667,6.666666666666665,20.0,False
87d73636a3acf123e842bb890a4db036,1,313.60999999999996,SP,43.71,5.0,0.0,1,0.0,-2.36,0.0,0.0,False
87e24fc7052259b1f7f607d61c10d8be,8,7709.860000000001,SP,29.54625,3.5,0.25,7,0.1428571428571429,-11.355714285714285,14.28571428571429,25.0,False
87f3e35268860433e13d577825aada95,3,203.48000000000002,SP,13.926666666666668,1.0,0.6666666666666666,1,0.0,-2.65,0.0,66.66666666666666,False
880ce4951cf857ab1d9e0b75c1d856f4,1,197.72,MG,18.82,5.0,0.0,1,0.0,-18.07,0.0,0.0,False
880eda903e719a5f179f7e9fceb3a69d,1,291.72,SP,42.72,1.0,1.0,0,,,,100.0,False
883dd81e82754ac2c65e9790a7db8c9a,4,323.8,PR,16.05,5.0,0.0,4,0.0,-19.182499999999997,0.0,0.0,False
88460e8ebdecbfecb5f9601833981930,235,36428.72,PR,21.396468085106385,3.448717948717949,0.2978723404255319,233,0.20600858369098718,-10.145364806866953,20.600858369098717,29.78723404255319,True
888faa8bfb0b159c37de6d898b961c31,18,3064.9,SC,35.47777777777778,4.277777777777778,0.1111111111111111,18,0.0,-14.636666666666668,0.0,11.11111111111111,False
889009a0ed0bb52c87819941192931b8,1,122.98,SP,33.08,4.0,0.0,1,0.0,-23.29,0.0,0.0,False
88ae906ea2acf6971f26c3e8b7cb4357,2,186.89,SP,11.445,3.5,0.0,2,0.5,-0.24,50.0,0.0,False
88af55b4a7ca402b27df16f7c7c9b5d2,1,141.52,SP,11.52,1.0,1.0,0,,,,100.0,False
88cd3681e0a2ba85e190f7d817629c4c,1,199.36,SC,19.36,4.0,0.0,1,0.0,-8.1,0.0,0.0,False
88cf19ec1fc2c58f161aee259d57142c,14,1607.68,SP,16.764999999999997,4.5,0.0,14,0.0,-12.584285714285715,0.0,0.0,False
88ef59b51bdaa941d10a853429f2b6ce,2,294.7,PR,20.9,2.0,0.5,2,0.0,-17.085,0.0,50.0,False
891071be6ba827b591264c90c2ae8a63,92,5543.86,SP,14.147934782608695,3.7717391304347827,0.25,85,0.17647058823529416,-10.662823529411765,17.647058823529417,25.0,True
8931a84a914b3fe9b1ddaa4d704947ca,29,5092.89,SP,14.641034482758622,4.071428571428571,0.1724137931034483,29,0.06896551724137934,-10.128620689655174,6.896551724137934,17.24137931034483,False
8936ba0de1073ee888cb3185ae5dc661,1,412.21000000000004,SP,22.22,5.0,0.0,1,0.0,-9.44,0.0,0.0,False
897060da8b9a21f655304d50fd935913,312,28440.31,SP,20.74772435897436,3.647249190938511,0.25,299,0.12040133779264217,-8.920869565217393,12.040133779264217,25.0,True
89757206b887aed36f3e18d858460fea,2,176.14,SP,27.82,5.0,0.0,2,0.0,-13.695,0.0,0.0,False
89a51f50b8095ea78d5768f34c13a76f,10,854.26,DF,17.71,4.7,0.0,10,0.0,-12.376999999999999,0.0,0.0,False
89ad3263c0931c47f976d7c5778e60f6,5,665.71,SP,23.131999999999998,4.0,0.2,5,0.0,-12.236,0.0,20.0,False
89bc797e2e29667aa035d4368f9b7f92,17,659.45,SP,14.83235294117647,3.7058823529411766,0.23529411764705882,16,0.1875,-19.125625,18.75,23.52941176470588,False
89c127985a8b130cfa45c1d36764017a,7,1540.2,SP,17.232857142857142,3.0,0.42857142857142855,6,0.0,-13.674999999999999,0.0,42.857142857142854,False
89d9a386b0b6e5fc8403071b03f7206a,2,235.25,SP,34.125,4.0,0.0,2,0.0,-17.78,0.0,0.0,False
89dda63a3c907c468ec88c310ed91213,2,777.13,SP,21.07,3.0,0.5,1,0.0,-5.16,0.0,50.0,False
89de2d6f23e9746ff309705b23581faa,8,500.08,PR,20.01,2.7142857142857144,0.5,8,0.0,-16.0875,0.0,50.0,False
89f69225956f951295ca4c7fb1266553,11,1318.71,RJ,25.219090909090912,4.2727272727272725,0.09090909090909091,11,0.09090909090909094,-16.17727272727273,9.090909090909093,9.090909090909092,False
8a130737016f838139d31878787a39c9,56,5064.32,SP,15.04089285714286,4.446428571428571,0.05357142857142857,56,0.0714285714285714,-10.01392857142857,7.14285714285714,5.357142857142857,True
8a1ff5c35f6595a73fef4c7b96e4908a,2,1882.8,PR,142.39999999999998,5.0,0.0,2,0.0,-18.67,0.0,0.0,False
8a207b6080964f3c1fc9d35bd6096ba4,2,730.0400000000001,SP,88.17,5.0,0.0,2,0.5,-4.3149999999999995,50.0,0.0,False
8a2d12a90e92f012ce5226fc6592b653,17,1900.1399999999999,PR,19.140588235294118,4.588235294117647,0.058823529411764705,17,0.0,-14.772941176470589,0.0,5.88235294117647,False
8a32e327fe2c1b3511609d81aaf9f042,130,8557.05,SP,17.677000000000003,3.852713178294574,0.18461538461538463,124,0.032258064516129004,-14.020967741935483,3.2258064516129004,18.461538461538463,True
8a40ae794fa3f9892cee24bd5af0488b,6,946.26,PR,34.40166666666667,3.1666666666666665,0.3333333333333333,6,0.33333333333333337,-5.7683333333333335,33.333333333333336,33.33333333333333,False
8a43128d7f9a3db592b866e6861a6cce,3,1058.49,SP,22.63,2.3333333333333335,0.6666666666666666,3,0.0,-18.89,0.0,66.66666666666666,False
8a432f4e5b471f8da497d7dc517666e2,93,9618.23,SP,21.339032258064517,4.239130434782608,0.11827956989247312,93,0.053763440860215006,-11.567096774193548,5.376344086021501,11.827956989247312,True
8a87611c08849ffeeccab52aa798b6c7,13,2998.61,PR,38.60153846153846,2.769230769230769,0.5384615384615384,6,0.0,-29.481666666666666,0.0,53.84615384615385,False
8a8835a43bda99fd37310ad76c457510,2,258.54,SP,17.1,4.5,0.0,2,0.0,-4.255,0.0,0.0,False
8a9260f2b0340411d6d2a56bcf4f7378,8,1396.94,MG,17.6175,4.75,0.0,8,0.125,-9.77875,12.5,0.0,False
8ab42aa58097fd4668d60cc648225d5f,19,3130.31,GO,29.24,4.368421052631579,0.0,19,0.0,-16.402631578947368,0.0,0.0,False
8ae520247981aa06bc94abddf5f46d34,65,17766.34,SC,22.236153846153844,4.446153846153846,0.09230769230769231,65,0.01538461538461533,-15.70523076923077,1.538461538461533,9.230769230769232,True
8b11118053756a9a2932f447e11fc1b5,1,91.16,SP,11.17,3.0,0.0,1,0.0,-40.15,0.0,0.0,False
8b181ee5518df84f18f4e1a43fe07923,1,54.98,SP,27.08,5.0,0.0,1,0.0,-21.05,0.0,0.0,False
8b2492b7ff4468839593fafeed55bad9,29,4336.26,RJ,23.316551724137934,4.172413793103448,0.13793103448275862,29,0.06896551724137934,-7.76103448275862,6.896551724137934,13.793103448275861,False
8b28d096634035667e8263d57ba3368c,141,11946.64,SP,18.34,4.0071942446043165,0.14184397163120568,137,0.11678832116788318,-9.538540145985401,11.678832116788318,14.184397163120568,True
8b2d4ab22f42c5cfc338b846decfda60,6,643.3199999999999,PR,30.886666666666667,4.833333333333333,0.0,6,0.0,-12.206666666666665,0.0,0.0,False
8b321bb669392f5163d04c59e235e066,932,31350.86,SP,14.97288626609442,4.0905172413793105,0.14377682403433475,919,0.10446137105549513,-9.153656147986942,10.446137105549514,14.377682403433475,True
8b655f0855926bcb49f5835d38dfddf6,5,1162.81,SP,14.662,4.8,0.0,5,0.19999999999999996,-4.9719999999999995,19.999999999999996,0.0,False
8b87cd0d43d49b9bdf40f56229364d59,5,1853.9,SP,60.2,2.6,0.6,2,0.0,-6.68,0.0,60.0,False
8b8cfc8305aa441e4239358c9f6f2485,15,13110.7,PR,81.24666666666667,4.2,0.13333333333333333,15,0.1333333333333333,-15.416666666666666,13.33333333333333,13.333333333333334,False
8b9d6eec4a7eb7d0f9d579ce0b38324d,48,6049.099999999999,RJ,36.51375,4.041666666666667,0.16666666666666666,47,0.17021276595744683,-9.585106382978724,17.021276595744684,16.666666666666664,True
8bb48dc19fccaa8613b6229bf7f452a2,82,6226.73,SP,23.454390243902438,4.414634146341464,0.08536585365853659,82,0.024390243902439046,-12.683170731707317,2.4390243902439046,8.536585365853659,True
8bd0e3abda539b9479c4b44a691be1ec,7,845.34,RS,35.541428571428575,2.2857142857142856,0.5714285714285714,6,0.33333333333333337,-9.069999999999999,33.333333333333336,57.14285714285714,False
8bd0f31cf0a614c658f6763bd02dea69,33,5526.68,SP,30.07090909090909,4.28125,0.09090909090909091,33,0.030303030303030276,-12.867575757575757,3.0303030303030276,9.090909090909092,True
8bdd8e3fd58bafa48af76b2c5fd71974,11,2515.55,SP,17.33909090909091,4.545454545454546,0.09090909090909091,9,0.11111111111111116,-11.401111111111112,11.111111111111116,9.090909090909092,False
8c0de775f52fe41590b376a3b7c50f68,9,808.0300000000001,SP,15.036666666666665,3.888888888888889,0.1111111111111111,8,0.0,-10.7825,0.0,11.11111111111111,False
8c16d1f32a54d92897cc437244442e1b,108,7810.86,SC,19.703333333333333,4.355140186915888,0.07407407407407407,108,0.0092592592592593,-14.500092592592592,0.92592592592593,7.4074074074074066,True
8c351ed7c326c62123318f4f3246e906,2,150.66,SP,17.88,5.0,0.0,2,0.0,-13.725,0.0,0.0,False
8c3b533c63cca56240f94f1e3a6b18ef,4,4238.19,MG,243.98250000000002,1.0,0.75,2,1.0,19.145,100.0,75.0,False
8c5e007d7bd5693fa1386ffefbc99f6c,9,1407.41,SP,42.03333333333333,4.333333333333333,0.1111111111111111,9,0.0,-12.173333333333334,0.0,11.11111111111111,False
8c91bfea4263b8fba54081460693e2a1,2,785.75,RS,23.375,5.0,0.0,2,0.0,-17.564999999999998,0.0,0.0,False
8c9348f33ae3dada25c99c99ade2af78,2,364.93,SP,25.97,5.0,0.0,2,0.0,-19.165,0.0,0.0,False
8ca1551acf9832a4cf467bbbac15851f,11,2523.61,PR,26.11909090909091,3.909090909090909,0.18181818181818182,11,0.09090909090909094,-13.283636363636363,9.090909090909093,18.181818181818183,False
8ca5b19e0263150d2c57afdde2b3d011,3,224.68,SP,14.693333333333333,4.666666666666667,0.0,3,0.0,-9.84,0.0,0.0,False
8cb7c5ddf41f4d506eba76e9a4702a25,2,182.37,GO,22.185,3.0,0.5,1,0.0,-11.03,0.0,50.0,False
8cbac7e12637ed9cffa18c7875207478,66,4658.49,SC,25.100151515151513,4.166666666666667,0.10606060606060606,65,0.06153846153846154,-12.894923076923076,6.153846153846154,10.606060606060606,True
8cc6a0e5738e61a87b03c78b2ba9db4b,24,13838.22,MG,21.909166666666668,4.333333333333333,0.08333333333333333,23,0.08695652173913049,-10.119565217391305,8.695652173913048,8.333333333333332,False
8ccf3cf69651cc1d8a02c8bfaf3b8568,2,288.63,SP,19.314999999999998,3.5,0.0,2,0.5,-2.9899999999999998,50.0,0.0,False
8cf21434553b02cbd37c0bbd07e041b0,2,162.13,SC,33.575,2.5,0.5,1,0.0,-14.15,0.0,50.0,False
8d46553a36e68f95350a200c12f8f2e2,13,969.6,SP,17.153846153846153,3.230769230769231,0.3076923076923077,9,0.0,-10.899999999999999,0.0,30.76923076923077,False
8d79c8a04e42d722a75097ce5cbcf2ef,26,3465.12,CE,27.496153846153845,4.423076923076923,0.11538461538461539,25,0.16000000000000003,-11.276399999999999,16.000000000000004,11.538461538461538,False
8d899e15a5925f097cca50faa49b15e3,4,795.98,SP,37.745000000000005,3.75,0.25,4,0.25,-11.29,25.0,25.0,False
8d92f3ea807b89465643c219455e7369,3,252.77000000000004,SP,43.856666666666676,1.0,1.0,3,0.6666666666666667,11.75,66.66666666666667,100.0,False
8d956fec2e4337affcb520f56fd8cbfd,210,14307.15,SP,15.800238095238097,4.214285714285714,0.09523809523809523,209,0.10526315789473684,-9.906315789473684,10.526315789473683,9.523809523809524,True
8daab2245ebdc277c51098d01c5ad8ef,16,1888.64,SP,17.753125,4.625,0.0,16,0.0625,-16.580625,6.25,0.0,False
8dd386be0767c330276ea6a3f96532d3,1,134.48000000000002,SC,44.5,5.0,0.0,1,0.0,-8.82,0.0,0.0,False
8de8fe3af4449ed695d2434c933ed73e,1,2155.35,SP,65.35,5.0,0.0,1,0.0,-19.28,0.0,0.0,False
8def3db7f272735afb2ecd03aeca09a7,2,229.64,RJ,16.82,5.0,0.0,2,0.0,-8.765,0.0,0.0,False
8dfbc5ff27df12f6cef751d3b9554222,4,316.12,PR,22.53,4.5,0.0,4,0.0,-12.022499999999999,0.0,0.0,False
8e29d051f810eb22959ede205b462b9f,2,813.28,SP,106.74000000000001,4.0,0.0,2,0.5,4.83,50.0,0.0,False
8e2b3afb420011ef0c88c9d5f11ea526,11,1606.42,SP,15.002727272727272,4.2727272727272725,0.09090909090909091,11,0.09090909090909094,-10.062727272727273,9.090909090909093,9.090909090909092,False
8e34331b7eedd03be4e5d965c1956225,5,210.44,SP,13.088,4.8,0.0,5,0.19999999999999996,-7.078,19.999999999999996,0.0,False
8e4f041ff58e7845456d3482524014b3,2,182.39000000000001,RS,24.295,3.0,0.5,2,0.5,-7.675000000000001,50.0,50.0,False
8e670472e453ba34a379331513d6aab1,1,1083.96,MG,108.96,1.0,1.0,1,1.0,35.71,100.0,100.0,False
8e6cc767478edae941d9bd9eb778d77a,105,8879.41,MG,20.902190476190476,3.9223300970873787,0.19047619047619047,99,0.08080808080808077,-12.737777777777778,8.080808080808078,19.047619047619047,True
8e6d7754bc7e0f22c96d255ebda59eba,81,15739.880000000001,SP,20.70962962962963,3.617283950617284,0.25925925925925924,80,0.17500000000000004,-4.5155,17.500000000000004,25.925925925925924,True
8e8a7ce9f2f970dc00e2acf6f6e199f6,65,10284.82,RJ,18.212615384615383,4.0,0.12307692307692308,63,0.09523809523809523,-10.246666666666666,9.523809523809524,12.307692307692308,True
8ea394aed8138685abe1eb9f25e1021d,2,1417.6,SP,38.8,4.0,0.0,2,0.0,-8.755,0.0,0.0,False
8eb88b0acb3f90a717ad659221471fa7,2,160.67,SC,20.435,4.5,0.0,2,0.0,-17.17,0.0,0.0,False
8ec76bb0965af3f007692b26fa9d6623,1,2028.75,SC,29.75,5.0,0.0,1,0.0,-12.04,0.0,0.0,False
8ed8ea9a57c862f2c18c2fe41f601d56,19,4562.97,SC,38.47736842105263,4.473684210526316,0.05263157894736842,19,0.0,-15.122105263157895,0.0,5.263157894736842,False
8f0fbe2cd4d472157dc1cdef6edecaa9,2,139.18,SP,14.399999999999999,3.0,0.5,2,0.0,-10.665,0.0,50.0,False
8f119a0aee85c0c8fc534629734e94fd,75,4705.64,SP,14.059333333333335,4.306666666666667,0.08,73,0.0547945205479452,-10.287123287671234,5.47945205479452,8.0,True
8f2b51a30523cdecddc2f179f351c7d6,7,1176.23,SP,21.189999999999998,4.142857142857143,0.14285714285714285,7,0.0,-15.16,0.0,14.285714285714285,False
8f2ce03f928b567e3d56181ae20ae952,153,25550.010000000002,SP,25.079150326797386,4.105263157894737,0.13071895424836602,151,0.152317880794702,-8.305629139072849,15.2317880794702,13.071895424836603,True
8f54d64f28a993550aa7943f12572959,15,3133.12,MG,25.174666666666667,3.7333333333333334,0.26666666666666666,15,0.06666666666666665,-11.192,6.666666666666665,26.666666666666668,False
8f580d36c1e9d6fbce95283403c7d447,8,4993.400000000001,SP,22.51875,4.375,0.125,8,0.125,-9.651250000000001,12.5,12.5,False
8f78f0903005064036736c7173a5c2ed,13,2745.95,MG,48.63461538461539,3.769230769230769,0.23076923076923078,13,0.07692307692307687,-11.167692307692308,7.692307692307687,23.076923076923077,False
8fb67a334bacec338885b4e9e1708073,1,98.42,PR,38.52,5.0,0.0,1,0.0,-10.25,0.0,0.0,False
8fb791022c1fc8909664f48ab7dc636d,5,8483.35,SP,72.67999999999999,4.2,0.2,5,0.0,-17.256,0.0,20.0,False
8fbd63429be6d3e5e6d1a709b6464802,6,1240.97,SP,29.92833333333333,4.833333333333333,0.0,6,0.0,-17.405,0.0,0.0,False
8fbe2ee446b97e128471be4ce983dc0d,3,188.5,SP,13.333333333333334,3.0,0.6666666666666666,3,0.33333333333333337,-3.853333333333333,33.333333333333336,66.66666666666666,False
8fd3b4468f6425810648177996c14cbd,1,376.57,SP,21.67,5.0,0.0,1,0.0,-18.54,0.0,0.0,False
8fdca8e349553f99bc738833a62c8802,22,1370.22,SP,17.312727272727273,4.190476190476191,0.09090909090909091,22,0.045454545454545414,-11.875,4.545454545454541,9.090909090909092,False
8fe8786ee000001ab51d030dfd4a7bf1,5,2456.44,SC,40.288,4.6,0.0,5,0.0,-20.828,0.0,0.0,False
8fec2e460530482132c436cfb5439925,3,548.61,SP,26.71666666666667,4.333333333333333,0.0,3,0.33333333333333337,-5.620000000000001,33.333333333333336,0.0,False
8ff1a9df749e454105c55cda13e79143,13,1737.1100000000001,SP,23.346923076923076,3.727272727272727,0.23076923076923078,13,0.0,-9.514615384615384,0.0,23.076923076923077,False
8ff38bc3969e67c36c48343a07090f66,2,3859.56,SP,193.78,2.5,0.5,2,0.0,-10.11,0.0,50.0,False
8fff28c4263ddec387f28d237fb42773,4,421.68,SP,20.57,3.0,0.5,2,0.0,-4.725,0.0,50.0,False
900ba814c251a692506d7834c1218441,88,31743.73,SP,28.078295454545454,4.188235294117647,0.09090909090909091,86,0.13953488372093026,-7.884302325581395,13.953488372093027,9.090909090909092,True
901b460cdce0c64e471230d7f2f9f3a3,5,2012.56,RS,21.712,4.4,0.2,5,0.0,-18.202,0.0,20.0,False
902c99f1ac505c0d18778b61bcd636f7,4,258.12,SP,25.04,4.0,0.25,3,0.0,-2.766666666666667,0.0,25.0,False
903037660cf848a717166eb7a06d616e,43,8981.8,SP,24.89,3.86046511627907,0.20930232558139536,42,0.1428571428571429,-15.149047619047618,14.28571428571429,20.930232558139537,True
90b36c5aeb728d5504a39f435bef0c5f,5,340.23,SP,26.474,4.2,0.2,4,0.0,-9.3475,0.0,20.0,False
90b57083da5d803237da74daec6dcb2b,2,241.20999999999998,PR,17.155,5.0,0.0,2,0.0,-18.225,0.0,0.0,False
90d4125885ab6c86e8820a722be71974,3,1342.9500000000003,SP,14.466666666666667,1.0,1.0,0,,,,100.0,False
910a922b426b7ff95eaee129ad6c0e1f,2,150.95999999999998,SP,15.58,5.0,0.0,2,0.0,-5.665,0.0,0.0,False
913fd0ebba70bb919f7254a02239173c,1,179.12,SC,19.22,1.0,1.0,1,0.0,-7.31,0.0,100.0,False
9140bd1d9de28b197dce077bdd687438,6,1442.93,SP,30.676666666666666,4.166666666666667,0.0,6,0.0,-7.785,0.0,0.0,False
9140ef75cc8211c4035935e80e567204,1,72.18,PR,22.28,5.0,0.0,1,0.0,-13.03,0.0,0.0,False
91543f9849d68d023e17194926598543,4,1100.57,SC,66.6425,4.5,0.0,4,0.0,-14.717500000000001,0.0,0.0,False
916748bc99315c2d202898ae58b1617e,25,746.51,SP,15.0844,4.28,0.08,25,0.0,-9.458,0.0,8.0,False
916c9de0b5ad957346eeeb12f332687e,23,5973.78,PR,21.45782608695652,4.565217391304348,0.043478260869565216,22,0.0,-17.326818181818183,0.0,4.3478260869565215,False
918717417d88a9f9ae9735567e6c7682,4,389.22,SP,10.88,5.0,0.0,4,0.0,-12.6225,0.0,0.0,False
918f6fbcf3ab724d805867303e593a1b,2,112.58,SP,16.44,4.0,0.0,2,0.0,-16.645,0.0,0.0,False
9198786624eaeb375793215cad26cfa6,9,1118.3700000000001,SC,23.34111111111111,3.7777777777777777,0.3333333333333333,8,0.0,-17.35,0.0,33.33333333333333,False
91f0eec23d4a61d7d7caeefa3f0ad1ca,11,2545.26,SC,32.22363636363636,3.5454545454545454,0.2727272727272727,11,0.2727272727272727,-4.9827272727272724,27.27272727272727,27.27272727272727,False
91f5779a8731baca4809fdeade81803f,6,2117.09,RJ,24.271666666666665,3.8333333333333335,0.16666666666666666,6,0.0,-12.030000000000001,0.0,16.666666666666664,False
91f848e9f4be368f4318775aac733370,63,7168.16,SP,19.61206349206349,4.278688524590164,0.07936507936507936,60,0.033333333333333326,-11.200333333333333,3.3333333333333326,7.936507936507936,True
9200e6ce317b67196b6b0bad4d4bd567,1,51.42,RJ,14.52,3.0,0.0,1,0.0,-7.27,0.0,0.0,False
921323538c9f1c4e816f2720eac02bea,15,1642.2,SP,16.024,3.933333333333333,0.13333333333333333,15,0.19999999999999996,-8.488,19.999999999999996,13.333333333333334,False
9261d76c62caaf0b24677c2ceb7f8f20,6,1216.24,SC,41.25666666666667,3.8333333333333335,0.0,6,0.0,-15.821666666666667,0.0,0.0,False
92992bec39dde5766f590d3b1f46d465,1,121.67,SP,12.67,1.0,1.0,0,,,,100.0,False
929f342384a6607afe143d789ade1316,4,272.76,PR,15.84,5.0,0.0,4,0.0,-14.46,0.0,0.0,False
92c8bc6e8f925792247656fed09aad65,3,299.57000000000005,SP,13.290000000000001,2.3333333333333335,0.6666666666666666,2,0.5,-2.8400000000000003,50.0,66.66666666666666,False
92d14edfb62ee5ae7fdff70b0f4e7233,7,505.84000000000003,SP,23.192857142857147,3.7142857142857144,0.14285714285714285,7,0.0,-12.071428571428571,0.0,14.285714285714285,False
92eb0f42c21942b6552362b9b114707d,336,11337.43,SP,14.471220238095238,4.015015015015015,0.14583333333333334,329,0.07902735562310026,-9.618936170212766,7.902735562310026,14.583333333333334,True
933446e9a59dece7ae9175103820ca8f,2,438.84999999999997,PR,28.729999999999997,3.0,0.5,1,0.0,-65.32,0.0,50.0,False
934ed5cd1b9c1c7382d0a94a94b9e639,1,152.47,PR,26.62,5.0,0.0,1,0.0,-31.32,0.0,0.0,False
939e6227d6964a11a70aa91243e418f2,4,488.25,MG,15.8125,4.25,0.0,4,0.0,-6.3,0.0,0.0,False
939f6e231201f26803cb5c3a3d2940b3,3,225.62,SP,31.673333333333336,4.666666666666667,0.0,3,0.0,-44.69333333333333,0.0,0.0,False
93b9a99027bd8bd6af682aff18dd19bf,20,2453.59,SP,24.0345,4.052631578947368,0.05,19,0.0,-16.815263157894737,0.0,5.0,False
93bef6edaa84956e8e575016449b6351,1,129.56,SP,14.56,5.0,0.0,1,0.0,-20.16,0.0,0.0,False
93dc87703c046b603023e75222018b45,34,8744.42,MG,19.296176470588232,4.0,0.14705882352941177,32,0.09375,-9.493437499999999,9.375,14.705882352941178,True
94144541854e298c2d976cb893b81343,68,18715.65,RS,21.02014705882353,4.253731343283582,0.11764705882352941,68,0.044117647058823484,-13.589117647058822,4.411764705882348,11.76470588235294,True
941554c5757b73ba0e50aa7732310afc,3,166.35000000000002,SP,19.55333333333333,4.666666666666667,0.0,3,0.0,-21.816666666666666,0.0,0.0,False
94165aea8a35c3c21499cbcae239b16c,1,196.11,MG,16.11,2.0,1.0,1,0.0,-12.09,0.0,100.0,False
94231344608e603693b0a8891143f65d,3,824.1800000000001,SP,34.059999999999995,4.0,0.0,3,0.0,-15.14,0.0,0.0,False
9449f25aeaf531019b76999ea49a6949,10,2225.84,RJ,17.939,4.0,0.2,9,0.2222222222222222,-6.8711111111111105,22.22222222222222,20.0,False
9485a23c0430ba1d58d359391606fce6,5,1195.15,SP,13.05,3.2,0.2,4,0.25,-7.3575,25.0,20.0,False
94b9108d4b637ba65bb4f1e53cfcf8d8,7,334.09,SP,14.161428571428571,4.428571428571429,0.14285714285714285,7,0.1428571428571429,-2.318571428571429,14.28571428571429,14.285714285714285,False
94c49f20a123aeb9360dbf80ff912bf6,3,339.29,SP,20.513333333333335,3.6666666666666665,0.3333333333333333,3,0.0,-12.99,0.0,33.33333333333333,False
94ca168e8bcb407ab85c5da308863027,5,311.65999999999997,SP,17.472,5.0,0.0,5,0.0,-7.67,0.0,0.0,False
94d76e96eedd976258cd3278ce56d5f2,1,454.17,SP,68.56,5.0,0.0,1,0.0,-6.48,0.0,0.0,False
94e93ce877be27a515118dbfd2c2be41,30,6542.72,SP,28.938333333333333,3.9310344827586206,0.16666666666666666,29,0.0,-10.561724137931035,0.0,16.666666666666664,True
951e8cef368f09bb3f3d03c00ca4702c,62,5326.74,SP,21.845645161290324,4.1525423728813555,0.12903225806451613,60,0.08333333333333337,-9.280666666666667,8.333333333333337,12.903225806451612,True
9523fb39dd240aa958e040f8183d64f3,1,168.29000000000002,SP,21.3,1.0,1.0,1,0.0,-16.2,0.0,100.0,False
9535a841eecebed61a9fb1ac1cbb5597,2,818.33,SP,16.715,3.0,0.5,2,0.0,-16.935,0.0,50.0,False
9539213aa8e023c01937bef95dc006da,9,319.03999999999996,SP,9.993333333333332,4.555555555555555,0.0,9,0.33333333333333337,-3.4866666666666664,33.333333333333336,0.0,False
954e95f20808d7e5d11f0de292d078e0,3,277.96,MG,39.72666666666667,4.666666666666667,0.0,3,0.0,-13.19,0.0,0.0,False
9558aa23f77a9e0a0eca83540999f43b,2,155.57999999999998,PR,14.94,3.0,0.5,1,0.0,-1.65,0.0,50.0,False
955fee9216a65b617aa5c0531780ce60,1281,160363.98,SP,19.793817330210775,4.16522423288749,0.11163153786104606,1255,0.07808764940239044,-9.49812749003984,7.808764940239044,11.163153786104605,True
9591fc341b1bfb7ef561e2968ec6e011,1,94.21000000000001,SP,14.31,1.0,1.0,0,,,,100.0,False
9596c870880d900012f2e8e6e30d06d7,22,10615.33,MG,91.32181818181817,4.136363636363637,0.09090909090909091,21,0.04761904761904767,-11.69095238095238,4.761904761904767,9.090909090909092,False
9599519be538b98748162a2b48248960,1,630.06,SP,60.06,1.0,1.0,1,0.0,-7.05,0.0,100.0,False
95b293867b5862941c9cd74f756a3c68,9,746.22,SP,10.902222222222223,3.5555555555555554,0.3333333333333333,9,0.4444444444444444,3.47,44.44444444444444,33.33333333333333,False
95cca791657aabeff15a07eb152d7841,1,28.22,PR,18.23,5.0,0.0,1,0.0,-25.31,0.0,0.0,False
95e03ca3d4146e4011985981aeb959b9,172,14089.21,RJ,18.605523255813953,4.023529411764706,0.13953488372093023,169,0.035502958579881616,-14.353076923076923,3.5502958579881616,13.953488372093023,True
95ec4458365c4d11f452ccf538377619,24,2088.08,SP,16.44666666666667,4.739130434782608,0.0,24,0.04166666666666663,-8.175416666666667,4.1666666666666625,0.0,False
95f83f51203c626648c875dd41874c7f,49,4852.13,MG,33.13775510204081,3.7551020408163267,0.2653061224489796,47,0.04255319148936165,-13.39127659574468,4.255319148936165,26.53061224489796,True
960945e1a9535cbc0cd6ddd35fbe7ae8,28,3954.03,SP,18.303571428571427,4.642857142857143,0.0,28,0.0,-9.5275,0.0,0.0,False
9616352088dcf83a7c06637f4ebf1c80,92,7490.57,PR,19.430108695652173,4.315217391304348,0.08695652173913043,91,0.0,-14.68098901098901,0.0,8.695652173913043,True
961dff0a659b4561334372337dd897d9,4,10082.56,RJ,34.14,3.75,0.25,3,0.6666666666666667,-3.53,66.66666666666667,25.0,False
9646c3513289980f17226a2fc4720dbd,71,4247.32,SP,17.014366197183097,4.352112676056338,0.08450704225352113,69,0.02898550724637683,-13.28768115942029,2.898550724637683,8.450704225352112,True
96493fab2fbb13a14d0c0e8772eef5c3,63,20181.23,SP,19.241746031746032,4.064516129032258,0.14285714285714285,63,0.06349206349206349,-9.478571428571428,6.349206349206349,14.285714285714285,True
964ff64dc05b13811c6d0f41e0aa5f6b,1,204.06,SP,24.06,5.0,0.0,1,0.0,-13.37,0.0,0.0,False
966cb4760537b1404caedd472cc610a5,75,53442.58,SP,22.0872,3.864864864864865,0.18666666666666668,67,0.02985074626865669,-14.8,2.985074626865669,18.666666666666668,True
9674754b5a0cb32b638cec001178f799,86,6308.39,SP,14.181046511627907,4.046511627906977,0.1744186046511628,84,0.0357142857142857,-10.380714285714285,3.57142857142857,17.441860465116278,True
96804ea39d96eb908e7c3afdb671bb9e,37,4342.61,MG,19.804324324324323,4.135135135135135,0.13513513513513514,36,0.02777777777777779,-12.880833333333333,2.777777777777779,13.513513513513514,True
968268a686aa05d1f529fb07dff08130,12,4880.84,SP,16.962500000000002,3.5,0.3333333333333333,12,0.0,-11.0325,0.0,33.33333333333333,False
968ee78631915a63fef426d6733d7422,2,521.67,RS,35.835,3.0,0.5,2,0.0,-15.865,0.0,50.0,False
96e5dc09087bad639b4ee193104ec2e5,2,154.44,RJ,26.27,4.5,0.0,2,0.0,-7.68,0.0,0.0,False
96f7c797de9ca20efbe14545bed63eec,1,176.97000000000003,SP,38.37,1.0,1.0,1,0.0,-13.15,0.0,100.0,False
972d0f9cf61b499a4812cf0bfa3ad3c4,81,10289.89,SC,26.67493827160494,3.051948051948052,0.3950617283950617,79,0.11392405063291144,-8.953164556962024,11.392405063291145,39.50617283950617,True
973f21788dfab357250f69a8dcb7ddee,10,1505.99,MG,53.699,2.0,0.7,9,0.5555555555555556,-1.8711111111111112,55.55555555555556,70.0,False
974cf2cb8f4b7add98709c30df02fe10,33,3559.68,SP,17.485151515151514,4.0606060606060606,0.15151515151515152,30,0.033333333333333326,-13.064,3.3333333333333326,15.151515151515152,True
97512d3fc193b2d1dfcdba0f9d1f0f8a,12,1800.42,SP,28.462500000000002,4.25,0.08333333333333333,12,0.08333333333333337,-7.95,8.333333333333337,8.333333333333332,False
977f9f63dd360c2a32ece2f93ad6d306,21,3786.13,SP,48.04238095238095,3.8095238095238093,0.19047619047619047,20,0.15000000000000002,-9.561499999999999,15.000000000000002,19.047619047619047,False
979e9f8b5b39dd243a2550c8b05aecf0,3,571.88,SP,15.626666666666667,5.0,0.0,3,0.0,-12.223333333333334,0.0,0.0,False
97e4a63591ca439a2b8b7efd20e6e19e,5,428.5,RJ,15.709999999999999,4.4,0.0,5,0.0,-11.904,0.0,0.0,False
97e50a621f8e801f4baf69e08687c192,1,97.78,SP,7.88,5.0,0.0,1,0.0,-4.27,0.0,0.0,False
97e995629983723d11830a829bc2b246,5,598.87,SP,19.874000000000002,4.8,0.0,5,0.0,-18.606,0.0,0.0,False
9803a40e82e45418ab7fb84091af5231,11,4791.38,GO,46.60272727272727,3.727272727272727,0.2727272727272727,11,0.0,-15.724545454545455,0.0,27.27272727272727,False
980640c45d7a4635885491d077167e4d,14,1246.6599999999999,SP,17.312142857142856,4.642857142857143,0.0,14,0.0714285714285714,-9.596428571428572,7.14285714285714,0.0,False
98115075dd26cb8835946fc6086f5d30,4,491.2,SP,14.06,4.75,0.0,4,0.0,-6.300000000000001,0.0,0.0,False
984c273121e743dd14767befe6cb17f5,1,280.91,SP,21.31,1.0,1.0,1,1.0,3.69,100.0,100.0,False
9853a239ab7b7ebbdc3a21248d5b8e1f,5,471.01,PR,18.002,3.8,0.2,4,0.25,-12.6975,25.0,20.0,False
985c92cc412091f8529c12d7f23d3fef,12,1606.6299999999999,MG,19.844166666666666,4.75,0.0,12,0.08333333333333337,-13.350000000000001,8.333333333333337,0.0,False
989becdce12ebc39863c2bceab6f3ca1,18,8893.33,PR,58.46944444444445,4.555555555555555,0.05555555555555555,15,0.1333333333333333,-14.92,13.33333333333333,5.555555555555555,False
98dac6635aee4995d501a3972e047414,88,6783.8,SP,28.07227272727273,4.137931034482759,0.18181818181818182,86,0.09302325581395354,-10.213720930232558,9.302325581395355,18.181818181818183,True
98dddbc4601dd4443ca174359b237166,2,211.67,PR,26.835,5.0,0.0,2,0.0,-9.695,0.0,0.0,False
98e164d549402270247f3c96a1a158ef,2,187.42,SP,12.36,2.5,0.5,2,0.0,-10.22,0.0,50.0,False
98f52e1020fe788c10c0418de4393fec,1,36.7,RJ,15.1,4.0,0.0,1,0.0,-12.1,0.0,0.0,False
99002261c568a84cce14d43fcffb43ea,36,5228.65,MT,30.87916666666667,3.7222222222222223,0.16666666666666666,36,0.08333333333333337,-11.504722222222222,8.333333333333337,16.666666666666664,True
9906e7aa42a3c067b7c9a564d01c4320,12,3263.3700000000003,PR,43.714166666666664,4.5,0.08333333333333333,12,0.16666666666666663,-11.219999999999999,16.666666666666664,8.333333333333332,False
994f04b3718c2bab35c2adfa8afecd2a,48,4162.28,SP,15.968333333333334,4.3125,0.041666666666666664,46,0.08695652173913049,-7.40304347826087,8.695652173913048,4.166666666666666,True
9996ae921c50e8dff411ac69c0b4bb8b,1,50.0,SP,30.2,3.0,0.0,1,0.0,-0.41,0.0,0.0,False
999f6d9a1c7c81f43be44c6b7d076210,2,50.83,SP,11.415,4.5,0.0,2,0.0,-23.064999999999998,0.0,0.0,False
99a25c39b28a74d1151c35c18d178292,1,218.7,SP,44.76,5.0,0.0,1,0.0,-9.2,0.0,0.0,False
99a54764c341d5dc80b4a8fac4eba3fb,44,5092.91,SP,30.542045454545452,3.627906976744186,0.22727272727272727,43,0.2093023255813954,-9.183255813953489,20.93023255813954,22.727272727272727,True
99cd94252748d2bdde08e17858233602,2,181.32,SP,10.760000000000002,4.5,0.0,2,0.0,-16.88,0.0,0.0,False
99eaacc9e6046db1c82b163c5f84869f,66,14274.52,SP,17.202272727272724,3.878787878787879,0.21212121212121213,63,0.11111111111111116,-8.154444444444445,11.111111111111116,21.21212121212121,True
9a03a4e9eb0b947652fae4f6121a3f5e,7,1803.72,SP,30.245714285714286,3.857142857142857,0.14285714285714285,7,0.1428571428571429,-13.84142857142857,14.28571428571429,14.285714285714285,False
9a1aea68d3efa00862ec88c0768037d0,7,1501.71,SP,27.50142857142857,4.428571428571429,0.0,7,0.0,-11.145714285714288,0.0,0.0,False
9a208dee8f95cfdf00760c4d627828ec,1,295.98999999999995,RJ,26.09,1.0,1.0,0,,,,100.0,False
9a84ba99f5367fdbd4598363496f1ea2,16,2720.9300000000003,GO,27.246875,3.625,0.1875,15,0.0,-21.680666666666664,0.0,18.75,False
9aa388272ee334b6ae07bc73706e254a,6,1014.87,MG,33.61666666666667,4.333333333333333,0.16666666666666666,6,0.0,-14.378333333333332,0.0,16.666666666666664,False
9ac4f14370b1e24ddc58be041b7f99df,5,436.65,GO,24.427999999999997,4.4,0.0,5,0.0,-14.562000000000001,0.0,0.0,False
9ac75591b69c3402684b6ce0310f22ee,1,69.67,SP,9.17,5.0,0.0,1,1.0,0.91,100.0,0.0,False
9add47bf45ce8e8c7db6b9cf670b1e09,43,6074.46,PR,28.116046511627907,4.166666666666667,0.09302325581395349,41,0.024390243902439046,-13.03951219512195,2.4390243902439046,9.30232558139535,True
9b00cad94ef3078faf6fba2e792c158f,1,373.82,MG,18.92,5.0,0.0,1,0.0,-15.1,0.0,0.0,False
9b00ed88b7fdb95d6ff76e27c1b52d16,47,2250.08,SP,12.536170212765958,4.468085106382978,0.0851063829787234,46,0.06521739130434778,-9.760434782608696,6.521739130434778,8.51063829787234,True
9b013e03b2ab786505a1d3b5c0756754,172,11655.81,SP,15.244186046511627,4.169590643274854,0.13372093023255813,168,0.059523809523809534,-9.131845238095238,5.952380952380953,13.372093023255813,True
9b1050e85becf3ae99c1cf4934c9bc5d,2,115.34,MG,15.1,2.5,0.5,0,,,,50.0,False
9b1585752613ec342d03bbab9997ec48,3,4349.04,RJ,33.35333333333333,3.6666666666666665,0.3333333333333333,3,0.0,-5.63,0.0,33.33333333333333,False
9b1ab052f5fca308ba743ac789ebb2e1,2,326.08000000000004,PR,15.995,4.0,0.0,2,0.0,-16.025,0.0,0.0,False
9b1f656ca3060f8af17a50d8a024b533,1,47.89,SP,19.39,5.0,0.0,1,1.0,7.54,100.0,0.0,False
9b522ba7eae9e1d04082f267144583cc,4,1655.6499999999999,SP,37.0125,4.25,0.0,3,0.33333333333333337,24.226666666666663,33.333333333333336,0.0,False
9b76ad3d04236f76bc71c59470305e13,2,456.63,SP,30.965,5.0,0.0,2,0.0,-10.015,0.0,0.0,False
9bade61a92bed55a25d2b67b9f4ed739,2,174.8,PR,28.56,3.0,0.5,2,0.0,-17.755000000000003,0.0,50.0,False
9baf5cb77970f539089d09a38bcec5c3,32,6673.4,SP,16.9915625,4.3125,0.09375,31,0.0,-17.412258064516127,0.0,9.375,True
9bc484c87d79cd4874e05ca182658045,9,1269.87,SP,16.65222222222222,4.0,0.2222222222222222,8,0.25,-4.37125,25.0,22.22222222222222,False
9bcdfa7b615b3abb9461d9e3ad9886ae,14,2523.79,SC,28.408571428571427,4.428571428571429,0.07142857142857142,14,0.0714285714285714,-14.062142857142858,7.14285714285714,7.142857142857142,False
9bf11dfc0bec77e5a23028043c3c5a8f,1,132.06,MG,17.06,1.0,1.0,1,1.0,12.49,100.0,100.0,False
9c068d10aca38e85c50202e17b4a7e88,15,2919.71,MS,29.56066666666667,4.285714285714286,0.13333333333333333,15,0.19999999999999996,-11.377333333333333,19.999999999999996,13.333333333333334,False
9c0e69c7bf2619675bbadf47b43f655a,150,37607.14,SP,19.528200000000002,4.1610738255033555,0.12,145,0.1103448275862069,-6.948206896551724,11.03448275862069,12.0,True
9c1c0c36cd23c20897e473901a8fb149,6,717.04,SP,28.67833333333333,5.0,0.0,6,0.0,-8.256666666666666,0.0,0.0,False
9c351405b754cc5ce3e2ecf277bb034a,1,59.11,SP,14.11,1.0,1.0,0,,,,100.0,False
9c3a1c416c765687bc79a04113269929,1,133.8,MG,58.9,1.0,1.0,1,0.0,-10.95,0.0,100.0,False
9c3c24eca51c52b91c1de727d2a2ae06,5,347.4,RS,17.96,4.4,0.0,5,0.0,-25.09,0.0,0.0,False
9c4d31c7e46ab03a43fc06e3142afd4e,2,1262.72,RJ,21.910000000000004,4.5,0.0,2,0.0,-7.3500000000000005,0.0,0.0,False
9c54608f0996c32ae4743089d915f845,3,304.72,PR,36.64,4.0,0.0,3,0.0,-20.01,0.0,0.0,False
9c57bc60cfad5ee62d35d3f1ce4593a1,1,195.43,PR,15.43,1.0,1.0,1,1.0,14.6,100.0,100.0,False
9c690ceacd5c66731bf443ea810195cb,10,1121.02,MG,24.922,4.3,0.1,10,0.0,-17.615000000000002,0.0,10.0,False
9c7fd21e0aa159b20da593371f08ff7c,7,960.3000000000001,SP,17.967142857142857,3.2857142857142856,0.42857142857142855,7,0.1428571428571429,-10.592857142857143,14.28571428571429,42.857142857142854,False
9cad4b68bb993ee401a3c5aaa2bc26dd,4,824.26,SP,45.59,2.75,0.5,4,0.25,-2.9475,25.0,50.0,False
9cea4682e16655f7da87f406902e989e,4,219.23,PR,32.8675,4.0,0.25,4,0.0,-17.240000000000002,0.0,25.0,False
9cf787a239c1aa29dbd76f153dc13f9a,4,368.4,SP,13.100000000000001,4.75,0.0,4,0.0,-16.599999999999998,0.0,0.0,False
9d39404483343dd55c7ae254494d8388,10,434.28,SP,14.107999999999999,3.5,0.3,10,0.09999999999999998,-10.85,9.999999999999998,30.0,False
9d489893ff6af05029671b785f54b998,4,301.64,SP,17.985,4.75,0.0,4,0.25,-7.065,25.0,0.0,False
9d4db00d65d7760644ac0c14edb5fd86,98,11512.81,SP,15.643979591836734,4.515463917525773,0.05102040816326531,97,0.04123711340206182,-10.793298969072165,4.123711340206182,5.1020408163265305,True
9d5604a1f112324ad6b2aa552122e0fb,13,761.98,SP,26.19076923076923,3.5384615384615383,0.3076923076923077,13,0.0,-13.488461538461538,0.0,30.76923076923077,False
9d5a9018aee56acb367ba9c3f05d1d6a,66,11915.52,GO,25.553636363636365,4.454545454545454,0.10606060606060606,65,0.01538461538461533,-12.699538461538461,1.538461538461533,10.606060606060606,True
9d681c7e12db302cb261e721040dde65,13,1058.68,PR,21.006153846153843,4.923076923076923,0.0,13,0.0,-13.806153846153846,0.0,0.0,False
9d69ba0a7a626a64dc5db08e529559cf,1,37.54,SP,18.24,5.0,0.0,1,0.0,-2.32,0.0,0.0,False
9d7a1d34a5052409006425275ba1c2b4,13,1331.87,SP,21.31153846153846,4.384615384615385,0.07692307692307693,13,0.07692307692307687,-11.366153846153846,7.692307692307687,7.6923076923076925,False
9da15f4a4ea758d9eeb49000dbe57e22,1,234.61,SP,37.71,2.0,1.0,1,1.0,6.05,100.0,100.0,False
9da1ca0bef29ee170e541927a5aeabdc,6,1612.03,SP,21.271666666666665,3.0,0.3333333333333333,6,0.33333333333333337,-5.73,33.333333333333336,33.33333333333333,False
9dc79dd988ac42f4d56c340d7048420a,4,843.9300000000001,SP,23.5825,4.75,0.0,4,0.0,-9.1675,0.0,0.0,False
9dd459b29a14bf89d47183cf2cd0e4c7,2,198.82000000000002,SP,9.41,5.0,0.0,2,0.5,-5.235,50.0,0.0,False
9dd59e43f0c9f0553244e8f9c2fb247e,10,508.12,PR,15.181999999999999,4.8,0.0,10,0.09999999999999998,-12.911000000000001,9.999999999999998,0.0,False
9dda5bbacd45e18d6485fee649205d09,17,2198.75,MG,28.41470588235294,4.352941176470588,0.11764705882352941,17,0.11764705882352944,-6.89,11.764705882352944,11.76470588235294,False
9de4643a8dbde634fe55621059d92273,72,19369.32,SC,24.015,4.527777777777778,0.05555555555555555,72,0.04166666666666663,-11.076666666666666,4.1666666666666625,5.555555555555555,True
9df5750209b83567ec144eb299d7d634,11,5176.3,RS,23.572727272727274,4.0,0.18181818181818182,11,0.09090909090909094,-19.636363636363637,9.090909090909093,18.181818181818183,False
9e17b9d64683aebcbb9ee362d06463b4,2,136.67000000000002,SP,18.985,1.0,1.0,0,,,,100.0,False
9e25199f6ef7e7c347120ff175652c3b,1,27.02,SP,14.52,4.0,0.0,1,0.0,-13.38,0.0,0.0,False
9e6229250fedbe05838fef417b74e7fb,74,15778.480000000001,SP,27.106216216216215,3.891891891891892,0.14864864864864866,73,0.04109589041095896,-14.543013698630139,4.109589041095896,14.864864864864865,True
9e6967d3cf386d284251784b18ccb485,9,654.9,SP,15.247777777777777,3.888888888888889,0.2222222222222222,9,0.11111111111111116,-6.072222222222222,11.111111111111116,22.22222222222222,False
9e7c5f4d7770eab65738cca38f9efccf,2,222.88,SP,19.04,3.5,0.0,2,0.0,-13.264999999999999,0.0,0.0,False
9e94fa26a70ede4d26226e918e8706a2,1,72.74,SP,9.94,5.0,0.0,1,0.0,-7.23,0.0,0.0,False
9e9b539eb2806acee3f5c28085c1db9f,3,1039.47,MG,24.156666666666666,3.6666666666666665,0.3333333333333333,3,0.33333333333333337,-2.1766666666666663,33.333333333333336,33.33333333333333,False
9ed65337433adfbedefd23dd76eaa494,6,1343.65,SP,13.508333333333333,4.833333333333333,0.0,6,0.0,-9.695,0.0,0.0,False
9ef932e837d8b7f392c0bfee9d359dc2,1,79.56,SP,19.66,3.0,0.0,1,1.0,9.0,100.0,0.0,False
9f50216bfd01913736a55a11b55ea842,16,1619.31,SP,19.394375,4.4375,0.0625,16,0.1875,-7.38875,18.75,6.25,False
9f505651f4a6abe901a56cdc21508025,395,32319.19,SP,15.166683544303798,4.349489795918367,0.09873417721518987,391,0.051150895140664954,-10.055063938618927,5.115089514066495,9.873417721518987,True
9f56a7a649097b166d8ed286ad86a15c,2,51.019999999999996,RJ,11.52,1.0,1.0,0,,,,100.0,False
9fbd5666d8618fa571c4230fafa09bd6,1,96.71000000000001,SP,16.81,5.0,0.0,1,0.0,-5.1,0.0,0.0,False
9fc70243fb26800cba56e8f014797004,6,571.3000000000001,MG,17.45,4.5,0.0,6,0.0,-10.328333333333333,0.0,0.0,False
9fe7c6641c79970ab48185498f547c09,1,164.71,SP,34.71,5.0,0.0,1,0.0,-16.21,0.0,0.0,False
a00824eb9093d40e589b940ec45c4eb0,3,9779.46,SP,126.49666666666667,4.666666666666667,0.0,3,0.0,-14.363333333333335,0.0,0.0,False
a0415d9b25ede3c4b1e477e9916ffc03,10,4247.98,RJ,20.387999999999998,3.9,0.2,9,0.0,-16.987777777777776,0.0,20.0,False
a066df7361163e7ddc5d7452dd17448b,15,1344.62,SP,17.754666666666665,4.4,0.13333333333333333,15,0.19999999999999996,-7.781333333333333,19.999999999999996,13.333333333333334,False
a06c8ff043abea0528ee44171e2140a2,8,606.9300000000001,MG,11.55375,4.75,0.0,8,0.0,-10.18,0.0,0.0,False
a080fc8a850289b27500f6b49cca2553,4,435.57,SP,13.1425,4.75,0.0,4,0.0,-8.66,0.0,0.0,False
a08692680c77d30a0b4280da5df01c5a,6,2660.91,SP,37.985,5.0,0.0,6,0.0,-9.058333333333334,0.0,0.0,False
a09a13f18ed27932d08438aa6f12756e,1,46.01,RS,16.11,3.0,0.0,1,0.0,-22.28,0.0,0.0,False
a0a14e50070f3225b3eabba5b85da517,4,248.64,PR,18.11,4.5,0.0,4,0.0,-11.885,0.0,0.0,False
a0d7fbb07bb5ebc3b05980e750db56f3,2,942.48,SP,96.74,3.0,0.5,2,0.0,-12.719999999999999,0.0,50.0,False
a0e19590a0923cdd0614ea9427713ced,2,397.41999999999996,PR,69.56,1.0,1.0,0,,,,100.0,False
a1040efe9ff4a6f93c28b0499eada8f5,1,1693.31,SP,34.48,5.0,0.0,1,0.0,-14.13,0.0,0.0,False
a1043bafd471dff536d0c462352beb48,716,133998.85,MG,44.41282122905028,4.223001402524544,0.10893854748603352,700,0.05714285714285716,-11.715314285714285,5.714285714285716,10.893854748603351,True
a11a0e0ca67423425691db355cff69b0,2,476.97999999999996,SP,14.040000000000001,5.0,0.0,2,0.5,-5.420000000000001,50.0,0.0,False
a13580f0e8f782b7a543885a0ef99f08,10,1563.68,RJ,25.878000000000004,4.4,0.0,10,0.19999999999999996,-7.81,19.999999999999996,0.0,False
a13aaf2d2886ab9fb30fb9a920160b8f,4,1085.83,SC,18.5775,4.5,0.0,4,0.25,-5.9275,25.0,0.0,False
a1474fd46fd3430168f7ec202da39408,12,3413.52,SP,55.085,4.333333333333333,0.08333333333333333,12,0.16666666666666663,-12.010833333333332,16.666666666666664,8.333333333333332,False
a150c540f572d0fb53992264bc5c10b5,1,135.49,SP,15.59,4.0,0.0,1,0.0,-19.21,0.0,0.0,False
a1544b9ea0b2390e020537d4daa89049,8,948.53,SP,13.41625,3.875,0.125,8,0.0,-19.37375,0.0,12.5,False
a154d7316f158bb42e6fa18bbe3afd3a,2,190.13,SP,25.165,3.0,0.5,2,0.5,17.240000000000002,50.0,50.0,False
a17f621c590ea0fab3d5d883e1630ec6,62,3783.72,SP,16.671935483870968,4.083333333333333,0.16129032258064516,60,0.08333333333333337,-9.3775,8.333333333333337,16.129032258064516,True
a1bea7061f61f6fdd9a85a6325ba1033,9,910.88,SP,11.103333333333333,4.444444444444445,0.0,9,0.11111111111111116,-5.3533333333333335,11.111111111111116,0.0,False
a1bea9970d8f65b240555f99c2214f7f,1,102.48,PR,27.48,3.0,0.0,1,0.0,-12.01,0.0,0.0,False
a1ed30492b3b798bc121845bc4aa7366,1,65.5,SP,23.7,3.0,0.0,0,,,,0.0,False
a20d8058c866dbaeca014d2cd20ac62e,2,1238.9,SP,22.45,5.0,0.0,2,0.5,-2.605,50.0,0.0,False
a213f1bd6458f4a158f3746cb2514559,1,55.95,PR,14.43,5.0,0.0,1,0.0,-25.97,0.0,0.0,False
a218df5c097b0ca409cfaac1488cc7f6,4,258.06,SP,29.345,2.75,0.25,4,0.0,-17.5675,0.0,25.0,False
a21c11ec5c3f03e7cc9f9203bff9e1c6,3,475.88,SP,30.293333333333333,3.6666666666666665,0.3333333333333333,3,0.0,-12.906666666666666,0.0,33.33333333333333,False
a23266650e7c84bb93fbbba502137478,11,1791.44,RS,25.36727272727273,3.8181818181818183,0.18181818181818182,11,0.0,-16.103636363636365,0.0,18.181818181818183,False
a247197e2e9c19a6a53a6888cb8b660f,2,941.0699999999999,SP,71.535,1.0,1.0,0,,,,100.0,False
a254c682cc01e119f83530446f1df9a9,6,809.4200000000001,SP,40.00333333333334,4.0,0.16666666666666666,6,0.16666666666666663,-9.573333333333332,16.666666666666664,16.666666666666664,False
a2a41aedb70551d4a85aa04dc2fced48,2,79.73,SP,13.47,4.0,0.0,2,0.0,-13.620000000000001,0.0,0.0,False
a2b5b6105ea5942300631d2e76f4ffe0,16,4009.3399999999997,SP,45.165625,4.75,0.0,16,0.125,-7.385,12.5,0.0,False
a2b911e9ad40dc7d61c142a4683e2d85,1,120.30000000000001,RJ,34.4,5.0,0.0,1,0.0,-15.48,0.0,0.0,False
a2deecd5398f5df4987110c80a1972a3,16,1119.53,SP,18.25625,3.625,0.25,13,0.0,-12.934615384615386,0.0,25.0,False
a2e85714b56b1cb6bb24a9a6e6cad36f,2,380.44000000000005,SP,20.37,1.0,1.0,0,,,,100.0,False
a2e874074c877c5a05abae80ad6e488f,44,9274.8,SP,27.33681818181818,3.9545454545454546,0.1590909090909091,40,0.050000000000000044,-15.59775,5.000000000000004,15.909090909090908,True
a2fa0bdc798ee84cdb08281337cf4fb6,10,611.02,SC,21.827,4.0,0.2,8,0.0,-6.85875,0.0,20.0,False
a3082f442524a1be452e3189e003b361,3,399.25,SP,32.550000000000004,4.333333333333333,0.0,3,0.0,-11.75,0.0,0.0,False
a35124e2d763d7ca3fbe3b97d143200f,4,490.39,SP,19.7225,4.75,0.0,4,0.0,-11.5275,0.0,0.0,False
a353b1083c9863d756d9404695016d64,1,137.09,ES,17.09,5.0,0.0,1,0.0,-7.3,0.0,0.0,False
a35ef466c6fd6d052f5d241240d3c5e2,3,649.55,RS,26.55,4.666666666666667,0.0,3,0.0,-19.94333333333333,0.0,0.0,False
a369d693961cb93b61ca2cc518872a85,11,3308.04,SP,59.194545454545455,3.909090909090909,0.18181818181818182,11,0.0,-14.728181818181817,0.0,18.181818181818183,False
a36ac007a4d18f865c8d32c3b2402c2d,9,1536.97,SP,19.68777777777778,2.5555555555555554,0.5555555555555556,8,0.0,-22.68125,0.0,55.55555555555556,False
a36b125ac6d5fdbc7f50de85c9157bdc,24,2232.63,SP,16.207916666666666,3.9583333333333335,0.125,23,0.13043478260869568,-10.149565217391304,13.043478260869568,12.5,False
a37c340b91cb0169e8b029db6440fba2,5,439.95000000000005,SP,18.990000000000002,4.8,0.0,5,0.0,-11.654,0.0,0.0,False
a3a38f4affed601eb87a97788c949667,252,31945.33,SC,20.696468253968256,4.393574297188755,0.08333333333333333,249,0.048192771084337394,-13.978152610441766,4.81927710843374,8.333333333333332,True
a3b0df0065e264a91b7bbf5f844af5cd,2,218.75,SP,16.03,5.0,0.0,2,0.0,-5.6899999999999995,0.0,0.0,False
a3b42d266fa8afc874b909422ce88582,1,921.2400000000001,SP,81.84,5.0,0.0,1,0.0,-3.06,0.0,0.0,False
a3dd39f583bc80bd8c5901c95878921e,34,5412.16,BA,23.65735294117647,4.588235294117647,0.029411764705882353,34,0.02941176470588236,-11.053823529411764,2.941176470588236,2.941176470588235,True
a3e9a2c700480d9bb01fba070ba80a0e,126,16506.5,SP,22.781031746031744,4.024193548387097,0.15079365079365079,125,0.09599999999999997,-9.54792,9.599999999999998,15.079365079365079,True
a3f0b55de503387383c7b1de3ad7f678,23,5473.1900000000005,PR,52.81260869565217,4.391304347826087,0.043478260869565216,23,0.04347826086956519,-13.303043478260872,4.347826086956519,4.3478260869565215,False
a3fa18b3f688ec0fca3eb8bfcbd2d5b3,1,84.25999999999999,SP,36.46,5.0,0.0,1,0.0,-2.31,0.0,0.0,False
a414555ce331b8c8aea4a9cb8395194d,7,1693.59,SP,34.66285714285714,3.3333333333333335,0.2857142857142857,7,0.0,-12.055714285714286,0.0,28.57142857142857,False
a416b6a846a11724393025641d4edd5e,162,28670.52,SP,18.517283950617283,4.154320987654321,0.15432098765432098,157,0.1273885350318471,-9.598089171974523,12.73885350318471,15.432098765432098,True
a420f60ff1aa9acc80d0e42959f2b313,66,8498.54,SP,16.412727272727274,4.0,0.13636363636363635,66,0.09090909090909094,-12.174090909090909,9.090909090909093,13.636363636363635,True
a425f92c199eb576938df686728acd20,17,1474.75,PR,18.173529411764704,4.294117647058823,0.17647058823529413,16,0.0,-14.489374999999999,0.0,17.647058823529413,False
a435b009cd956ea60748b5cfbddf2e24,3,406.39,SP,15.07,4.333333333333333,0.0,3,0.6666666666666667,3.19,66.66666666666667,0.0,False
a44fb5a447105f8469bdf16bf9159f25,19,4292.71,RS,30.87421052631579,4.052631578947368,0.15789473684210525,19,0.26315789473684215,-6.2894736842105265,26.315789473684216,15.789473684210526,False
a45314082d50d578a4721c9787ce09ab,2,453.92,SP,14.510000000000002,5.0,0.0,2,0.0,-5.205,0.0,0.0,False
a45765f8afb1e594b22bf9e974b46765,1,88.91999999999999,SP,8.93,4.0,0.0,1,0.0,-13.42,0.0,0.0,False
a478c7961d6a992065b24e63b366f90b,8,1451.56,SC,21.2575,4.875,0.0,8,0.0,-16.314999999999998,0.0,0.0,False
a49928bcdf77c55c6d6e05e09a9b4ca5,98,10664.58,SP,18.040714285714287,3.010204081632653,0.40816326530612246,96,0.26041666666666663,-3.6778125,26.041666666666664,40.816326530612244,True
a4b6b9b992b46e9ef863637af96e04bc,7,7452.36,SC,43.62285714285714,3.2857142857142856,0.2857142857142857,6,0.16666666666666663,-9.993333333333334,16.666666666666664,28.57142857142857,False
a4b8d97cd5d3674eeff96abc99d8ed67,1,233.38000000000002,SP,19.3,1.0,1.0,1,0.0,-15.38,0.0,100.0,False
a4bd6e9adf39b63f43dc545d3ca1f53d,4,1960.97,RJ,28.095,4.5,0.0,4,0.0,-15.9475,0.0,0.0,False
a4e634166243bbb3a13fa584463fa468,2,201.18,SP,22.814999999999998,2.0,1.0,0,,,,100.0,False
a4fc6eadaff1576af888509a53420f6a,1,121.62,SP,20.76,3.0,0.0,1,0.0,-5.25,0.0,0.0,False
a513150f33f99a06569e9cd5c4bb889b,2,711.25,SP,17.125,4.5,0.0,2,0.0,-14.225000000000001,0.0,0.0,False
a5259c149128e82c9d6d46e0c1c812bb,8,1621.13,RO,54.85875,3.875,0.25,8,0.0,-22.7725,0.0,25.0,False
a53f60f05f822b5c621a50ff6a5cb362,4,544.53,MG,32.2825,3.6666666666666665,0.25,4,0.0,-18.5225,0.0,25.0,False
a56a8043ebf66e42119618fb8cf232c6,1,106.73,SC,23.73,5.0,0.0,1,0.0,-8.24,0.0,0.0,False
a56e351445e5863fc8960640ba9190c7,3,825.98,SC,21.686666666666667,4.333333333333333,0.0,3,0.33333333333333337,-7.226666666666667,33.333333333333336,0.0,False
a5a1bfcf728ab0e19182959cf0771ee4,20,2122.98,SP,17.351499999999998,4.35,0.05,20,0.09999999999999998,-9.274,9.999999999999998,5.0,False
a5bff0f43eb51f0cad7c37fac7244c8a,4,541.27,SP,24.067500000000003,4.75,0.0,4,0.0,-11.165,0.0,0.0,False
a5cba26a62b8b4d0145b68b841e62e7f,54,16120.66,PR,25.607777777777777,4.518518518518518,0.05555555555555555,53,0.018867924528301883,-14.090566037735849,1.8867924528301883,5.555555555555555,True
a5dd1946fb63ada8bcaa0c9cd8f11e22,6,426.33000000000004,PE,34.45166666666667,3.8333333333333335,0.16666666666666666,6,0.0,-9.751666666666667,0.0,16.666666666666664,False
a5ff20ff766e7f50bd5066f33da14413,1,55.58,SP,25.58,5.0,0.0,1,0.0,-17.03,0.0,0.0,False
a61cc04793308395a840807104365121,1,38.37,SP,23.74,5.0,0.0,1,0.0,-9.23,0.0,0.0,False
a63bfbaa882c8f4542891b4e2246cc7f,7,7036.1900000000005,RJ,37.74142857142857,4.428571428571429,0.14285714285714285,6,0.16666666666666663,-9.608333333333334,16.666666666666664,14.285714285714285,False
a64e44665225d19dfc0277eeeaaccc57,5,371.34,SP,14.168000000000001,5.0,0.0,5,0.19999999999999996,-4.544,19.999999999999996,0.0,False
a663d9c3797e90eac99ff60939416a56,1,249.08,SP,14.08,5.0,0.0,1,0.0,-6.08,0.0,0.0,False
a673821011d0cec28146ea42f5ab767f,128,17496.24,SP,21.8603125,4.024390243902439,0.171875,124,0.11290322580645162,-8.432016129032258,11.290322580645162,17.1875,True
a67780aba9dd436e7ac0aa1f889e73ec,6,1041.04,SP,29.673333333333336,3.6666666666666665,0.16666666666666666,6,0.33333333333333337,-3.65,33.333333333333336,16.666666666666664,False
a69aa24cec11168e7e39a3fbc727e925,3,140.29000000000002,SP,11.44,5.0,0.0,3,0.0,-8.886666666666667,0.0,0.0,False
a6bd7d1ccdac48c6b33b28596b7eb122,15,15238.05,PB,45.996,3.5,0.3333333333333333,14,0.1428571428571429,-15.08,14.28571428571429,33.33333333333333,False
a6fe7de3d16f6149ffe280349a8535a0,51,3647.4199999999996,SP,14.561176470588235,3.98,0.17647058823529413,50,0.16000000000000003,-8.5918,16.000000000000004,17.647058823529413,True
a70e9066dbfd10b6b97a3f54a1356762,2,2027.4,PR,155.7,5.0,0.0,2,0.0,-8.045,0.0,0.0,False
a72c2f59332659e361d647515c698798,5,933.9300000000001,RS,26.206,4.8,0.0,5,0.0,-16.66,0.0,0.0,False
a72f15980dc3e9bfd1a49ac9b2f3af65,1,108.63000000000001,SP,18.73,4.0,0.0,1,0.0,-13.18,0.0,0.0,False
a7a9b880c49781da66651ccf4ba9ac38,3,373.07000000000005,SP,21.823333333333334,3.6666666666666665,0.0,3,0.0,-11.280000000000001,0.0,0.0,False
a7b7354cc588f7566a848bcbb1ce3d96,2,104.87,SP,12.535,4.0,0.0,2,0.0,-6.345000000000001,0.0,0.0,False
a7c53f6b3b61adbdaa99dda97e8cbd56,1,110.3,SP,11.3,4.0,0.0,1,0.0,-9.31,0.0,0.0,False
a7c88262832dfc683781d6a421edefae,5,1602.42,SP,16.484,4.2,0.0,5,0.0,-11.366,0.0,0.0,False
a7d0f8dd44f57ef6de7f7f02e3d82630,2,99.67,SP,12.94,4.5,0.0,2,0.0,-10.195,0.0,0.0,False
a7dc4098e4da6e41b426269d12ae7e91,2,554.45,SP,18.225,3.0,0.5,2,0.0,-5.195,0.0,50.0,False
a7ecf689b40a44361e259b28939023e4,1,410.91,ES,21.91,5.0,0.0,1,0.0,-8.16,0.0,0.0,False
a7f13822ceb966b076af67121f87b063,75,15595.12,SP,41.5664,3.3378378378378377,0.29333333333333333,73,0.06849315068493156,-15.86178082191781,6.849315068493156,29.333333333333332,True
a806a4bb063ea7ca6d374eafa50a6058,5,405.27,ES,22.174,4.0,0.0,5,0.0,-22.352,0.0,0.0,False
a81466620e46a6970b22ef40379fdfc9,2,354.78,SC,16.49,5.0,0.0,2,0.0,-16.295,0.0,0.0,False
a8739afb32aaa45e01815ca76f76f54b,13,563.56,SP,20.363846153846154,3.769230769230769,0.23076923076923078,13,0.07692307692307687,-9.716153846153846,7.692307692307687,23.076923076923077,False
a888faf2d1baececa6baf9c3d603ee1f,54,18887.32,PR,20.76888888888889,4.037037037037037,0.16666666666666666,53,0.15094339622641506,-10.07433962264151,15.094339622641506,16.666666666666664,True
a89e143d5211473ae18db9577ee34b64,2,159.68,SP,9.84,3.0,0.5,1,0.0,-6.28,0.0,50.0,False
a90a5da8b09e44264a177c0374a5ac87,3,147.3,PR,24.2,4.333333333333333,0.0,3,0.0,-16.483333333333334,0.0,0.0,False
a938325a4b357fd23a6a4d5bb126408e,23,3648.29,RJ,20.273478260869567,3.9565217391304346,0.17391304347826086,23,0.04347826086956519,-9.977391304347828,4.347826086956519,17.391304347826086,False
a9415cf907dfa12f9ed18693244f5329,1,385.41999999999996,MG,175.42,5.0,0.0,1,0.0,-14.18,0.0,0.0,False
a99504ac23ed125aaf5302af6cc30af9,1,1025.24,SP,47.24,5.0,0.0,1,0.0,-7.13,0.0,0.0,False
a9ae440659f48b7849df83e82734150b,1,312.02,SP,27.02,5.0,0.0,1,0.0,-31.11,0.0,0.0,False
a9b533a26e898b12e8b8d4c07279bf4d,4,191.06,RJ,17.865,5.0,0.0,4,0.0,-9.665000000000001,0.0,0.0,False
aa17b35ce4de7b565be3249ba838944f,2,114.0,SP,17.1,4.5,0.0,2,0.0,-8.81,0.0,0.0,False
aa1eb17b9fdf6dfd546e25c45c7b9235,3,154.26,SP,12.089999999999998,4.666666666666667,0.0,3,0.0,-8.496666666666668,0.0,0.0,False
aa2640d851ec322526f1295bbeb20092,1,182.33999999999997,SP,22.36,3.0,0.0,1,0.0,-4.15,0.0,0.0,False
aa762680c40618316a896838866140ea,3,323.46,PR,20.820000000000004,3.3333333333333335,0.3333333333333333,3,0.33333333333333337,-8.556666666666667,33.333333333333336,33.33333333333333,False
aa8af66c623d7d544dfe4bb85b5ebe3b,1,114.57,MG,15.57,5.0,0.0,1,0.0,-17.17,0.0,0.0,False
aac29b1b99776be73c3049939652091d,96,9347.5,MG,27.931979166666665,4.085106382978723,0.11458333333333333,92,0.09782608695652173,-9.875,9.782608695652172,11.458333333333332,True
aac51c486b672a9850d59f3e84b1cf88,10,859.5699999999999,SP,13.129,4.8,0.0,10,0.0,-7.8549999999999995,0.0,0.0,False
aadfe0417e61315688b6bd7043361e25,1,304.17999999999995,GO,14.28,4.0,0.0,1,0.0,-15.15,0.0,0.0,False
aae3bfea055532c57fb453ed3ec80b30,47,3813.95,SP,16.70255319148936,3.652173913043478,0.19148936170212766,47,0.0,-12.860851063829788,0.0,19.148936170212767,True
aae5953b9edddf14749c0d65d60eb4b9,2,202.90000000000003,MG,14.95,5.0,0.0,2,0.0,-11.7,0.0,0.0,False
aae5e7b457a3c72ee230a47d98fceda5,5,745.5699999999999,PR,28.153999999999996,4.2,0.0,5,0.0,-18.55,0.0,0.0,False
aaed1309374718fdd995ee4c58c9dfcd,104,11500.28,SC,22.216634615384613,4.096153846153846,0.125,103,0.029126213592232997,-16.551553398058253,2.9126213592232997,12.5,True
aafe36600ce604f205b86b5084d3d767,128,11697.49,SC,18.977265625,4.3984375,0.09375,128,0.046875,-12.32140625,4.6875,9.375,True
ab27bbbad5239bc31a34709275a70db4,3,485.04999999999995,SP,34.050000000000004,5.0,0.0,3,0.0,-10.573333333333332,0.0,0.0,False
ab3e0c171fe84a7ba7de130f19cfb485,7,1035.7,PR,24.611428571428572,3.5714285714285716,0.2857142857142857,6,0.33333333333333337,-7.433333333333334,33.333333333333336,28.57142857142857,False
ab75b89cc49c9ab3160d0c91565a442a,1,34.089999999999996,SP,15.1,2.0,1.0,0,,,,100.0,False
ab91571efab27993ff2f6b36e38055c3,3,158.93,SP,18.896666666666665,4.666666666666667,0.0,3,0.33333333333333337,-3.9733333333333327,33.333333333333336,0.0,False
ab9db4cf53b08b828b64dccaafc2d9f0,5,403.43,RS,25.151999999999997,4.2,0.2,4,0.0,-18.8525,0.0,20.0,False
aba1721a889e04decc910aa13b768ef4,81,15255.86,SP,15.056296296296296,4.444444444444445,0.09876543209876543,81,0.11111111111111116,-10.809753086419754,11.111111111111116,9.876543209876543,True
abbf6046bbdf1028606a5bc7f00c99e7,7,2393.14,SC,25.141428571428573,4.142857142857143,0.14285714285714285,6,0.0,-16.408333333333335,0.0,14.285714285714285,False
abc015ebac1d283a323ca9db35ede4b9,12,1329.65,SP,18.570833333333333,4.416666666666667,0.08333333333333333,12,0.0,-14.341666666666667,0.0,8.333333333333332,False
abcd2cb37d46c2c8fb1bf071c859fc5b,44,6141.1900000000005,MT,29.63568181818182,4.2727272727272725,0.045454545454545456,43,0.046511627906976716,-15.983953488372093,4.651162790697672,4.545454545454546,True
abe021b01ba992245271b9aa422032df,2,6837.24,PR,58.620000000000005,3.5,0.5,2,0.0,-30.365000000000002,0.0,50.0,False
abe42c5d03695b4257b5c6cbf4e6784e,50,18158.23,RJ,19.9846,3.9183673469387754,0.18,49,0.16326530612244894,-8.628367346938775,16.326530612244895,18.0,True
ac137bac82ffa8548e62bd9d01d2a14f,1,58.94,SP,9.34,1.0,1.0,0,,,,100.0,False
ac1ed5fc15901fbc92920361eb4ab350,1,124.03999999999999,SP,13.79,1.0,1.0,0,,,,100.0,False
ac3508719a1d8f5b7614b798f70af136,102,15753.470000000001,RS,29.545392156862746,4.6,0.0392156862745098,100,0.030000000000000027,-17.3246,3.0000000000000027,3.9215686274509802,True
ac51cac5e20d69ff485a54746488ef48,4,833.77,SP,18.4675,3.5,0.25,3,0.0,-9.783333333333333,0.0,25.0,False
ac6417315ae5da8f9a38ee11de6f7780,8,971.43,SP,22.81625,3.75,0.25,7,0.1428571428571429,-12.865714285714287,14.28571428571429,25.0,False
ac9b01377919cdbd2a1bbb8d5837c70b,1,79.44,SP,23.54,3.0,0.0,1,0.0,-29.42,0.0,0.0,False
acadd4d36859671cb635527c6c977533,12,2646.94,SP,22.161666666666665,4.25,0.08333333333333333,12,0.16666666666666663,-6.390000000000001,16.666666666666664,8.333333333333332,False
acb6c2ca5c82411c1fdb88d5fd5eb95e,10,575.49,SP,16.161,3.9,0.2,10,0.0,-13.643,0.0,20.0,False
acce39e832338debb07b02385cde5967,44,5974.26,MG,26.844545454545457,4.4772727272727275,0.06818181818181818,44,0.0,-9.629090909090909,0.0,6.8181818181818175,True
ace601496e211a664100321f038f50af,1,179.92,SP,14.92,2.0,1.0,0,,,,100.0,False
aced59e9b31ef866a94f9e7f29d8d418,59,8406.39,SP,18.691694915254235,4.47457627118644,0.05084745762711865,59,0.0847457627118644,-10.649661016949153,8.47457627118644,5.084745762711865,True
acf974e4d5950ad143a247471b831eb9,5,804.76,RS,69.212,4.75,0.0,5,0.0,-15.862,0.0,0.0,False
ad14615bdd492b01b0d97922e87cb87f,1,19.21,SC,10.96,5.0,0.0,1,0.0,-13.68,0.0,0.0,False
ad273c9eb54ecb4532de4bf75bae9e4e,9,968.41,PR,21.846666666666668,4.0,0.1111111111111111,9,0.0,-9.305555555555555,0.0,11.11111111111111,False
ad420dd0c4f92f8af951ac24b86d0cf5,42,5618.4,MG,21.740714285714287,4.125,0.14285714285714285,42,0.0714285714285714,-10.234761904761905,7.14285714285714,14.285714285714285,True
ad738d3fcf42655ed15c4960b7b6c601,1,80.89,RS,15.89,1.0,1.0,0,,,,100.0,False
ad75519a07f039025e83795a4418470f,3,417.92,GO,38.60666666666667,3.6666666666666665,0.3333333333333333,3,0.0,-17.47,0.0,33.33333333333333,False
ad781527c93d00d89a11eecd9dcad7c1,42,9171.26,SP,56.349761904761905,3.0,0.42857142857142855,36,0.33333333333333337,-7.602222222222222,33.333333333333336,42.857142857142854,True
ad87df7699e83b8a91822a4a0b765c3a,6,438.62,SP,14.786666666666667,3.8333333333333335,0.0,5,0.0,-16.172,0.0,0.0,False
ad8ada0ffa993cb1197d102d9ab21a3e,1,656.16,MG,56.36,1.0,1.0,0,,,,100.0,False
ad8b531ae67582f096925cff5630d0d1,3,275.91,PR,22.52,3.0,0.3333333333333333,2,0.0,-10.655000000000001,0.0,33.33333333333333,False
ad97a199236354e53fcd91a5a913e9a2,17,14074.7,SC,51.10588235294117,4.529411764705882,0.058823529411764705,16,0.125,-9.720625,12.5,5.88235294117647,False
adbc26658d6c7b4b6219f9d934598091,88,13856.08,PR,21.82602272727273,4.125,0.1590909090909091,88,0.15909090909090906,-7.5048863636363645,15.909090909090907,15.909090909090908,True
adbe70ab2c97442046d393988c8d1d27,5,354.65,SP,13.030000000000001,5.0,0.0,5,0.0,-7.9719999999999995,0.0,0.0,False
adcf50477d6a1f5d91bb9d54c4903cb5,19,2223.8,MG,42.03473684210526,3.263157894736842,0.3157894736842105,16,0.1875,-12.766250000000001,18.75,31.57894736842105,False
ade45994b717ccee333492330fbf037b,10,7479.63,PR,28.363,4.5,0.0,10,0.0,-24.484,0.0,0.0,False
aded58c8142dedc5494a81f948431fab,4,420.57000000000005,RJ,22.77,3.75,0.25,4,0.0,-12.545,0.0,25.0,False
ae45ad30c2d2e5913094769690a239d2,1,283.06,SP,31.26,5.0,0.0,1,0.0,-14.24,0.0,0.0,False
ae45df84722b1d15c5f32b23a095746c,9,1065.49,SP,18.184444444444445,4.777777777777778,0.0,9,0.0,-15.641111111111112,0.0,0.0,False
ae7ab174effdead6c241e547e4ca13f0,6,3910.18,PR,155.43,4.333333333333333,0.16666666666666666,6,0.0,-10.39,0.0,16.666666666666664,False
ae8bfdbf1c2a2a2dee92d799db0a31c6,8,486.14,PR,18.2775,4.125,0.0,8,0.0,-15.1075,0.0,0.0,False
ae9690c6e8fee182c28c9ff8e11ca52c,1,109.02,SP,21.72,5.0,0.0,1,0.0,-46.54,0.0,0.0,False
aeb36d67f1414f234d42a29e27cf1f17,4,3548.1,SP,71.07499999999999,4.5,0.0,4,0.25,-2.2199999999999998,25.0,0.0,False
aec99834ab5d38ead22766ada8497e87,1,476.51,PR,17.51,5.0,0.0,1,0.0,-12.02,0.0,0.0,False
af3ef48d0e13835e529c29ac573c63e5,21,1873.13,SP,22.261904761904763,3.761904761904762,0.23809523809523808,21,0.04761904761904767,-10.687619047619048,4.761904761904767,23.809523809523807,False
af4a0e4cfe1d9c26b6712b1be25a72e5,20,9551.19,MG,30.056,3.5,0.35,20,0.09999999999999998,-11.863,9.999999999999998,35.0,False
af7cdac9d9897cddead9c6b08976c642,6,694.01,SP,25.078333333333333,3.6666666666666665,0.16666666666666666,6,0.16666666666666663,-6.911666666666666,16.666666666666664,16.666666666666664,False
afa6714acee029b2dfdf357e5579cc03,16,3603.58,SP,23.92625,4.25,0.125,16,0.125,-13.428125,12.5,12.5,False
afac9f6b0c4e5f0a7ee87e922cd0f873,1,32.839999999999996,SP,11.85,1.0,1.0,0,,,,100.0,False
afe0067131b73e40875c9b6c10bd2e21,46,6255.85,MG,24.46630434782609,4.2,0.10869565217391304,45,0.0444444444444444,-10.702666666666667,4.444444444444439,10.869565217391305,True
b00af24704019bd2e1b335e70ad11f7c,1,207.25,BA,18.25,5.0,0.0,1,0.0,-19.43,0.0,0.0,False
b01c2b7b8599b325103ebcddc67413e1,4,242.12,RS,18.1675,4.75,0.0,4,0.0,-9.4175,0.0,0.0,False
b026643914f651e8371425e5b8a1e780,1,43.0,RJ,15.1,5.0,0.0,1,0.0,-14.15,0.0,0.0,False
b0398568231ba5e6734af1881671a317,4,788.88,ES,29.802500000000002,4.0,0.25,4,0.0,-12.219999999999999,0.0,25.0,False
b05b432bf68945d4d9783f9e3ca29ee8,2,250.89,SP,13.045,4.5,0.0,2,0.0,-15.765,0.0,0.0,False
b080809eaacb49e5ca07290981472431,11,567.4,MG,13.036363636363633,4.818181818181818,0.0,11,0.0,-9.66909090909091,0.0,0.0,False
b0b346d3a89f5eb4c2968af3f083cd43,11,826.6,SP,19.327272727272728,3.272727272727273,0.36363636363636365,9,0.4444444444444444,3.2433333333333336,44.44444444444444,36.36363636363637,False
b0f2a6122a90a93eb03e68653dd960e3,6,1758.28,PR,22.996666666666666,4.833333333333333,0.0,6,0.0,-16.645,0.0,0.0,False
b1204cfda1d4948679db3cfc0d3cb95c,7,3078.15,SP,24.921428571428574,4.0,0.2857142857142857,6,0.0,-19.988333333333333,0.0,28.57142857142857,False
b127efdabeffb5d559349c7b172eb75d,8,438.21999999999997,SP,17.24,4.75,0.0,8,0.125,-18.9125,12.5,0.0,False
b12cfd255810394b60caef18ae163547,2,726.15,PR,83.07499999999999,4.5,0.0,2,0.0,-15.3,0.0,0.0,False
b14db04aa7881970e83ffa9426897925,82,8210.34,SP,27.63109756097561,3.6962025316455698,0.1951219512195122,77,0.11688311688311692,-9.50935064935065,11.688311688311693,19.51219512195122,True
b16d3dadc47d4eb18be3d88bad0775ce,10,900.54,RS,17.844,4.3,0.1,10,0.09999999999999998,-20.525,9.999999999999998,10.0,False
b17b679f4f5ce2e03ce6968c62648246,55,5160.82,SP,19.56490909090909,3.709090909090909,0.23636363636363636,50,0.18000000000000005,-10.8322,18.000000000000004,23.636363636363637,True
b18871c324516afa228a13e8f1ef0ae9,9,1308.4,SP,27.08888888888889,3.4444444444444446,0.4444444444444444,9,0.11111111111111116,-7.568888888888889,11.111111111111116,44.44444444444444,False
b18dc380845b24038cfc48006478f099,44,9248.93,SP,20.355227272727273,4.1395348837209305,0.11363636363636363,43,0.16279069767441856,-10.54139534883721,16.279069767441857,11.363636363636363,True
b19c48688808720822399ffa9f2dbe2f,1,984.8100000000001,SP,24.82,5.0,0.0,1,0.0,-16.1,0.0,0.0,False
b19f3ca2ea475913750f25a5c37c8d8f,24,7591.05,MG,56.693333333333335,2.7916666666666665,0.5,19,0.3157894736842105,-6.372631578947368,31.57894736842105,50.0,False
b1a81260566c1bac3114a6d124413f27,51,10535.66,RS,31.641372549019607,4.2745098039215685,0.13725490196078433,51,0.019607843137254943,-15.560588235294118,1.9607843137254943,13.725490196078432,True
b1aaae6b66ad3c40f54b389d7ea4bee0,15,1600.54,SP,26.742666666666665,4.4,0.06666666666666667,15,0.0,-18.768666666666668,0.0,6.666666666666667,False
b1ac6ea7895bc3dd6f0f6f4abbdd2821,40,3964.33,RS,20.63325,4.35,0.075,38,0.0,-16.118684210526315,0.0,7.5,True
b1b3948701c5c72445495bd161b83a4c,18,25185.489999999998,SP,27.016666666666666,1.7222222222222223,0.7777777777777778,14,0.6428571428571428,4.739285714285714,64.28571428571428,77.77777777777779,False
b1fc4f64df5a0e8b6913ab38803c57a9,105,10286.86,RJ,20.57895238095238,3.8737864077669903,0.2,105,0.12380952380952381,-8.89695238095238,12.380952380952381,20.0,True
b1fecf4da1fa2689bccffa0121953643,19,4066.72,MS,20.89894736842105,4.947368421052632,0.0,19,0.0,-21.17105263157895,0.0,0.0,False
b2479f944e1b90cf8a5de1bbfde284d6,101,7014.68,SP,22.07277227722772,3.39,0.31683168316831684,99,0.14141414141414144,-7.326464646464646,14.141414141414144,31.683168316831683,True
b248792ac0b60ec3f93d80af1b4fae47,7,608.35,SP,21.978571428571428,3.857142857142857,0.14285714285714285,7,0.1428571428571429,-8.711428571428572,14.28571428571429,14.285714285714285,False
b26741d31a563d769b4af0465ab20c56,2,695.03,SC,23.515,4.0,0.0,2,0.0,-17.595,0.0,0.0,False
b274baf5bbd142410eb2958cf685d684,7,734.57,RS,21.23857142857143,4.285714285714286,0.14285714285714285,7,0.0,-22.01571428571429,0.0,14.285714285714285,False
b29d3380981c51df13fc6fbe87e1763d,6,533.88,SP,16.43,3.8333333333333335,0.16666666666666666,6,0.0,-8.993333333333332,0.0,16.666666666666664,False
b2a6d334e2833acea353624840e25a0e,24,1999.3400000000001,SP,15.5525,4.625,0.041666666666666664,24,0.0,-16.450416666666666,0.0,4.166666666666666,False
b2ac621f0d0322434d04a12b078b9369,29,10217.8,PR,26.627586206896552,4.413793103448276,0.06896551724137931,29,0.10344827586206895,-10.359655172413794,10.344827586206895,6.896551724137931,False
b2ba3715d723d245138f291a6fe42594,335,58102.340000000004,SP,19.365253731343284,4.105421686746988,0.14328358208955225,322,0.09006211180124224,-9.137391304347826,9.006211180124224,14.328358208955224,True
b2bdc5e7940a7d7ca8c4a37953b27a42,1,312.49,SP,62.49,5.0,0.0,0,,,,0.0,False
b2c97074649f92197d9387d9033dda5f,10,964.0799999999999,SP,27.937,4.7,0.0,10,0.09999999999999998,-8.667,9.999999999999998,0.0,False
b2eecf5ea250510da76590ca79d60e5d,9,1213.15,SP,17.016666666666666,5.0,0.0,9,0.0,-12.182222222222222,0.0,0.0,False
b2f4d63c7203f539a78252565ca32257,1,35.74,RJ,20.84,5.0,0.0,1,0.0,-10.06,0.0,0.0,False
b32be1695eb7ec5f10f72d9610a12527,45,29831.02,RS,65.71155555555555,4.068181818181818,0.13333333333333333,44,0.045454545454545414,-12.911363636363637,4.545454545454541,13.333333333333334,True
b335c59ab742f751a85db9c411a86739,33,3716.72,MG,21.135757575757577,3.8484848484848486,0.12121212121212122,30,0.033333333333333326,-11.036333333333333,3.3333333333333326,12.121212121212121,True
b33aaadd1a8891d2dfef0c4c3bdf0371,16,1863.04,SP,22.44,3.9375,0.1875,16,0.125,-7.94875,12.5,18.75,False
b33e7c55446eabf8fe1a42d037ac7d6d,150,47507.25,SP,18.2016,4.1866666666666665,0.13333333333333333,147,0.12925170068027214,-10.60530612244898,12.925170068027214,13.333333333333334,True
b347677812ea483b0f528eaf8cbc09b7,21,8159.83,PR,37.66380952380952,4.523809523809524,0.047619047619047616,21,0.0,-16.295714285714286,0.0,4.761904761904762,False
b372ee768ed69e46ca8cdbd267aa7a38,63,13813.84,SP,18.79111111111111,4.428571428571429,0.09523809523809523,63,0.0,-18.43206349206349,0.0,9.523809523809524,True
b37c4c02bda3161a7546a4e6d222d5b2,4,24487.6,SP,103.15,2.25,0.75,4,0.25,-4.7325,25.0,75.0,False
b3809b8d4394588a47c8470ea331e135,1,96.88,SP,7.88,4.0,0.0,1,0.0,-7.13,0.0,0.0,False
b39d7fe263ef469605dbb32608aee0af,43,6458.1900000000005,SP,27.95813953488372,3.9285714285714284,0.13953488372093023,43,0.046511627906976716,-14.53186046511628,4.651162790697672,13.953488372093023,True
b3b17aab11f273023a5f22ca52e1eb70,7,7325.35,PR,67.90714285714286,4.857142857142857,0.0,7,0.1428571428571429,-9.121428571428572,14.28571428571429,0.0,False
b3e2faf2c1004d674f16a3aa3197f0e1,3,95.24000000000001,SP,11.256666666666668,5.0,0.0,3,0.0,-13.226666666666667,0.0,0.0,False
b3f19518fcec265b2e97af287725f981,9,624.48,SP,15.285555555555554,4.222222222222222,0.0,8,0.0,-12.28,0.0,0.0,False
b410bdd36d5db7a65dcd42b7ead933b8,44,8733.61,GO,22.879772727272726,4.659090909090909,0.045454545454545456,42,0.023809523809523836,-14.678809523809523,2.3809523809523836,4.545454545454546,True
b416191c9813d821a295cfabafff4161,2,150.14,SP,16.17,2.5,0.5,2,0.0,-7.615,0.0,50.0,False
b43d8b707f887a30f4675391098354a0,3,1635.88,SP,76.96,3.0,0.3333333333333333,3,0.33333333333333337,-4.893333333333334,33.333333333333336,33.33333333333333,False
b44dbfbf62e52125f3c15d230569ea91,4,699.0600000000001,SP,22.422500000000003,4.75,0.0,4,0.0,-8.2875,0.0,0.0,False
b452cb0ae35044c4a53179c39f49fb06,2,101.98999999999998,SP,19.145,4.0,0.0,2,0.0,-8.14,0.0,0.0,False
b45d7ebfb7378630f1bcd74b6ff86ff7,5,1110.01,MG,20.502000000000002,3.8,0.2,3,0.0,-11.663333333333334,0.0,20.0,False
b494891378bd8f4560abe576c52deacd,20,3270.82,SP,15.596,4.65,0.05,19,0.052631578947368474,-7.090000000000001,5.263157894736848,5.0,False
b499c00f28f4b7069ff6550af8c1348a,149,12891.960000000001,SP,17.468523489932885,4.147651006711409,0.12080536912751678,144,0.13194444444444442,-10.529375,13.194444444444443,12.080536912751679,True
b4a476fbd28de64b1e347abf9089366a,32,6710.54,SP,31.140625,3.806451612903226,0.1875,29,0.10344827586206895,-10.33,10.344827586206895,18.75,True
b4b447d715f9ab302a188fb43d3e96b3,5,779.6600000000001,SP,18.746000000000002,4.8,0.0,5,0.19999999999999996,-5.816000000000001,19.999999999999996,0.0,False
b4f8921fcc4ff77b66bea6dda43dcd51,18,12983.78,RS,84.37444444444445,4.555555555555555,0.1111111111111111,18,0.05555555555555558,-15.98611111111111,5.555555555555558,11.11111111111111,False
b4ffb71f0cb1b1c3d63fad021ecf93e1,142,9272.99,SP,17.999647887323942,4.23943661971831,0.1056338028169014,141,0.021276595744680882,-14.063971631205673,2.127659574468088,10.56338028169014,True
b55638ad525e906c698fa2ce742c1742,11,1385.67,SC,26.44272727272727,4.181818181818182,0.0,11,0.18181818181818177,-8.85909090909091,18.181818181818176,0.0,False
b561927807645834b59ef0d16ba55a24,83,5728.97,SP,15.003373493975904,4.325301204819277,0.0963855421686747,83,0.14457831325301207,-7.514939759036145,14.457831325301207,9.63855421686747,True
b566ab0ef88016e00422755e305103c6,5,1428.2199999999998,MG,44.044,3.2,0.4,5,0.19999999999999996,-8.09,19.999999999999996,40.0,False
b56828a9f9027f3c918c04ca720d9e3c,3,471.61,SP,37.20333333333333,2.6666666666666665,0.3333333333333333,3,0.33333333333333337,-8.5,33.333333333333336,33.33333333333333,False
b56906f7fd1696e043f1bcce164c487b,40,3041.7799999999997,SP,21.33725,4.0,0.2,40,0.050000000000000044,-13.960249999999998,5.000000000000004,20.0,True
b57e8460909fa137df7951b4a3b5ea84,1,282.14,RS,84.14,2.0,1.0,0,,,,100.0,False
b586cd24c010a13916af621b0325fbba,6,1372.93,SC,43.998333333333335,3.8333333333333335,0.16666666666666666,6,0.0,-13.799999999999999,0.0,16.666666666666664,False
b5abf4f36adc043117b4fca82c22984c,11,1579.58,DF,26.170909090909092,2.5454545454545454,0.5454545454545454,8,0.25,-2.525,25.0,54.54545454545454,False
b5b800c4065bebf4d3442311c9857344,1,88.81,SP,8.91,5.0,0.0,1,0.0,-2.02,0.0,0.0,False
b5bb2b985208834bd5bd86c7a402bbad,2,659.72,RS,19.33,5.0,0.0,2,0.0,-18.255000000000003,0.0,0.0,False
b5d034ac251546e25afe9067f05c1539,1,85.27000000000001,SP,15.37,5.0,0.0,1,0.0,-18.19,0.0,0.0,False
b5dd7151a92ccaaa282cbe9681a05f44,1,103.7,SP,18.7,5.0,0.0,1,0.0,-5.14,0.0,0.0,False
b5e3e38609125694d2ea2417522a60b7,16,1296.18,SC,18.82125,4.3125,0.0625,16,0.25,-6.473125,25.0,6.25,False
b5f0712d22a873b6797ab6cc65c3fcba,1,21.28,SP,8.29,4.0,0.0,1,0.0,-3.22,0.0,0.0,False
b5f49fe968dff6b112861e6cd8e192ef,1,237.67000000000002,PR,42.97,5.0,0.0,1,0.0,-13.24,0.0,0.0,False
b64d51f0435e884e8de603b1655155ae,17,795.76,SP,21.745882352941177,4.294117647058823,0.11764705882352941,17,0.17647058823529416,-9.938235294117646,17.647058823529417,11.76470588235294,False
b67d6c666e8dce1d078c882825e12704,7,457.03,SP,14.884285714285713,4.857142857142857,0.0,7,0.0,-8.634285714285713,0.0,0.0,False
b6c6854d4d92a5f6f46be8869da3fa1a,1,87.82000000000001,SP,17.92,1.0,1.0,0,,,,100.0,False
b6d44737c043328708f6749c2dbe50bd,60,6856.52,SP,25.934666666666665,4.516666666666667,0.08333333333333333,59,0.06779661016949157,-13.485254237288135,6.779661016949157,8.333333333333332,True
b6dc74ed30f124f95227bed4e43a3bed,11,747.59,PR,20.784545454545455,4.0,0.18181818181818182,9,0.11111111111111116,-10.237777777777778,11.111111111111116,18.181818181818183,False
b6e1504972665f739dec4facb9943775,14,1710.3700000000001,SP,16.134999999999998,4.357142857142857,0.14285714285714285,14,0.0714285714285714,-8.227857142857143,7.14285714285714,14.285714285714285,False
b6f52e346160519c24a23af05410ad32,1,143.25,SP,13.35,4.0,0.0,1,0.0,-2.05,0.0,0.0,False
b74d1c09cb380e1d03a6f859c6f4224b,29,3018.83,RJ,28.183103448275865,4.241379310344827,0.10344827586206896,28,0.1428571428571429,-12.193928571428572,14.28571428571429,10.344827586206897,False
b76a1f8356322f12529c37b67d5c96c2,5,354.89000000000004,SP,11.278,4.8,0.0,5,0.0,-10.358,0.0,0.0,False
b76dba6c951ab00dc4edf0a1aa88037e,159,4881.88,SP,14.510062893081761,4.178343949044586,0.11320754716981132,157,0.031847133757961776,-15.729745222929937,3.1847133757961776,11.320754716981133,True
b76f4d90e85657a240495c876313adc5,1,318.3,SP,19.3,5.0,0.0,1,0.0,-5.4,0.0,0.0,False
b77a27b1864483e721dc831d5ba4afa0,2,70.42,RJ,14.309999999999999,3.5,0.5,1,0.0,-20.26,0.0,50.0,False
b7ba853e9551f4558440881fd3e5c815,2,414.78999999999996,RS,18.994999999999997,1.0,1.0,1,0.0,-25.36,0.0,100.0,False
b7cc6c5e001441ae8cdd5c69a480cbe4,6,872.3,SC,36.75,4.166666666666667,0.16666666666666666,5,0.0,-13.77,0.0,16.666666666666664,False
b7d5b4b87af9d42b601865d3f3810bff,2,1090.02,SC,20.509999999999998,2.0,0.5,1,0.0,-20.59,0.0,50.0,False
b7e1750c1157341d2abd0251e07c186b,3,220.56,SP,20.32,4.333333333333333,0.0,3,0.0,-17.74,0.0,0.0,False
b7ed9fb14c8eadb37adb9c45d67ab0fb,7,787.75,SP,31.678571428571427,3.2857142857142856,0.42857142857142855,7,0.0,-12.624285714285715,0.0,42.857142857142854,False
b8114f2f589a6804810f04f99b36b498,8,1692.03,SP,36.55125,4.75,0.0,8,0.0,-9.26875,0.0,0.0,False
b81e3a6c866a764974fe849821abeebd,8,1053.01,SP,27.1075,4.625,0.0,8,0.0,-6.34,0.0,0.0,False
b839e41795b7f3ad94cc2014a52f6796,33,43749.93,SP,27.906969696969696,4.090909090909091,0.18181818181818182,33,0.030303030303030276,-12.112424242424241,3.0303030303030276,18.181818181818183,True
b83cedfb587e7911540e3f576d6917ce,24,2607.77,SP,15.246666666666668,4.208333333333333,0.125,24,0.08333333333333337,-8.884166666666667,8.333333333333337,12.5,False
b8555308bfdb4ca1ed54325a58da9a97,26,3630.03,SP,22.41653846153846,4.0,0.11538461538461539,26,0.07692307692307687,-10.190384615384614,7.692307692307687,11.538461538461538,False
b8578d2d823bd8e251f6fdd02b40902d,8,1442.24,SC,27.3175,4.875,0.0,8,0.0,-20.806250000000002,0.0,0.0,False
b8630e1121437d41cb08e3c749c2c2e2,12,7334.1,RJ,28.84166666666667,4.333333333333333,0.16666666666666666,12,0.16666666666666663,-8.846666666666666,16.666666666666664,16.666666666666664,False
b86a47b3366e3b5424a7b225781f4908,1,106.35,MG,19.85,3.0,0.0,1,0.0,-13.32,0.0,0.0,False
b87a7ea0c30fad2dd6781b74a0064859,9,637.75,SP,13.594444444444443,3.4444444444444446,0.3333333333333333,9,0.33333333333333337,-6.343333333333334,33.333333333333336,33.33333333333333,False
b88e7c57cb2d8b973b7dd4a2bfa14b36,4,419.67,PR,16.4425,4.25,0.0,4,0.0,-14.9175,0.0,0.0,False
b8a0adc91af209270c2c725168eb00fd,6,433.17,SP,18.811666666666667,4.0,0.16666666666666666,6,0.0,-12.65,0.0,16.666666666666664,False
b8bc237ba3788b23da09c0f1f3a3288c,45,15621.16,SC,43.01,4.318181818181818,0.06666666666666667,45,0.022222222222222254,-13.649333333333335,2.2222222222222254,6.666666666666667,True
b8d890108a7a80e4f5d59eea9f362438,2,124.28999999999999,PR,17.295,3.5,0.0,2,0.5,-1.65,50.0,0.0,False
b906dd0e57f282c7089171b6ed07982e,2,262.54999999999995,PR,28.325,4.0,0.0,2,0.0,-18.615000000000002,0.0,0.0,False
b90e891671cffd9557f33a97dc523645,34,5187.05,PR,19.063235294117646,4.323529411764706,0.08823529411764706,34,0.0,-15.378235294117648,0.0,8.823529411764707,True
b92e3c8f9738272ff7c59e111e108d7c,60,10506.61,MG,40.90783333333333,4.2,0.16666666666666666,60,0.033333333333333326,-42.75366666666666,3.3333333333333326,16.666666666666664,True
b94cc9f10ddc85e4ba73a6f7974e7101,39,26368.489999999998,RJ,26.215128205128206,4.297297297297297,0.1282051282051282,39,0.07692307692307687,-11.941025641025641,7.692307692307687,12.82051282051282,True
b98b715fe9e276204e2a3464f48cd796,6,517.62,SP,11.173333333333332,3.3333333333333335,0.3333333333333333,4,0.25,-22.4475,25.0,33.33333333333333,False
b9a03475e6447e631b6799ec8274800f,10,1644.0800000000002,PR,29.498,4.2,0.1,10,0.0,-20.619999999999997,0.0,10.0,False
b9c0ffa92f3ff9a5a3d45ef7213c0842,3,572.17,SP,27.39,5.0,0.0,3,0.0,-10.799999999999999,0.0,0.0,False
b9ca8e8baa5d4aa038394a700f63e69f,14,1677.95,SP,27.727142857142855,4.214285714285714,0.07142857142857142,14,0.0714285714285714,-8.378571428571428,7.14285714285714,7.142857142857142,False
b9de031b671cd48b28fae9d828cbf2b4,1,198.69,SP,43.37,5.0,0.0,1,0.0,-12.19,0.0,0.0,False
b9ec22de23f18567de0e09d776ca0309,2,382.47,DF,20.245,5.0,0.0,2,0.0,-26.68,0.0,0.0,False
ba143b05f0110f0dc71ad71b4466ce92,85,7505.37,SP,15.997529411764706,4.416666666666667,0.09411764705882353,83,0.15662650602409633,-7.797349397590361,15.662650602409634,9.411764705882353,True
ba5daa4041e1f15cdf34b76e3e18a450,15,959.35,SP,10.17,4.266666666666667,0.13333333333333333,15,0.0,-10.262666666666666,0.0,13.333333333333334,False
ba6b4a237f92479743cf0ca06b67a9ac,8,913.71,RJ,13.977500000000001,4.25,0.125,8,0.125,-4.5025,12.5,12.5,False
ba6b68b55fe8704377a7d43c8e5c0185,5,832.22,MG,18.49,4.2,0.2,5,0.0,-12.857999999999999,0.0,20.0,False
ba6ce6de456f6c11d08c17701ba5c26f,6,874.51,SP,21.69333333333333,4.166666666666667,0.16666666666666666,6,0.16666666666666663,-3.736666666666667,16.666666666666664,16.666666666666664,False
ba89796db68db180bd389de96b2ff3b6,2,353.26,SP,21.73,5.0,0.0,2,0.0,-10.9,0.0,0.0,False
ba8e85df286308fe68a2ce83a8f8b2d6,1,97.66000000000001,SC,16.76,5.0,0.0,1,0.0,-20.22,0.0,0.0,False
ba90964cff9b9e0e6f32b23b82465f7b,38,45523.5,SP,34.5,4.421052631578948,0.05263157894736842,38,0.052631578947368474,-11.294210526315789,5.263157894736848,5.263157894736842,True
baa49d93c8c8841e27400a300f5d74b2,6,334.42,SC,14.67,4.5,0.0,6,0.16666666666666663,-9.198333333333332,16.666666666666664,0.0,False
bab0a8cd684e41ba6e2637dca0979d3b,1,289.03999999999996,RJ,19.14,5.0,0.0,1,0.0,-9.12,0.0,0.0,False
babcc0ab201e4c60188427cae51a5b8b,1,93.13,SP,14.13,5.0,0.0,1,0.0,-10.37,0.0,0.0,False
bac44fa8e13424950488659b5f765c41,1,34.42,SP,14.52,5.0,0.0,1,0.0,-45.34,0.0,0.0,False
bac692d6c0ed08467878018e6cc9c26c,1,559.23,SC,82.23,4.0,0.0,1,0.0,-16.12,0.0,0.0,False
bacb1f0ed56ad24198f5810d2b3fe9a5,42,7915.2,SP,21.66095238095238,4.075,0.14285714285714285,38,0.02631578947368418,-12.696052631578947,2.631578947368418,14.285714285714285,True
baeda7047354773262ba2405f97038ba,1,50.1,SP,15.1,5.0,0.0,1,0.0,-8.19,0.0,0.0,False
baf15155e37ef5492731459bdc05be8a,1,55.72,SP,8.72,5.0,0.0,1,0.0,-8.48,0.0,0.0,False
bafc5aa11e413978be29040f51342e70,9,1829.47,MG,16.657777777777778,3.7777777777777777,0.3333333333333333,9,0.11111111111111116,-11.484444444444444,11.111111111111116,33.33333333333333,False
bb135baca94c82fcb731335ad5b04a03,16,1360.23,SP,26.833125,3.125,0.375,16,0.0,-17.84375,0.0,37.5,False
bb2afe2061d53c6968aa0cffa233a8ec,5,644.02,SP,18.924,4.8,0.0,5,0.0,-10.046,0.0,0.0,False
bb3dca718920a4d7ec3cc9ffb025108b,2,201.7,SP,46.85,3.0,0.5,2,0.0,-39.41,0.0,50.0,False
bb5bd94c8f59cc050072d2930c869cac,16,3041.42,SP,20.803125,4.1875,0.0625,16,0.0625,-10.239374999999999,6.25,6.25,False
bb5d956dece964a06c12bceb66b923ae,2,1328.5,RJ,25.07,5.0,0.0,2,0.0,-12.524999999999999,0.0,0.0,False
bb7a14e229b1c95156719c3d9552eeee,11,3519.45,RJ,29.940909090909088,4.181818181818182,0.18181818181818182,10,0.09999999999999998,-9.812000000000001,9.999999999999998,18.181818181818183,False
bb7ad8a45c027be8ab075b8e465f8ca0,2,52.620000000000005,SC,16.32,5.0,0.0,2,0.0,-13.580000000000002,0.0,0.0,False
bba3293d6f5d5af2f415e004e8b93ae3,17,12028.79,SP,19.217058823529413,4.294117647058823,0.11764705882352941,17,0.05882352941176472,-8.34529411764706,5.882352941176472,11.76470588235294,False
bba74270a87732727b5a3b4fd9ac1c39,36,6760.4400000000005,MG,21.079166666666666,3.9722222222222223,0.16666666666666666,35,0.0,-15.263428571428571,0.0,16.666666666666664,True
bba8d0c234a52b87b3957037a215d1a4,1,139.53,GO,19.53,5.0,0.0,1,0.0,-9.35,0.0,0.0,False
bbad7e518d7af88a0897397ffdca1979,66,5701.97,SP,19.734242424242424,3.2615384615384615,0.3787878787878788,65,0.16923076923076918,-8.326615384615385,16.92307692307692,37.878787878787875,True
bbaff50f3b708fda865918715276cd87,12,740.91,SP,18.267500000000002,4.75,0.0,12,0.16666666666666663,-8.4275,16.666666666666664,0.0,False
bbd3acfe6de99892e73940d3fdceaf68,2,135.58,SP,20.34,3.0,0.5,2,0.0,-7.1499999999999995,0.0,50.0,False
bbe87dce25ba8b38bb61cc7210a3f10b,2,355.39,SP,34.195,5.0,0.0,2,0.0,-16.335,0.0,0.0,False
bbf4a892cac7b82422baa711dffb8997,1,105.34,PR,35.34,5.0,0.0,1,0.0,-28.51,0.0,0.0,False
bbf9ad41dca6603e614efcdad7aab8c4,14,8622.26,CE,55.44714285714286,4.5,0.07142857142857142,14,0.0,-21.059285714285714,0.0,7.142857142857142,False
bc07d855eac23aab5ac8a120f21d16b2,12,1496.18,SP,17.75583333333333,4.166666666666667,0.16666666666666666,11,0.18181818181818177,-9.673636363636364,18.181818181818176,16.666666666666664,False
bc2ac6b95e1accce9858528ee566c17e,18,2279.56,SP,13.03111111111111,4.555555555555555,0.1111111111111111,18,0.0,-9.255555555555555,0.0,11.11111111111111,False
bc302730ea8cf49b5c74f579febb5bbf,11,2930.1699999999996,SP,26.297272727272727,3.8181818181818183,0.18181818181818182,11,0.09090909090909094,-9.247272727272728,9.090909090909093,18.181818181818183,False
bc30de0d71bd6260b936a026b5cf7200,3,482.84999999999997,SP,30.16,4.666666666666667,0.0,3,0.0,-19.64,0.0,0.0,False
bc39d8938f90a3a2b98193723ed59774,2,329.11,SP,11.155,4.0,0.0,2,0.0,-12.18,0.0,0.0,False
bc47d5d1490df2b36add65d733eafaba,22,1391.76,SP,17.74818181818182,3.4545454545454546,0.3181818181818182,19,0.10526315789473684,-11.338947368421053,10.526315789473683,31.818181818181817,False
bc503e244f187939d10c92a5c8e378ce,5,755.9000000000001,SP,41.298,4.2,0.2,4,0.0,-12.3875,0.0,20.0,False
bc8c8d665ec4664d286be0d521722b19,1,30.82,SP,8.32,2.0,1.0,1,1.0,4.66,100.0,100.0,False
bca9230d3bbb4efa51872bf605a2f1ad,5,168.2,SP,10.126000000000001,4.0,0.2,5,0.19999999999999996,-4.2219999999999995,19.999999999999996,20.0,False
bcc9dd23e2a8bd8267cf92b19304a1b9,3,246.22000000000003,SP,14.476666666666667,2.3333333333333335,0.6666666666666666,3,0.6666666666666667,0.7000000000000002,66.66666666666667,66.66666666666666,False
bccf933e006e9b94a6184af782963e77,45,5047.21,SP,19.65488888888889,4.5227272727272725,0.06666666666666667,45,0.022222222222222254,-12.517333333333333,2.2222222222222254,6.666666666666667,True
bcd2d7510d58e293f20fad6438c1b314,1,39.46,PR,15.56,,0.0,1,1.0,4.68,100.0,0.0,False
bce6a5ecf98e99fd2a8868b15c51f04b,14,3706.5,SP,17.257142857142856,4.071428571428571,0.21428571428571427,14,0.2142857142857143,-8.002142857142857,21.42857142857143,21.428571428571427,False
bcf5566870987da7bc811fbc8c5b9fd9,1,127.12,SP,31.12,1.0,1.0,0,,,,100.0,False
bd0389da23d89b726abf911cccc54596,86,9065.61,DF,19.224999999999998,4.209302325581396,0.10465116279069768,86,0.08139534883720934,-11.72325581395349,8.139534883720934,10.465116279069768,True
bd0a1b0aadca9a83d9304f7e8ff5fbd5,4,233.06,SP,15.6175,4.5,0.0,4,0.0,-6.45,0.0,0.0,False
bd149ed516d4c5d418d5781f8e18919f,8,555.94,SP,17.7425,4.875,0.0,8,0.0,-6.3125,0.0,0.0,False
bd15ee794d5e640d9dd71b665b2ab15b,11,542.3299999999999,SP,18.03909090909091,4.0,0.18181818181818182,11,0.18181818181818177,-12.86909090909091,18.181818181818176,18.181818181818183,False
bd1d49a326abfa9b1036772e40445430,12,826.2,SP,15.708333333333334,4.083333333333333,0.08333333333333333,12,0.08333333333333337,-11.280833333333334,8.333333333333337,8.333333333333332,False
bd23da7354813347129d751591d1a6e2,88,12096.56,SP,16.87909090909091,4.011494252873563,0.18181818181818182,85,0.04705882352941182,-9.337294117647058,4.705882352941182,18.181818181818183,True
bd43e172d599bed47a85da877172ca8c,1,42.19,SC,18.27,5.0,0.0,1,0.0,-7.55,0.0,0.0,False
bd4431c1a8dfa744b59e1e2a8bc99b9e,7,1013.59,RJ,29.155714285714286,4.571428571428571,0.0,7,0.0,-9.762857142857143,0.0,0.0,False
bd4889b5e9133b35b66e42a8665cea5c,36,7256.54,SP,27.35111111111111,4.4,0.08333333333333333,36,0.0,-12.942222222222222,0.0,8.333333333333332,True
bd4ff04377f974574f7f0bf9d6ce7dde,4,215.10000000000002,SP,12.535,3.5,0.25,4,0.25,-23.035,25.0,25.0,False
bd65d163ded559eb90a10cd09fec178f,1,38.480000000000004,SP,18.68,4.0,0.0,1,0.0,-16.09,0.0,0.0,False
bd697db56ff8e7c9cd1abeb7f72029b2,21,3309.9700000000003,SP,16.19904761904762,4.285714285714286,0.09523809523809523,20,0.0,-12.16,0.0,9.523809523809524,False
bdae679a9b282249bc23b9b69dae9a99,6,973.45,DF,36.1,3.5,0.3333333333333333,6,0.0,-19.951666666666668,0.0,33.33333333333333,False
bdb3edbaee43a761e2d4f258dc08f348,5,424.45000000000005,SP,17.19,3.8,0.2,5,0.19999999999999996,-10.42,19.999999999999996,20.0,False
bdf0d02d36a1d839d0c39c4a887cdd49,5,215.95,SP,19.19,5.0,0.0,5,0.0,-22.73,0.0,0.0,False
be1e9e378700cecaa4ebf71433d7915c,2,157.51,SP,18.81,3.0,0.5,2,1.0,24.259999999999998,100.0,50.0,False
be3b4b0f050a6aa1b2d901c4b77e979f,3,733.7199999999999,PR,51.839999999999996,4.0,0.3333333333333333,3,0.0,-13.600000000000001,0.0,33.33333333333333,False
be67f78487e2cecb0d55bc769709e4f5,1,125.64,MG,23.64,5.0,0.0,1,0.0,-16.25,0.0,0.0,False
be7a093e5b4d147b36b72bb1f9e415e5,1,83.25999999999999,PR,22.36,5.0,0.0,1,0.0,-21.22,0.0,0.0,False
be8e909810184b9b19e886129149d8e5,15,846.08,SP,14.415333333333333,3.7333333333333334,0.2,15,0.19999999999999996,-6.697333333333334,19.999999999999996,20.0,False
be9a160a9011f627c3e121d076c1ec7b,7,3182.52,SC,35.50285714285714,3.5714285714285716,0.2857142857142857,5,0.0,-16.662,0.0,28.57142857142857,False
beadbee30901a7f61d031b6b686095ad,63,5259.74,SP,14.615238095238094,3.9365079365079363,0.1746031746031746,63,0.25396825396825395,-8.583492063492063,25.396825396825395,17.46031746031746,True
bec568278124768c474ee90971ca94d1,1,211.41,SP,12.41,4.0,0.0,1,0.0,-4.18,0.0,0.0,False
bede56095ba33c42038fb85f707b8a42,2,4184.77,SP,105.435,4.5,0.0,2,0.0,-17.330000000000002,0.0,0.0,False
bee36b4f9a2b9fdcaff6ec05df202ed0,2,53.48,SP,9.84,3.0,0.5,1,0.0,-12.89,0.0,50.0,False
bf00385a5f7fc1ef39a13c2e9ee50a5f,29,1213.03,SP,11.818275862068965,4.310344827586207,0.10344827586206896,28,0.0,-10.13107142857143,0.0,10.344827586206897,False
bf0045791395e66460eb04749c68672a,2,155.25,SP,17.725,4.0,0.0,2,0.0,-21.03,0.0,0.0,False
bf0d50a6410d487dc97d2baac0a8c0be,1,37.16,SP,9.26,2.0,1.0,0,,,,100.0,False
bf100ecb7997df312b285358fb32f92c,20,2337.01,PR,17.2555,4.444444444444445,0.0,20,0.0,-16.002000000000002,0.0,0.0,False
bf3c6d2a28b2b5501e6c15448982dcc9,35,4648.150000000001,SP,19.76142857142857,4.6,0.02857142857142857,35,0.02857142857142858,-11.203999999999999,2.857142857142858,2.857142857142857,True
bf84056e679dbe9c69929847a40e338f,36,2477.32,SP,12.591111111111111,3.75,0.16666666666666666,35,0.08571428571428574,-5.8834285714285715,8.571428571428575,16.666666666666664,True
bf961104a38e01b9062ee026bb657dee,4,665.46,SP,19.975,4.5,0.0,4,0.0,-25.2075,0.0,0.0,False
bfd27a966d91cfaafdb25d076585f0da,117,22645.05,SP,23.282478632478632,4.278260869565218,0.1111111111111111,114,0.052631578947368474,-14.828771929824562,5.263157894736848,11.11111111111111,True
bfd938b22bc99bce1ae60dc602889f52,6,1118.2600000000002,RJ,32.57666666666667,3.8333333333333335,0.3333333333333333,4,0.0,-20.2975,0.0,33.33333333333333,False
bff9deb0ec77d437f3305a79cf25529e,5,242.74,SP,16.157999999999998,4.0,0.2,5,0.0,-12.39,0.0,20.0,False
c003204e1ab016dfa150abc119207b24,197,29970.170000000002,SP,24.303502538071065,4.448979591836735,0.050761421319796954,195,0.06666666666666665,-10.84769230769231,6.666666666666665,5.0761421319796955,True
c00396cbdd2e088fe4281baa5920aef1,1,905.8500000000001,PR,73.44,5.0,0.0,1,0.0,-9.29,0.0,0.0,False
c004e5ea15737026cecaee0447e00b75,2,4874.32,SP,87.16,1.0,1.0,1,1.0,15.84,100.0,100.0,False
c0098efcf800861dcae589affca31408,9,1376.74,SP,20.82888888888889,4.777777777777778,0.0,9,0.11111111111111116,-10.262222222222222,11.111111111111116,0.0,False
c013e57c075a06e5b5c48ee03c525719,42,3035.44,SP,22.77857142857143,4.238095238095238,0.09523809523809523,42,0.0714285714285714,-11.080714285714285,7.14285714285714,9.523809523809524,True
c026ef0d72e9132d9fa112308090c8dc,1,557.72,RJ,37.72,4.0,0.0,1,0.0,-6.33,0.0,0.0,False
c03121937e54a93fcc1825c3098bbb6e,7,1197.94,PR,22.134285714285713,5.0,0.0,7,0.0,-15.821428571428571,0.0,0.0,False
c04d70d515d15a7e3db3a73320598566,3,214.82,RJ,18.87333333333333,5.0,0.0,3,0.0,-20.043333333333333,0.0,0.0,False
c0563dd588b775f2e37747ef6ad6c92c,28,4147.9800000000005,SP,15.028214285714284,4.357142857142857,0.14285714285714285,28,0.1071428571428571,-8.381785714285714,10.71428571428571,14.285714285714285,False
c092292535a57dacd95a8765f5518f87,1,143.98,RJ,18.98,5.0,0.0,1,0.0,-16.23,0.0,0.0,False
c0aff2da32c17759d30b22fb0af6649d,4,272.33000000000004,SC,20.8825,3.75,0.0,4,0.0,-16.4225,0.0,0.0,False
c0e0b73d039eb9a99b6ce4cb7a429cd3,1,37.56,SC,7.68,5.0,0.0,1,0.0,-12.35,0.0,0.0,False
c0e6839516f5398edc34adf5f1d53d1a,3,520.84,SP,29.30666666666666,2.6666666666666665,0.6666666666666666,1,0.0,-17.44,0.0,66.66666666666666,False
c0f3eea2e14555b6faeea3dd58c1b1c3,1,95.64999999999999,SP,15.66,5.0,0.0,1,0.0,-15.31,0.0,0.0,False
c0f783394e37cd9c9d7f5f81141450fa,6,336.75,SP,14.558333333333332,3.6,0.16666666666666666,6,0.0,-12.401666666666666,0.0,16.666666666666664,False
c113b8df1fc375bc3d73d29c1b1144d1,3,400.87,SP,22.623333333333335,4.333333333333333,0.0,3,0.0,-20.916666666666668,0.0,0.0,False
c12b92bf1c350f3e6bf88d3596219c86,17,5322.63,SP,27.826470588235296,3.8823529411764706,0.23529411764705882,17,0.05882352941176472,-12.423529411764704,5.882352941176472,23.52941176470588,False
c12d7463a579237ffb9248bd7cff378b,1,34.62,SP,8.72,4.0,0.0,1,0.0,-41.2,0.0,0.0,False
c13ef0cfbe42f190780f621ce81f2234,1,451.28,SP,61.28,3.0,0.0,1,1.0,6.63,100.0,0.0,False
c13fb473e7cb8b83ccd543c094df0608,2,83.52,SP,14.36,3.5,0.0,2,0.0,-20.045,0.0,0.0,False
c1552b1dab6e6f760950368ae61fb600,2,68.69,SP,7.445,2.5,0.5,2,0.0,-0.405,0.0,50.0,False
c157bdeedcbc9a8e3c8bf0d87ff24428,7,722.97,SP,29.814285714285713,4.428571428571429,0.0,7,0.0,-12.655714285714286,0.0,0.0,False
c161d1327ebc3a156c09582ab2f59f6c,3,76.33,SP,7.78,3.0,0.3333333333333333,2,0.0,-10.344999999999999,0.0,33.33333333333333,False
c18309219e789960add0b2255ca4b091,1,24.0,RJ,14.1,5.0,0.0,1,0.0,-8.24,0.0,0.0,False
c1849d4d32d7a6cecd5aa471809d3135,3,430.71,SP,13.910000000000002,4.333333333333333,0.0,3,0.0,-1.9233333333333336,0.0,0.0,False
c1d1ebb4745cc43cb6f05e9c8a705c9a,2,45.46,SP,11.73,3.0,0.5,0,,,,50.0,False
c1dde11f12d05c478f5de2d7319ad3b2,1,19.89,SP,7.39,1.0,1.0,1,0.0,-8.01,0.0,100.0,False
c1ed9e3daf6154542826a6996af0fb8c,9,1300.64,SC,36.59888888888889,3.888888888888889,0.2222222222222222,8,0.125,-7.13625,12.5,22.22222222222222,False
c1f12f926d0ba950578b4fa41115cbb6,2,556.5600000000001,SP,38.48,4.0,0.0,2,0.5,16.36,50.0,0.0,False
c200c73f9d7e5a08ca439d6a0803da7c,1,68.2,PR,28.2,1.0,1.0,0,,,,100.0,False
c24173065483e421f9e5e7f599de101d,9,491.21000000000004,SP,13.033333333333333,3.5555555555555554,0.2222222222222222,9,0.11111111111111116,-5.346666666666668,11.111111111111116,22.22222222222222,False
c26a2be5b53b7db6b276280da212a779,13,8288.85,RJ,62.065384615384616,3.3846153846153846,0.38461538461538464,13,0.0,-10.700769230769232,0.0,38.46153846153847,False
c26ba52cf8d2f34915f2f6b7ffa0a3f3,4,172.65,RJ,11.6725,4.0,0.25,3,0.0,-13.386666666666665,0.0,25.0,False
c273175f7c6c80fb02f051e2fc6d0d72,14,1443.45,SP,18.23,3.7857142857142856,0.21428571428571427,14,0.0714285714285714,-11.74,7.14285714285714,21.428571428571427,False
c286ec035ee04ba81c97508f0b5df544,2,565.9,PR,36.45,2.5,0.5,1,0.0,-8.81,0.0,50.0,False
c2bda99904207edd1834f03e0022b007,2,101.68,SP,10.94,2.5,0.5,1,0.0,-6.19,0.0,50.0,False
c2d70ce2c5d0a2eb75e78668236e6dc8,13,2699.92,SP,17.616923076923076,4.615384615384615,0.0,13,0.0,-12.228461538461538,0.0,0.0,False
c31eff8334d6b3047ed34bebd4d62c36,120,15482.13,SP,19.865166666666667,3.857142857142857,0.18333333333333332,118,0.14406779661016944,-9.555338983050847,14.406779661016945,18.333333333333332,True
c3251e13f1bbda6c74e37c160f991e19,2,513.08,SP,37.64,5.0,0.0,2,0.0,-29.520000000000003,0.0,0.0,False
c32fc744b9160ac853450488e3cfea93,2,192.36,SP,18.28,3.0,0.5,1,0.0,-21.34,0.0,50.0,False
c33847515fa6305ce6feb1e818569f13,112,20121.94,SC,39.651607142857145,3.830357142857143,0.21428571428571427,112,0.044642857142857095,-14.844910714285716,4.46428571428571,21.428571428571427,True
c33a5c3c983090c8b78a28e65052a20d,9,829.1400000000001,SC,18.126666666666665,4.222222222222222,0.2222222222222222,8,0.0,-13.97875,0.0,22.22222222222222,False
c353f8fc0ce8344999f17d578eb69a5e,2,212.57,RS,18.295,5.0,0.0,2,0.0,-33.075,0.0,0.0,False
c35672b10ad50968f567ea3f4b91e877,18,1515.35,RJ,20.265555555555554,4.5,0.05555555555555555,18,0.05555555555555558,-11.345,5.555555555555558,5.555555555555555,False
c35affa65afd250151285c5917fc1c8a,9,5993.92,SP,79.33444444444444,4.0,0.2222222222222222,8,0.125,-6.2725,12.5,22.22222222222222,False
c360e4787614ed31ac7a2f95d3b22dc6,1,218.95000000000002,SP,30.05,2.0,1.0,1,0.0,-16.94,0.0,100.0,False
c37b2059d4f90d4feead554e5246565e,9,900.1800000000001,SP,23.09777777777778,4.111111111111111,0.2222222222222222,9,0.33333333333333337,-1.3411111111111111,33.333333333333336,22.22222222222222,False
c3867b4666c7d76867627c2f7fb22e21,238,41383.69,SP,20.736512605042016,3.919831223628692,0.20588235294117646,221,0.12217194570135748,-8.830135746606334,12.217194570135748,20.588235294117645,True
c394e193cda3b4225ff2094d32184849,3,3611.4399999999996,SP,63.853333333333346,3.6666666666666665,0.3333333333333333,2,0.0,-10.26,0.0,33.33333333333333,False
c398bc00a606d33758afd91f4e64fd15,2,165.5,RJ,7.75,4.5,0.0,2,0.0,-27.53,0.0,0.0,False
c3aad7dc65449ae90a5e9c3c6c1e78e0,6,640.36,SP,21.72666666666667,4.666666666666667,0.0,6,0.0,-13.07,0.0,0.0,False
c3acdfac4e3e97ff87529454fbc03642,12,17057.280000000002,SP,22.439999999999998,4.25,0.08333333333333333,12,0.08333333333333337,-8.7475,8.333333333333337,8.333333333333332,False
c3cfdc648177fdbbbb35635a37472c53,276,49460.93,PR,22.1886231884058,4.494545454545454,0.06884057971014493,276,0.025362318840579712,-15.465905797101449,2.536231884057971,6.884057971014493,True
c3e1abd72a42fe690fcd89cf5720fe29,13,1967.58,SP,12.997692307692308,4.461538461538462,0.07692307692307693,13,0.0,-10.698461538461537,0.0,7.6923076923076925,False
c3e2398fcc7e581cda2e546557bf6968,1,30.130000000000003,SP,15.23,5.0,0.0,1,0.0,-13.31,0.0,0.0,False
c3ee2331a724e6fc02c4b698b57a73f3,2,1487.88,SP,70.44,3.0,0.0,2,0.0,-8.355,0.0,0.0,False
c3f5668699a1b04c0fa61ecea1e2bff6,3,514.9300000000001,PR,35.70666666666667,5.0,0.0,3,0.0,-4.6000000000000005,0.0,0.0,False
c3fe93ba3085f92855c97e57f38c8c05,7,358.97,PR,16.28142857142857,5.0,0.0,6,0.0,-10.433333333333334,0.0,0.0,False
c42fd8e4d47dfb18ce5222f2dd7752f9,7,628.63,SP,23.091428571428573,3.8,0.14285714285714285,7,0.2857142857142857,0.9757142857142858,28.57142857142857,14.285714285714285,False
c43d924a0f1688ee9fae0efcd6f539d4,1,45.01,RJ,15.11,4.0,0.0,1,0.0,-31.5,0.0,0.0,False
c447f8dd3ed213f291d65ef074a268eb,7,777.23,SP,17.461428571428574,3.7142857142857144,0.2857142857142857,7,0.0,-16.96857142857143,0.0,28.57142857142857,False
c458e2045a8aa8964f8879af03fdcce6,4,691.7,SP,49.197500000000005,2.75,0.5,4,0.0,-18.175,0.0,50.0,False
c4af86330efa7a2620772227d2d670c9,4,5760.96,SP,91.24,4.333333333333333,0.0,4,0.0,-18.1975,0.0,0.0,False
c4b911d06343b21dd906651f8101cb49,2,141.33,SP,25.174999999999997,1.0,1.0,0,,,,100.0,False
c4d51195486dc781531876a7d00453d8,17,12038.35,SP,33.49235294117647,3.9411764705882355,0.11764705882352941,17,0.2941176470588235,-12.068823529411766,29.411764705882348,11.76470588235294,False
c4f7fee5b0db50e87766f5a4d1b1b758,8,12533.599999999999,SP,71.47125,2.875,0.5,5,0.0,-15.096,0.0,50.0,False
c4fabeea6e569d42d02993bb1f4f1cbc,11,1136.52,CE,25.201818181818183,4.0,0.18181818181818182,11,0.09090909090909094,-4.543636363636364,9.090909090909093,18.181818181818183,False
c4fb51fb1c5b7c07bc5e67be6e7e8f6e,15,2126.61,PR,37.24733333333334,3.533333333333333,0.2,15,0.1333333333333333,-10.081999999999999,13.33333333333333,20.0,False
c500367424994318b9e779ff1ae9a330,9,4658.389999999999,SP,34.66555555555556,3.7777777777777777,0.2222222222222222,9,0.11111111111111116,-11.398888888888889,11.111111111111116,22.22222222222222,False
c510bc1718f0f2961eaa42a23330681a,13,13211.869999999999,SP,73.91307692307693,4.0,0.23076923076923078,12,0.0,-9.147499999999999,0.0,23.076923076923077,False
c522be04e020c1e7b79f3acff36513d5,7,838.3,SP,14.052857142857144,3.5714285714285716,0.2857142857142857,6,0.33333333333333337,-5.6499999999999995,33.333333333333336,28.57142857142857,False
c52c644cc0dc85121207a27013efc6af,1,680.96,MG,283.16,5.0,0.0,1,0.0,-4.26,0.0,0.0,False
c53bcd3be457a342a97e39e5a9f0be22,5,815.69,SE,43.257999999999996,3.2,0.4,5,0.0,-19.872,0.0,40.0,False
c542f5a8c64d973f30e9df8d06f70b4a,1,98.31,SP,17.31,1.0,1.0,0,,,,100.0,False
c54679b132454625907c773d273d4126,7,1196.02,SP,16.574285714285715,4.857142857142857,0.0,7,0.0,-12.282857142857141,0.0,0.0,False
c5e60e39c0f42b8e827daa13cff74afa,5,198.82999999999998,SP,15.626,4.4,0.0,5,0.19999999999999996,-3.1420000000000003,19.999999999999996,0.0,False
c5ebe6598748b0aeaa61cfb820478b92,3,337.16999999999996,RS,13.39,4.666666666666667,0.0,3,0.0,-18.39,0.0,0.0,False
c5f7e746b7e6d07def6c0dae9903279b,9,1593.48,PR,23.720000000000002,4.555555555555555,0.0,9,0.0,-16.333333333333332,0.0,0.0,False
c5f7feb04a6a1fb3596322bfc3cf1917,9,1794.6200000000001,SP,28.65777777777778,4.555555555555555,0.1111111111111111,9,0.11111111111111116,-4.9944444444444445,11.111111111111116,11.11111111111111,False
c60b801f2d52c7f7f91de00870882a75,40,13767.44,SP,18.298250000000003,3.325,0.325,38,0.21052631578947367,-9.561842105263159,21.052631578947366,32.5,True
c611f4ce9ce875bcc063fa97fd4d7d12,1,332.25,SP,13.25,4.0,0.0,1,1.0,1.69,100.0,0.0,False
c6218512d16fcac0af02fe92691cf274,8,931.68,MG,25.71,4.0,0.125,8,0.125,-11.415,12.5,12.5,False
c6381b1321d7d97717a5bb4ed5b77882,2,100.00999999999999,SP,17.005,3.0,0.5,2,0.0,-5.7749999999999995,0.0,50.0,False
c6381d2d013342748761e906d45aff76,15,2614.26,RS,38.08533333333333,3.8666666666666667,0.26666666666666666,15,0.0,-15.693999999999999,0.0,26.666666666666668,False
c64a2aec32cc408a8a4c6d7c46017f91,9,3628.17,RS,45.18555555555556,3.888888888888889,0.1111111111111111,9,0.0,-11.532222222222222,0.0,11.11111111111111,False
c66dccfb3f109511246da627dd5a2498,44,13955.14,SP,22.442954545454544,4.4772727272727275,0.09090909090909091,43,0.046511627906976716,-14.294883720930232,4.651162790697672,9.090909090909092,True
c679fb69a36e1d8349e8c50a217b4d58,13,2214.18,RS,28.967692307692307,4.083333333333333,0.15384615384615385,13,0.15384615384615385,-9.143076923076922,15.384615384615385,15.384615384615385,False
c68fb906c8f4b4b946d8386bfa6e5467,45,5433.61,SP,19.832222222222224,4.5227272727272725,0.06666666666666667,45,0.022222222222222254,-12.567777777777776,2.2222222222222254,6.666666666666667,True
c6a7539d424a8402232c2228d7a03c5e,10,1001.32,SP,39.382,3.1,0.4,10,0.09999999999999998,-9.422,9.999999999999998,40.0,False
c6bda72e4dbf5c5866b13cb1810c6d03,58,15341.22,SP,20.333793103448276,4.448275862068965,0.06896551724137931,58,0.03448275862068961,-11.601206896551725,3.4482758620689613,6.896551724137931,True
c70a353f02429c00775a46a75fb787da,6,336.94,SP,15.823333333333332,4.666666666666667,0.0,6,0.0,-10.585,0.0,0.0,False
c70c1b0d8ca86052f45a432a38b73958,260,40458.09,SP,15.100538461538461,4.3565891472868215,0.09230769230769231,259,0.084942084942085,-8.244440154440154,8.4942084942085,9.230769230769232,True
c714262700f93defc16bf17a51a4cb23,4,561.12,SP,21.3325,3.75,0.25,4,0.0,-9.837499999999999,0.0,25.0,False
c716e0b86ed568878475b60fbb6323ad,1,50.230000000000004,SP,15.23,5.0,0.0,1,0.0,-8.98,0.0,0.0,False
c7246702dc991a06d788120dc7544391,1,72.52,CE,17.66,5.0,0.0,1,0.0,-3.06,0.0,0.0,False
c72de06d72748d1a0dfb2125be43ba63,21,18733.18,BA,57.6752380952381,4.476190476190476,0.047619047619047616,21,0.0,-17.912857142857142,0.0,4.761904761904762,False
c731d18cea9bf687ffee82a241c25b11,24,4696.64,SC,31.38,4.217391304347826,0.16666666666666666,24,0.0,-15.893333333333333,0.0,16.666666666666664,False
c747d5b92c7648417faea95d36d763e8,1,224.75,CE,85.75,5.0,0.0,1,0.0,-14.1,0.0,0.0,False
c74f14c1e26cf1bd5bd34b6a1e274426,1,55.79,SC,16.79,5.0,0.0,1,0.0,-25.97,0.0,0.0,False
c76d418370990614e89e956c7a7567d9,2,369.77,SP,32.265,3.5,0.0,2,0.0,-14.844999999999999,0.0,0.0,False
c79151301b9d90985d1fa52879213105,4,453.11,PR,32.7025,3.75,0.25,3,0.0,-16.97,0.0,25.0,False
c794dab4928dd97beb41d05514441e86,16,1544.59,SP,14.511875,4.375,0.0625,16,0.125,-6.7093750000000005,12.5,6.25,False
c7a0a13cbcf29d5ce51c8f80afdc0b89,8,657.8,SC,21.84,4.125,0.125,8,0.0,-13.348749999999999,0.0,12.5,False
c7b7db6c8f3c64a7cc1afa634db21d50,1,1511.86,SP,22.86,1.0,1.0,1,1.0,16.65,100.0,100.0,False
c7bb64409aa480bb7d0335faaaf3d242,4,165.16,SC,16.89,2.25,0.5,4,0.0,-16.95,0.0,50.0,False
c7c7b2682c648339a0e9846bb1023a39,2,199.68,SP,15.84,4.5,0.0,2,0.0,-10.844999999999999,0.0,0.0,False
c7dcd301ecfe5ab7f778ac172cf74be7,4,519.83,MG,15.535,2.5,0.5,3,0.0,-28.22666666666667,0.0,50.0,False
c7fdb77fdbff3c41981bc52f787e959e,9,803.11,SP,18.08777777777778,3.5555555555555554,0.3333333333333333,8,0.25,-4.375,25.0,33.33333333333333,False
c8025364abeecb115431bf95c11a747f,2,971.28,RS,21.64,4.5,0.0,2,0.5,-0.7050000000000001,50.0,0.0,False
c8143b3069f6746a77421b5ce30a450c,1,185.88,GO,43.41,5.0,0.0,1,0.0,-6.05,0.0,0.0,False
c826c40d7b19f62a09e2d7c5e7295ee2,354,51303.159999999996,SP,15.79271186440678,4.079545454545454,0.1553672316384181,346,0.09537572254335258,-9.134971098265895,9.537572254335258,15.53672316384181,True
c840d3fdbba0790404fdae73d253b253,9,4881.93,PR,39.96111111111111,3.5555555555555554,0.2222222222222222,9,0.0,-17.13,0.0,22.22222222222222,False
c8417879a15366a17c30af34c798c332,25,2200.35,SP,18.817999999999998,4.25,0.08,24,0.125,-10.836666666666666,12.5,8.0,False
c84592044b180dec206770c38603814b,15,736.2,SP,14.950666666666667,4.2,0.13333333333333333,14,0.0,-12.454285714285716,0.0,13.333333333333334,False
c8467937e403e76a8ee9f0ab13f6f5ef,30,2442.7400000000002,MG,19.631666666666668,4.071428571428571,0.13333333333333333,30,0.1333333333333333,-8.538333333333332,13.33333333333333,13.333333333333334,True
c847e075301870dd144a116762eaff9a,42,16460.780000000002,MG,26.478095238095236,4.170731707317073,0.14285714285714285,41,0.09756097560975607,-9.657560975609755,9.756097560975608,14.285714285714285,True
c85d7b477a709c85a1e8b8f25aa1b270,1,107.22,SP,32.22,1.0,1.0,0,,,,100.0,False
c864036feaab8c1659f65ea4faebe1da,58,12299.77,PR,31.820172413793102,4.568965517241379,0.05172413793103448,58,0.03448275862068961,-12.650689655172414,3.4482758620689613,5.172413793103448,True
c8660dcf9ba70575f45d80fe28c27713,4,438.99,SP,25.9975,4.5,0.0,4,0.25,-8.3775,25.0,0.0,False
c8665a4dd081a2c436b1cd921079d0d9,1,93.53,SP,14.14,5.0,0.0,1,0.0,-23.22,0.0,0.0,False
c8771b1a10bb99bb34d3c459c5cffb53,1,96.10000000000001,SP,31.2,5.0,0.0,1,0.0,-15.51,0.0,0.0,False
c878515173c84a492ebe50d6b493230b,9,1308.04,PR,21.022222222222226,4.111111111111111,0.2222222222222222,9,0.2222222222222222,-11.526666666666667,22.22222222222222,22.22222222222222,False
c87abc38c8ed3240861729e1aeadf221,1,148.68,SP,15.68,1.0,1.0,1,0.0,-30.14,0.0,100.0,False
c88f62b4c386a59281014d677864d016,1,1350.5,PR,251.5,1.0,1.0,0,,,,100.0,False
c89cf7c468a48af70aada384e722f9e2,14,971.01,RJ,16.143571428571427,4.0,0.14285714285714285,14,0.0714285714285714,-9.478571428571428,7.14285714285714,14.285714285714285,False
c8b0e2b0a7095e5d8219575d5e7e1181,83,13739.77,SP,18.12710843373494,4.097560975609756,0.14457831325301204,83,0.07228915662650603,-10.141084337349398,7.2289156626506035,14.457831325301203,True
c8b3445d737de6befde0c88ede534a5e,29,3718.98,SP,21.894137931034482,4.413793103448276,0.06896551724137931,29,0.03448275862068961,-11.182413793103448,3.4482758620689613,6.896551724137931,False
c8c1bea22194a4eefa2dc9a9fa89f536,7,1558.73,SC,41.81857142857143,5.0,0.0,7,0.0,-24.794285714285714,0.0,0.0,False
c8cc60ffd415254af5d9b9f34f32c369,8,916.23,SP,24.25375,4.75,0.0,8,0.0,-11.57375,0.0,0.0,False
c8e135e7b21ecbc36c1153a29d2f5a06,7,1267.48,SP,14.56857142857143,4.857142857142857,0.0,7,0.0,-10.465714285714286,0.0,0.0,False
c963a25b8671419c6ce9eebe8fd03218,1,68.32,RJ,19.32,5.0,0.0,1,0.0,-14.08,0.0,0.0,False
c990d6cf976a5718aaedc539f383ab88,10,341.99,SP,14.109,3.3,0.3,8,0.375,-1.01,37.5,30.0,False
c9a06ece156bb057372c68718ec8909b,14,5229.62,DF,38.62285714285714,3.0,0.35714285714285715,11,0.0,-32.37909090909091,0.0,35.714285714285715,False
c9aafcd0621b2207c10e32c649cada4d,43,3870.7999999999997,SP,19.96860465116279,4.093023255813954,0.16279069767441862,39,0.10256410256410253,-9.188461538461539,10.256410256410254,16.27906976744186,True
c9c7905cffc4ef9ff9f113554423e671,126,12897.6,SP,17.070714285714285,4.150793650793651,0.1111111111111111,126,0.10317460317460314,-9.460714285714285,10.317460317460315,11.11111111111111,True
c9d2ba8dde44a275ae06475ed1d2fafc,1,43.31,MG,14.52,5.0,0.0,1,0.0,-19.56,0.0,0.0,False
c9e5ad1f6647f5dbd1172adf6ae3cada,4,319.97999999999996,RS,15.2375,4.75,0.0,4,0.0,-21.91,0.0,0.0,False
ca3bd7cd9f149df75950150d010fe4a2,70,13128.24,SP,48.893857142857144,3.9714285714285715,0.18571428571428572,67,0.04477611940298509,-15.712537313432836,4.477611940298509,18.571428571428573,True
ca4b77513ac2040591b0d8fae6958380,14,1973.6200000000001,SP,14.369285714285715,4.5,0.07142857142857142,14,0.2142857142857143,-2.5371428571428574,21.42857142857143,7.142857142857142,False
ca5832c6960267b71041f74bb39e8b12,1,97.71000000000001,SC,17.81,1.0,1.0,1,1.0,14.88,100.0,100.0,False
ca77545ca4d2dfd1431bf61334e2fa3c,6,973.71,PR,35.61833333333333,4.666666666666667,0.0,6,0.0,-12.766666666666666,0.0,0.0,False
ca7c6bd577e559472af1c699de9e764e,6,218.82,SP,11.803333333333333,4.333333333333333,0.16666666666666666,6,0.0,-7.776666666666666,0.0,16.666666666666664,False
caa9bc43a9fe8cf9c564ddd8a03cc4a6,13,1037.74,SP,17.990000000000002,4.666666666666667,0.0,13,0.07692307692307687,-11.033076923076923,7.692307692307687,0.0,False
cab85505710c7cb9b720bceb52b01cee,205,14266.65,SP,14.181219512195122,4.279411764705882,0.07804878048780488,200,0.025000000000000022,-15.0196,2.500000000000002,7.804878048780488,True
cac4c8e7b1ca6252d8f20b2fc1a2e4af,72,5728.28,SP,21.425972222222224,3.591549295774648,0.2777777777777778,71,0.23943661971830987,-5.422676056338028,23.943661971830988,27.77777777777778,True
cac4e0bc1a3269fa2b6ea5e763f6115b,2,108.02000000000001,SC,25.07,5.0,0.0,2,0.0,-11.115,0.0,0.0,False
cac63f48c38cd7d002a7e846dcd99a23,10,1085.23,SP,14.633000000000001,4.8,0.0,10,0.0,-12.030000000000001,0.0,0.0,False
cac876b37d3abcd6bd76caca30277996,26,2850.2999999999997,PR,26.939615384615387,4.52,0.038461538461538464,26,0.038461538461538436,-15.274230769230769,3.8461538461538436,3.8461538461538463,False
cad10cc982ab6a391570c211b995c17c,1,60.19,SP,12.79,5.0,0.0,1,0.0,-13.2,0.0,0.0,False
cad9969167c09b48ae6f1d123f7fa68d,2,70.18,MG,13.49,3.0,0.5,1,0.0,-10.16,0.0,50.0,False
cb0b3bcf14e0a709df412a99424a59d7,2,507.43,SP,23.715,4.5,0.0,2,0.0,-9.43,0.0,0.0,False
cb162c8eef257253782d245c08d9097c,1,49.120000000000005,SP,14.13,5.0,0.0,1,0.0,-7.5,0.0,0.0,False
cb32766839f443db85c82a43c4a6c19e,2,265.51,SP,15.755,3.0,0.5,2,0.0,-8.365,0.0,50.0,False
cb3dd9ce66268c7a3ca7241ac70ab58c,50,3725.71,SP,16.919,4.14,0.14,48,0.0625,-12.406458333333333,6.25,14.000000000000002,True
cb41bfbcbda0aea354a834ab222f9a59,12,4888.68,SP,73.89,3.3333333333333335,0.3333333333333333,11,0.36363636363636365,10.299090909090909,36.36363636363637,33.33333333333333,False
cb4a705d00e100b9732d0ca34817d441,1,1080.56,SC,82.56,1.0,1.0,1,0.0,-1.95,0.0,100.0,False
cb5df0dcb9e280b1780e9d589889f2c7,16,3689.21,SP,47.155625,2.6,0.5,11,0.18181818181818177,-14.90181818181818,18.181818181818176,50.0,False
cb5ff1b9715e99589f3e0c7a6afab9e3,4,139.03,PR,13.5075,4.0,0.0,4,0.0,-11.5825,0.0,0.0,False
cb6c9f5888a7a090c75beaf615925792,11,1130.15,ES,27.30818181818182,3.8181818181818183,0.18181818181818182,11,0.09090909090909094,-10.415454545454546,9.090909090909093,18.181818181818183,False
cb810bd318f51b3dc3c753944d61a1fa,1,1789.02,RJ,39.02,4.0,0.0,1,0.0,-26.08,0.0,0.0,False
cb8bcce248bb1fb274ba762d8b971456,67,10486.91,MG,18.27776119402985,4.2388059701492535,0.07462686567164178,65,0.01538461538461533,-11.120615384615386,1.538461538461533,7.462686567164178,True
cb9fb4ca75d7ba8437480e8dde64fe98,9,632.46,SP,16.366666666666667,4.222222222222222,0.1111111111111111,9,0.0,-10.735555555555555,0.0,11.11111111111111,False
cbbd5ae8f53de5f5097cd8217b529e24,2,422.25,SP,35.224999999999994,2.5,0.5,1,0.0,-17.33,0.0,50.0,False
cbd996ad3c1b7dc71fd0e5f5df9087e2,164,11224.57,SP,17.503048780487806,4.14375,0.12804878048780488,159,0.08805031446540879,-10.192704402515725,8.805031446540879,12.804878048780488,True
cbf09e831b0c11f6f23ffb51004db972,10,1815.4,SP,28.02,4.4,0.0,10,0.0,-12.742,0.0,0.0,False
cc1f04647be106ba74e62b21f358af25,1,20.189999999999998,SP,8.29,1.0,1.0,1,0.0,-5.17,0.0,100.0,False
cc3d14116804f7209f3884f6367f1152,26,6015.53,PR,22.220384615384617,4.615384615384615,0.038461538461538464,26,0.038461538461538436,-16.666923076923077,3.8461538461538436,3.8461538461538463,False
cc419e0650a3c5ba77189a1882b7556a,1702,129609.58,SP,14.97304347826087,4.071428571428571,0.1498237367802585,1647,0.061323618700667826,-12.275585913782635,6.132361870066783,14.982373678025851,True
cc5a78bbad32776dc4e3af205218368c,32,5735.3,MG,41.3353125,4.46875,0.09375,32,0.03125,-16.510625,3.125,9.375,True
cc63f0dd2acba93ffed4fe9f8e0321fa,55,8496.68,SP,25.454,4.090909090909091,0.09090909090909091,55,0.0,-11.139272727272727,0.0,9.090909090909092,True
cc80e2f693fa6e2408f47ccf62413fc1,2,508.63,PR,44.315,4.0,0.0,2,0.0,-16.125,0.0,0.0,False
cca3071e3e9bb7d12640c9fbe2301306,696,78800.24,SP,20.660316091954023,3.8874269005847952,0.1867816091954023,683,0.05710102489019031,-14.211303074670571,5.710102489019031,18.67816091954023,True
ccada0ef508e698917a6eab263375905,3,231.96,PR,19.72,3.6666666666666665,0.3333333333333333,3,0.0,-22.086666666666662,0.0,33.33333333333333,False
ccb83a794700270fde70898fe9ff368b,12,12785.73,SC,143.64416666666668,4.333333333333333,0.08333333333333333,12,0.16666666666666663,-9.273333333333333,16.666666666666664,8.333333333333332,False
ccbd753e6863fe7314dc6c0ca5a074e7,1,596.56,SC,101.56,4.0,0.0,1,0.0,-18.26,0.0,0.0,False
ccc4bbb5f32a6ab2b7066a4130f114e3,187,79553.58,PR,28.289090909090913,4.28494623655914,0.11764705882352941,184,0.07608695652173914,-16.23766304347826,7.608695652173914,11.76470588235294,True
cce6ab8d1682639fe45ab70234f1665f,63,3690.14,SP,18.53079365079365,4.412698412698413,0.07936507936507936,61,0.049180327868852514,-13.055081967213114,4.918032786885251,7.936507936507936,True
ccf8813e5a7d6c84d865cd38bfc2b130,25,3038.25,SP,16.194000000000003,4.52,0.08,25,0.07999999999999996,-12.541200000000002,7.9999999999999964,8.0,False
cd06602b43d8800bd0afad514919d35c,43,3374.58,SP,17.5653488372093,3.744186046511628,0.2558139534883721,42,0.04761904761904767,-10.513333333333334,4.761904761904767,25.581395348837212,True
cd2169d9f31ff6fbb9ca3373b0c9e354,1,625.33,RJ,56.33,4.0,0.0,1,0.0,-16.34,0.0,0.0,False
cd233f8bfa30ebfd651f47ee7d054951,1,98.56,SP,18.66,5.0,0.0,1,0.0,-19.19,0.0,0.0,False
cd3d09fbe6e3e9ff0c0ac0c300e93ae7,12,880.23,SP,19.099166666666665,4.166666666666667,0.16666666666666666,12,0.08333333333333337,-8.915833333333333,8.333333333333337,16.666666666666664,False
cd52a8efd71af3336b14b5039b951cc1,3,287.61,SP,22.603333333333335,2.3333333333333335,0.3333333333333333,2,0.0,-7.805,0.0,33.33333333333333,False
cd68562d3f44870c08922d380acae552,125,20777.19,SP,17.65992,3.943548387096774,0.184,122,0.180327868852459,-7.474016393442623,18.032786885245898,18.4,True
cd6efc47efaabf134f8bdb654e10b4f1,31,4836.31,RJ,19.96,4.483870967741935,0.06451612903225806,31,0.09677419354838712,-13.363548387096774,9.677419354838712,6.451612903225806,True
cd843d4cf8ef32827de0396605163ba3,5,2612.56,MG,139.512,3.8,0.0,5,0.0,-5.442,0.0,0.0,False
cda598c48d7c614bc1cad7d8ff6f0010,16,1324.27,SP,17.848125,4.125,0.0625,16,0.0,-13.22125,0.0,6.25,False
ce20a2ec1514c25e16f2b5b39bc818f0,4,496.03,SP,52.2575,4.75,0.0,4,0.25,-17.689999999999998,25.0,0.0,False
ce248b21cb2adc36282ede306b7660e5,65,17515.06,SC,32.904,4.184615384615385,0.13846153846153847,64,0.109375,-9.77234375,10.9375,13.846153846153847,True
ce27a3cc3c8cc1ea79d11e561e9bebb6,135,13011.87,SP,17.253481481481483,3.9,0.18518518518518517,122,0.024590163934426257,-11.705901639344262,2.4590163934426257,18.51851851851852,True
ce33c6211beaa8fef4cae8b52db39862,1,63.519999999999996,SP,14.52,3.0,0.0,1,0.0,-10.61,0.0,0.0,False
ce3ad9de960102d0677a81f5d0bb7b2d,1,174.21,RJ,16.21,5.0,0.0,1,0.0,-12.44,0.0,0.0,False
ce4755084bc097113867e6454f8f5e52,1,31.689999999999998,SP,12.79,5.0,0.0,1,0.0,-10.13,0.0,0.0,False
ce616e1913288884e7742faac9d981db,14,592.52,SP,18.358571428571427,4.571428571428571,0.0,13,0.07692307692307687,-10.543076923076923,7.692307692307687,0.0,False
ce69a8021d18961dd2a40269b7c2c293,18,5169.900000000001,PR,25.105,4.666666666666667,0.05555555555555555,18,0.11111111111111116,-9.881111111111112,11.111111111111116,5.555555555555555,False
ce7d1888639e6fb06b2749cbfdac1ff7,78,15478.28,MG,41.738461538461536,4.166666666666667,0.16666666666666666,78,0.08974358974358976,-11.46974358974359,8.974358974358976,16.666666666666664,True
cea729054f157f5870bdd321a958d994,23,2887.71,SP,15.60086956521739,4.086956521739131,0.13043478260869565,23,0.04347826086956519,-8.889130434782608,4.347826086956519,13.043478260869565,False
ceaec5548eefc6e23e6607c5435102e7,203,59279.76,SP,31.22995073891626,4.1457286432160805,0.12315270935960591,198,0.06060606060606055,-14.451565656565656,6.060606060606055,12.31527093596059,True
ceb7b4fb9401cd378de7886317ad1b47,1,416.45,RJ,16.55,3.0,0.0,0,,,,0.0,False
cecd97bc34ed8330bd4cd15713eda670,1,76.5,SC,18.51,1.0,1.0,1,0.0,-8.15,0.0,100.0,False
cee48807215b30a12ca2ca10ffb5f250,38,8086.27,SP,23.527368421052632,3.8157894736842106,0.21052631578947367,38,0.1578947368421053,-11.51921052631579,15.789473684210531,21.052631578947366,True
cf1313c6e2c01c2f4b014f97db4bcd2b,5,397.0,RJ,16.259999999999998,5.0,0.0,5,0.19999999999999996,-10.658,19.999999999999996,0.0,False
cf2384dd2f1dddea3f838efed0945e65,16,2534.94,SP,27.09,3.9375,0.125,16,0.0,-7.99625,0.0,12.5,False
cf281cf8b7affbdfe751b29cc85580e1,1,90.23,CE,25.33,1.0,1.0,0,,,,100.0,False
cf654707ed6a99f112c7ec3d6f314b8b,3,789.54,SP,11.18,4.666666666666667,0.0,3,0.0,-5.8500000000000005,0.0,0.0,False
cf6f6bc4df3999b9c6440f124fb2f687,1,12.22,SP,8.72,5.0,0.0,0,,,,0.0,False
cf8ab1616079e2793aa29d524df01bb1,9,15150.37,SP,84.37444444444445,2.0,0.7777777777777778,6,0.16666666666666663,-8.953333333333333,16.666666666666664,77.77777777777779,False
cfa5ab0e4d3fc212fd0b3410e7081c62,16,7541.31,MG,73.22562500000001,3.6875,0.25,15,0.0,-15.850666666666665,0.0,25.0,False
cfb1a033743668a192316f3c6d1d2671,137,15846.55,SP,23.15883211678832,4.095588235294118,0.145985401459854,133,0.1278195488721805,-10.171353383458646,12.781954887218049,14.5985401459854,True
cfd7ddab722b902f7ac5b5f3ba6d723d,12,4058.11,MG,56.09,4.75,0.08333333333333333,12,0.0,-12.475833333333334,0.0,8.333333333333332,False
cfe94489ddd337d1e29e12f2a7205d10,20,2672.82,SP,14.841,4.3,0.05,20,0.09999999999999998,-7.3855,9.999999999999998,5.0,False
d03698c2efd04a549382afa6623e27fb,17,9182.74,BA,42.47941176470588,4.705882352941177,0.0,17,0.05882352941176472,-14.280588235294118,5.882352941176472,0.0,False
d05ae8f7a5bd1d2a690a44cd079e4e27,78,14728.24,RJ,15.280897435897437,3.857142857142857,0.21794871794871795,77,0.09090909090909094,-10.55961038961039,9.090909090909093,21.794871794871796,True
d06d019f72a04e5497a0b64190af170c,17,2641.44,SP,13.26529411764706,4.529411764705882,0.058823529411764705,17,0.05882352941176472,-11.728235294117647,5.882352941176472,5.88235294117647,False
d0d70d21e2234dd7cd3cf63fe414148a,7,798.89,PB,48.64142857142857,4.714285714285714,0.0,7,0.0,-18.03142857142857,0.0,0.0,False
d101c6da914ae3d53f7bee42283f2fe2,13,1557.55,SP,20.01153846153846,3.6153846153846154,0.3076923076923077,13,0.07692307692307687,-17.179230769230767,7.692307692307687,30.76923076923077,False
d12c926d74ceff0a90a21184466ce161,76,5097.51,SP,16.35565789473684,4.355263157894737,0.07894736842105263,74,0.013513513513513487,-13.96972972972973,1.3513513513513487,7.894736842105263,True
d13e50eaa47b4cbe9eb81465865d8cfc,67,8012.84,SP,12.802835820895522,4.82089552238806,0.029850746268656716,66,0.21212121212121215,-3.836363636363636,21.212121212121215,2.9850746268656714,True
d149de2f383552baea37a7198c2296ce,3,354.37,SP,11.223333333333334,5.0,0.0,3,0.0,-5.710000000000001,0.0,0.0,False
d1582f4043306e6b91afa6a8a884f898,9,1121.92,SP,14.657777777777776,4.111111111111111,0.1111111111111111,9,0.11111111111111116,-13.761111111111113,11.111111111111116,11.11111111111111,False
d17f467e4bf608a510c20d82f4ba3b6b,12,3556.55,RS,44.57416666666666,4.0,0.08333333333333333,11,0.18181818181818177,-6.457272727272727,18.181818181818176,8.333333333333332,False
d180e07dc1e58c31c3f0cd599dc4d945,1,72.96,MG,14.16,3.0,0.0,1,0.0,-15.41,0.0,0.0,False
d197aa8fbc64087f61984deef05f6227,6,630.65,SP,18.593333333333334,4.833333333333333,0.0,6,0.0,-11.001666666666665,0.0,0.0,False
d1a1b40ec554c593a1a99366746289dd,1,64.22,PR,14.52,2.0,1.0,0,,,,100.0,False
d1a5cc844736958c11b8efab9a2b4c87,1,254.01,PR,16.41,1.0,1.0,1,1.0,8.84,100.0,100.0,False
d1aa1ec0839dcab73a6161130eb1f94a,1,136.04000000000002,PR,16.14,4.0,0.0,1,1.0,2.45,100.0,0.0,False
d1b65fc7debc3361ea86b5f14c68d2e2,40,13141.8,SP,35.96825,4.55,0.05,39,0.05128205128205132,-15.278717948717949,5.128205128205132,5.0,True
d1b9d4be4b6f9ebd85f8acd6745ba612,10,1213.4,MG,17.32,4.5,0.0,10,0.0,-17.124000000000002,0.0,0.0,False
d1c281d3ae149232351cd8c8cc885f0d,205,32620.12,SP,25.687024390243902,3.843137254901961,0.2048780487804878,204,0.09313725490196079,-10.66343137254902,9.313725490196079,20.48780487804878,True
d1c7fa84e48cfa21a0e595167c1c500e,11,1409.0500000000002,RS,26.17,4.545454545454546,0.09090909090909091,11,0.0,-18.083636363636362,0.0,9.090909090909092,False
d1e2fe627180431ffda076abb303c56f,1,298.05,RJ,9.05,1.0,1.0,0,,,,100.0,False
d1ef48b38baca7e831711c4a0aeb398f,28,2090.17,PR,23.358571428571427,4.428571428571429,0.03571428571428571,27,0.11111111111111116,-15.044814814814814,11.111111111111116,3.571428571428571,False
d20b021d3efdf267a402c402a48ea64b,80,5401.59,SP,18.623624999999997,3.7468354430379747,0.2125,76,0.19736842105263153,-4.273157894736842,19.736842105263154,21.25,True
d23019c84ffae2d5ef2270367b8605fc,38,31875.04,PR,70.9171052631579,4.394736842105263,0.05263157894736842,38,0.02631578947368418,-13.355526315789474,2.631578947368418,5.263157894736842,True
d2374cbcbb3ca4ab1086534108cc3ab7,508,30566.36,SP,18.932125984251968,3.8131212723658052,0.1889763779527559,498,0.06024096385542166,-14.032650602409639,6.024096385542165,18.89763779527559,True
d2572f31e9023e9850ef986a636ff9bf,1,305.69,MG,26.69,5.0,0.0,1,0.0,-20.35,0.0,0.0,False
d25aa0aaacb370e912f8cf6efeba38b3,17,3444.09,SC,43.273529411764706,4.470588235294118,0.058823529411764705,17,0.05882352941176472,-16.274705882352944,5.882352941176472,5.88235294117647,False
d263fa444c1504a75cbca5cc465f592a,1,444.07,SP,45.07,5.0,0.0,1,0.0,-13.05,0.0,0.0,False
d26aa40b90272d4843d63be7c1462c8d,2,177.42000000000002,SP,12.26,4.5,0.0,2,0.0,-11.225,0.0,0.0,False
d297f1055de2956aedfd3b04113dce3e,1,61.94,SP,7.64,4.0,0.0,1,0.0,-3.28,0.0,0.0,False
d29ba1220fb8634fa3a107e54497b8a4,9,907.86,SP,20.324444444444442,3.2222222222222223,0.3333333333333333,9,0.0,-12.357777777777777,0.0,33.33333333333333,False
d2df77822373f19934e87694d8640767,2,196.4,PR,20.25,3.0,0.5,2,0.0,-15.715,0.0,50.0,False
d2e753bb80b7d4faa77483ed00edc8ca,13,1815.18,BA,38.036923076923074,3.769230769230769,0.07692307692307693,13,0.07692307692307687,-14.359230769230768,7.692307692307687,7.6923076923076925,False
d2f3e277560ed4c6361284429b00f037,6,394.3,SP,23.741666666666664,4.666666666666667,0.0,6,0.0,-14.718333333333334,0.0,0.0,False
d32e3909cfb714fb2a6cb092c85b9c5f,10,3078.8999999999996,SP,25.1,3.5,0.3,10,0.30000000000000004,-10.289000000000001,30.000000000000004,30.0,False
d354c38a7182125a748cb10474fe963b,18,1926.18,RJ,17.54722222222222,4.294117647058823,0.0,17,0.05882352941176472,-11.457647058823529,5.882352941176472,0.0,False
d3674f271c91f824f82d24d92011f669,20,2101.82,DF,19.176,4.1,0.15,20,0.09999999999999998,-10.738999999999999,9.999999999999998,15.0,False
d36b07fd3c5088e477a72d1fccfe29d4,1,339.85999999999996,SP,10.96,5.0,0.0,1,0.0,-10.29,0.0,0.0,False
d379f449f2a3b271bc01c0782020f705,28,5590.11,MG,39.14821428571428,3.892857142857143,0.21428571428571427,28,0.0357142857142857,-14.031071428571428,3.57142857142857,21.428571428571427,False
d3891911c2feae53c52fea2bd14054e5,2,166.99,SP,12.995000000000001,5.0,0.0,2,0.0,-14.745000000000001,0.0,0.0,False
d3dcf0604eabf0224fbd5948b5e02f69,9,3067.41,SP,18.345555555555553,3.888888888888889,0.2222222222222222,9,0.33333333333333337,-4.312222222222222,33.333333333333336,22.22222222222222,False
d3e7d37c0df9aef383f3f2a15b0dddfb,1,201.34,PR,40.34,5.0,0.0,1,0.0,-23.43,0.0,0.0,False
d3f39f05462b79a4562d35893a28f159,32,2902.38,SP,17.07125,3.78125,0.28125,31,0.12903225806451613,-11.545483870967743,12.903225806451612,28.125,True
d4828feed4cda2cd9d6b37899a95a71e,1,62.11,CE,22.21,2.0,1.0,1,0.0,-22.47,0.0,100.0,False
d4910f1cdcfdabd48d6b316e395d4a23,11,1361.92,SP,19.54909090909091,4.909090909090909,0.0,11,0.09090909090909094,-8.176363636363636,9.090909090909093,0.0,False
d4a5e99e0dd915df64ba55a7fbd583fd,2,149.75,SP,42.3,3.0,0.5,2,0.0,-10.2,0.0,50.0,False
d4d99b60c4c94cd35acd502cec65dc8d,1,87.29,SP,14.39,3.0,0.0,1,0.0,-34.41,0.0,0.0,False
d4e12e7884759a14fa0f5f896c791cae,29,1839.6699999999998,SP,15.161034482758621,4.620689655172414,0.06896551724137931,29,0.06896551724137934,-11.849310344827586,6.896551724137934,6.896551724137931,False
d4e4b5192cba4e0e66eb12a9d347239d,12,652.0899999999999,PR,17.524166666666666,4.166666666666667,0.16666666666666666,11,0.0,-15.337272727272728,0.0,16.666666666666664,False
d4f117125b59ce73c3302f88ee40c458,17,998.61,SP,12.665882352941177,4.823529411764706,0.0,17,0.0,-11.034117647058824,0.0,0.0,False
d4f91e8be86b38da2ee35bc489645a9d,1,61.160000000000004,SP,11.17,5.0,0.0,1,0.0,-35.36,0.0,0.0,False
d4ffeb15b67e81ff9af2b4252d99fb7e,11,1724.81,SP,29.49181818181818,4.3,0.0,11,0.0,-12.41909090909091,0.0,0.0,False
d50d79cb34e38265a8649c383dcffd48,69,15010.68,SP,28.338405797101448,4.25,0.08695652173913043,69,0.07246376811594202,-12.425797101449275,7.246376811594201,8.695652173913043,True
d51e0a403fe2e689ece6c73359d96e12,19,8463.02,SP,35.422105263157896,4.105263157894737,0.10526315789473684,18,0.11111111111111116,-14.081111111111111,11.111111111111116,10.526315789473683,False
d52cbce9845184537284a23c3bc3da0e,2,138.78,SC,31.89,5.0,0.0,2,0.0,-20.695,0.0,0.0,False
d558ebe531605a1285ab2b1bc3256dfb,3,782.23,MG,24.41,4.666666666666667,0.0,3,0.0,-12.186666666666667,0.0,0.0,False
d566c37fa119d5e66c4e9052e83ee4ea,64,6017.73,SP,14.68640625,4.682539682539683,0.03125,64,0.03125,-9.92515625,3.125,3.125,True
d57e18d5f73c7ccb7f7339b61166898d,60,4046.0,SP,14.903333333333334,4.45,0.08333333333333333,60,0.033333333333333326,-10.633999999999999,3.3333333333333326,8.333333333333332,True
d58d521f3789def2e7a22715e0badd93,2,84.2,SP,9.11,3.5,0.0,2,0.0,-8.174999999999999,0.0,0.0,False
d594982fd877af63ace38ea1fca27c76,7,309.7,SP,13.237142857142857,4.428571428571429,0.14285714285714285,7,0.0,-12.617142857142856,0.0,14.285714285714285,False
d598f929fc44e1e38678e7f47250ec04,1,107.30000000000001,GO,37.4,5.0,0.0,1,0.0,-22.32,0.0,0.0,False
d5b9a084373da994a6e37f732169a853,7,2095.47,SP,27.782857142857146,3.5714285714285716,0.2857142857142857,7,0.2857142857142857,-5.522857142857142,28.57142857142857,28.57142857142857,False
d5ba419e26d246a0719437cf37d9b46d,34,4626.59,SP,15.8,3.909090909090909,0.17647058823529413,33,0.12121212121212122,-8.229393939393939,12.121212121212121,17.647058823529413,True
d5c530f4884a75ae0dba9c148718d278,6,465.23,MG,27.40833333333333,3.5,0.3333333333333333,5,0.19999999999999996,-9.982000000000001,19.999999999999996,33.33333333333333,False
d624126b9206f595fb3fbb6ba03b28a8,23,7768.5,PR,24.769565217391307,4.318181818181818,0.0,23,0.04347826086956519,-13.844782608695652,4.347826086956519,0.0,False
d63c73efd41eb002280e7ec831424edb,2,5766.59,SP,84.29499999999999,4.0,0.0,2,0.0,-19.665,0.0,0.0,False
d63f306de130e0391d38a792541723b8,1,56.6,SP,7.6,5.0,0.0,1,0.0,-3.22,0.0,0.0,False
d650b663c3b5f6fb392b6326366efa9a,59,19901.86,SP,15.050169491525425,4.254237288135593,0.1016949152542373,56,0.0714285714285714,-10.84375,7.14285714285714,10.16949152542373,True
d65f31d2413268e671989503f6cf9993,2,559.95,SP,35.575,1.0,1.0,0,,,,100.0,False
d66c11a9572221d92fbb8c4897db5f9b,16,1164.38,RJ,24.23875,4.5625,0.0,16,0.0,-10.595,0.0,0.0,False
d66c305afaec317ebee552073a674429,41,6191.78,MG,30.524878048780486,4.2926829268292686,0.0975609756097561,38,0.02631578947368418,-18.338421052631578,2.631578947368418,9.75609756097561,True
d673a59aac7a70d8b01e6902bf090a11,71,5098.26,SP,20.017042253521126,4.112676056338028,0.08450704225352113,71,0.11267605633802813,-10.417042253521126,11.267605633802813,8.450704225352112,True
d6ab728cf30867cf3f1a2e216ae2f9b7,12,2233.82,SP,19.31833333333333,4.416666666666667,0.08333333333333333,12,0.0,-9.211666666666668,0.0,8.333333333333332,False
d6b1ce66b035a475f00c017792ff9769,89,14043.98,SP,21.75932584269663,4.318181818181818,0.06741573033707865,89,0.0674157303370787,-11.709662921348315,6.741573033707871,6.741573033707865,True
d6b664fa0667064c6d76394e7848d790,6,6404.34,SP,54.056666666666665,4.833333333333333,0.0,6,0.16666666666666663,-14.693333333333333,16.666666666666664,0.0,False
d6cd01c59123df02fc226eadbadb5f89,2,276.11,SP,15.605,3.0,0.5,1,0.0,-9.53,0.0,50.0,False
d71d863e5ef30d94e440c11be17dcd8f,28,12615.33,SP,26.55107142857143,2.88,0.42857142857142855,22,0.13636363636363635,-9.203636363636365,13.636363636363635,42.857142857142854,False
d73cbd89533ce8b041a9190241453ac8,4,433.62,MG,16.255,3.5,0.25,3,0.0,-12.38,0.0,25.0,False
d7485b33791774c36108f8c69602d48d,9,519.64,PR,21.09,4.0,0.0,9,0.11111111111111116,-10.892222222222223,11.111111111111116,0.0,False
d7827b2af99326a03b0ed9c7a24db0d3,1,1556.7,SP,101.7,5.0,0.0,1,0.0,-12.35,0.0,0.0,False
d79e8478eed9999493990b44955fb22e,5,802.61,RJ,16.144,4.0,0.2,5,0.19999999999999996,-9.224,19.999999999999996,20.0,False
d7ab82074b5f1dfba46db123df101bff,2,83.97,SP,22.65,4.5,0.0,2,0.0,-21.795,0.0,0.0,False
d7b2377bae6ace1b11fc69a11900ac36,4,381.56,SP,12.99,3.25,0.5,3,0.33333333333333337,-1.7766666666666673,33.333333333333336,50.0,False
d7d517afce974cd491b8d52bb5b5b1fc,1,108.72,SP,18.73,4.0,0.0,1,0.0,-22.36,0.0,0.0,False
d7f1cfc638473be93baedbfd02208016,1,47.14,RJ,17.14,5.0,0.0,1,0.0,-9.28,0.0,0.0,False
d85efbc8eff2b7adf524e2820569adc8,1,63.29,SP,8.29,5.0,0.0,1,0.0,-8.1,0.0,0.0,False
d8b8f2cf9ff6ba0389072541cb42498c,1,169.01,GO,20.01,5.0,0.0,1,0.0,-16.39,0.0,0.0,False
d8bf0fc082fd4a77fc2e5679b6c00133,1,149.04000000000002,SP,9.14,5.0,0.0,1,0.0,-4.29,0.0,0.0,False
d8c7ba53e7e38711eaef8c2849d6d2e1,22,1821.1299999999999,PR,27.88,4.5,0.0,22,0.0,-17.829090909090908,0.0,0.0,False
d8cf3b6a2151949f930d0252b180ec42,5,843.13,PR,64.386,3.2,0.4,5,0.0,-14.66,0.0,40.0,False
d8d9567d0bfb0bc7eb845a205ba42657,3,105.71,SP,17.003333333333334,4.333333333333333,0.0,3,0.6666666666666667,-0.9733333333333332,66.66666666666667,0.0,False
d8dd176509baa37f359644d082bf7f7b,2,229.9,SP,15.95,1.5,1.0,2,1.0,10.870000000000001,100.0,100.0,False
d90fe2229fee1a5da999ccd0c06c1667,3,516.91,SP,22.30333333333333,4.666666666666667,0.0,3,0.0,-14.75,0.0,0.0,False
d91fb3b7d041e83b64a00a3edfb37e4f,535,50180.51,SP,17.365925233644862,4.088512241054614,0.14953271028037382,524,0.06297709923664119,-11.966870229007634,6.297709923664119,14.953271028037381,True
d921b68bf747894be13a97ae52b0f386,76,17175.079999999998,MG,23.056315789473683,4.605263157894737,0.039473684210526314,76,0.013157894736842146,-15.111315789473684,1.3157894736842146,3.9473684210526314,True
d93844a9c55ba7ce353388bcf849ea56,12,3229.52,PR,43.41833333333333,4.25,0.08333333333333333,12,0.08333333333333337,-9.053333333333333,8.333333333333337,8.333333333333332,False
d93919c944be9cff128f6c9cb899eacb,33,3624.01,SP,29.009393939393938,4.0,0.18181818181818182,33,0.18181818181818177,-7.337878787878788,18.181818181818176,18.181818181818183,True
d93b8458c6fe139d85cfa5eadbf55bd2,1,34.0,SP,14.1,5.0,0.0,1,0.0,-18.21,0.0,0.0,False
d9442042130b7fe579d1295f9f4a248f,19,1111.04,SP,17.835789473684212,4.368421052631579,0.10526315789473684,19,0.052631578947368474,-7.294736842105263,5.263157894736848,10.526315789473683,False
d94a40fd42351c259927028d163af842,97,16839.87,MG,33.857525773195874,4.25,0.09278350515463918,96,0.04166666666666663,-12.999895833333333,4.1666666666666625,9.278350515463918,True
d94ba08b99bedd6a5f6c875ecc4a6fac,9,778.27,PR,19.91888888888889,4.777777777777778,0.0,8,0.0,-11.34375,0.0,0.0,False
d97df38225e5abadaff1e72cb72b823c,28,2309.73,SP,17.27607142857143,4.038461538461538,0.17857142857142858,27,0.18518518518518523,-8.339629629629629,18.518518518518523,17.857142857142858,False
d98eec89afa3380e14463da2aabaea72,164,9960.48,RS,19.06658536585366,4.411042944785276,0.06097560975609756,164,0.024390243902439046,-17.422560975609755,2.4390243902439046,6.097560975609756,True
d9a84e1403de8da0c3aa531d6d108ba6,52,2070.8399999999997,SP,13.104615384615384,4.653846153846154,0.038461538461538464,51,0.05882352941176472,-9.703725490196078,5.882352941176472,3.8461538461538463,True
d9b00a97818674c7f8d8b1ef0e689679,1,79.08000000000001,PR,9.18,3.0,0.0,1,0.0,-4.15,0.0,0.0,False
d9bd94811c3338dceb4181f3dbc0c73e,54,7682.11,SP,14.279444444444445,4.796296296296297,0.037037037037037035,54,0.11111111111111116,-7.257962962962963,11.111111111111116,3.7037037037037033,True
d9c349beabc06aa6ff1c6d68b5e9e22e,1,205.64999999999998,SP,37.55,5.0,0.0,1,0.0,-10.27,0.0,0.0,False
d9cb0052a666de5308b32f32ad5f1b1c,2,163.42,SP,15.41,5.0,0.0,2,0.0,-10.84,0.0,0.0,False
d9cd369bffa979d1634f8e1318bf2f1b,3,744.81,SP,22.27,5.0,0.0,3,0.0,-23.773333333333337,0.0,0.0,False
d9d43faf741ceaa8da52fdbb81d9e0e3,6,421.25,SP,35.208333333333336,3.6666666666666665,0.3333333333333333,4,0.0,-13.6775,0.0,33.33333333333333,False
d9e7e7778b32987280a6f2cb9a39c57d,11,986.39,SP,23.99,3.5454545454545454,0.2727272727272727,11,0.36363636363636365,-9.450909090909091,36.36363636363637,27.27272727272727,False
d9e8c084b68fe958861d8f2c21202e6b,9,3231.86,SP,20.206666666666667,4.333333333333333,0.1111111111111111,9,0.0,-8.151111111111112,0.0,11.11111111111111,False
da03c298e3999e9d828591fc2179d109,4,842.48,SP,13.695,4.75,0.0,4,0.0,-7.4575,0.0,0.0,False
da20530872245d6cd9d2f5725613c430,2,394.22,RS,39.629999999999995,4.5,0.0,2,0.0,-13.245000000000001,0.0,0.0,False
da2782c804606d2a5d8e1760dbb3e7ec,1,103.37,SP,14.37,1.0,1.0,1,1.0,13.81,100.0,100.0,False
da3fede3469bf49b7293ce3fc45b294d,1,57.69,SP,12.79,5.0,0.0,1,0.0,-7.0,0.0,0.0,False
da4d149c0ddbac90557103ac0a0ec356,1,775.98,SP,45.98,3.0,0.0,0,,,,0.0,False
da6a60cc8cc724fe51be021ff8be779c,12,984.58,RJ,21.315833333333334,4.75,0.0,12,0.0,-12.663333333333334,0.0,0.0,False
da7039f29f90ce5b4846ffc0fcc93beb,17,1759.38,SP,16.69058823529412,4.529411764705882,0.058823529411764705,17,0.05882352941176472,-11.004705882352942,5.882352941176472,5.88235294117647,False
da8622b14eb17ae2831f4ac5b9dab84a,1296,184287.36000000002,SP,19.03097222222222,4.190697674418605,0.11496913580246913,1293,0.07733952049497295,-10.177316318638825,7.733952049497295,11.496913580246913,True
dace965ca58120f92f8d742a9fa1864b,8,1573.77,SP,16.471249999999998,4.625,0.125,8,0.0,-10.36125,0.0,12.5,False
dadc51ef321949ec9a3ab25cd902e23d,1,99.34,SP,14.34,1.0,1.0,0,,,,100.0,False
daeb5653dd96c1b11860f72209795012,40,2938.06,MG,15.803999999999998,4.05,0.175,38,0.07894736842105265,-10.813421052631579,7.8947368421052655,17.5,True
daf565f087a52def0fd5c5825b3661bc,8,1032.6200000000001,SC,33.5775,3.857142857142857,0.25,8,0.125,-16.3225,12.5,25.0,False
db1f0f7c7e5e87f40b62226f020bb297,3,123.73,PR,21.573333333333334,4.666666666666667,0.0,3,0.0,-32.38333333333333,0.0,0.0,False
db2956745b3a8e9f3785c99f34b5d25e,47,9723.72,SP,21.336595744680853,3.765957446808511,0.2127659574468085,45,0.11111111111111116,-11.262,11.111111111111116,21.27659574468085,True
db4350fd57ae30082dec7acbaacc17f9,131,5308.0,SP,15.890534351145037,4.2153846153846155,0.09923664122137404,130,0.038461538461538436,-14.694153846153846,3.8461538461538436,9.923664122137405,True
db46ca7bce82b11f7e247539271fc390,15,1052.6299999999999,RJ,14.024666666666667,4.8,0.0,15,0.0,-12.412666666666667,0.0,0.0,False
db6a4d4b5f1f5f98820ce6ce2619e2de,1,148.15,SP,12.16,5.0,0.0,1,0.0,-18.18,0.0,0.0,False
db7ed69a53aa9fb1c01930ba54a88bbe,1,120.78,SP,11.78,5.0,0.0,1,0.0,-8.26,0.0,0.0,False
dbb9b48c841a0e39e21f98e1a6b2ec3e,104,8648.84,SP,15.007403846153846,4.3076923076923075,0.09615384615384616,104,0.038461538461538436,-11.111826923076922,3.8461538461538436,9.615384615384617,True
dbbcfe2c8d026742134ac3e28ccde274,4,362.96999999999997,PR,13.594999999999999,4.0,0.25,4,0.0,-15.254999999999999,0.0,25.0,False
dbc22125167c298ef99da25668e1011f,401,41819.81,MG,20.152618453865337,4.275,0.08977556109725686,389,0.02570694087403602,-12.926298200514138,2.570694087403602,8.977556109725686,True
dbc51f5e45d654ecc16cb68e6817ecea,1,218.13,SP,18.14,4.0,0.0,1,0.0,-6.32,0.0,0.0,False
dbd66278cbfe1aa1000f90a217ca4695,83,6355.35,SP,18.28253012048193,4.542168674698795,0.012048192771084338,83,0.06024096385542166,-11.56590361445783,6.024096385542165,1.2048192771084338,True
dbdd0ec73a4817971d962698f2fea022,16,8174.799999999999,CE,111.925,4.375,0.125,16,0.0625,-16.645,6.25,12.5,False
dbec9a0a7efeff029d4d9dce7dc4cc95,3,1288.59,MG,39.53,4.0,0.3333333333333333,3,0.0,-11.270000000000001,0.0,33.33333333333333,False
dc317f341ab0e22f39acbd9dbf9b4a1f,55,22658.91,RS,65.66563636363635,4.1454545454545455,0.16363636363636364,55,0.054545454545454564,-14.250363636363636,5.454545454545457,16.363636363636363,True
dc4a0fc896dc34b0d5bfec8438291c80,227,29399.22,SP,20.678942731277534,3.797356828193833,0.20704845814977973,221,0.0678733031674208,-10.671085972850678,6.7873303167420795,20.704845814977972,True
dc50afafdfa325eadc890c7fa42a8f4e,4,481.48,PR,14.32,4.75,0.0,4,0.0,-11.0175,0.0,0.0,False
dc64d75cc406bb0697be983831430e60,4,905.55,MG,23.1375,4.75,0.0,4,0.0,-12.77,0.0,0.0,False
dc7192adf8ba09569261f4a8d576afe0,6,969.31,SP,19.218333333333334,4.333333333333333,0.16666666666666666,6,0.0,-11.836666666666666,0.0,16.666666666666664,False
dc8798cbf453b7e0f98745e396cc5616,41,2680.7,SP,15.229268292682926,3.048780487804878,0.4146341463414634,35,0.05714285714285716,-9.549428571428573,5.714285714285716,41.46341463414634,True
dcb7367a92f5ffb89f1e2152ed260285,1,98.34,SP,18.44,5.0,0.0,1,0.0,-13.22,0.0,0.0,False
dcf3755cefcdc158ad0b7bdde51e871b,3,359.03000000000003,RS,29.776666666666667,4.0,0.0,3,0.0,-13.716666666666667,0.0,0.0,False
dd264199fc8b687ad029de7de6d760e6,1,108.60000000000001,PR,20.7,5.0,0.0,1,0.0,-10.43,0.0,0.0,False
dd2bdf855a9172734fbc3744021ae9b9,108,12853.88,MG,18.86277777777778,3.855769230769231,0.17592592592592593,105,0.05714285714285716,-22.31933333333333,5.714285714285716,17.59259259259259,True
dd39ad39b5d3df33037e141c72497ba6,2,164.85000000000002,SP,14.524999999999999,5.0,0.0,2,0.0,-18.145,0.0,0.0,False
dd4d95ba2d15c071e6c695e2ef6ce169,4,1962.41,ES,53.6025,4.25,0.0,4,0.5,-3.3100000000000005,50.0,0.0,False
dd533b429f380718b70ad9922c294bae,39,3820.54,SP,28.576153846153847,3.8461538461538463,0.1794871794871795,37,0.1351351351351351,-8.72918918918919,13.513513513513509,17.94871794871795,True
dd5450b022b2d00a2145a66331e1aef6,1,81.34,SC,22.34,5.0,0.0,1,0.0,-31.31,0.0,0.0,False
dd55f1bb788714a40e7954c3be6df745,35,7701.18,SP,18.840571428571426,3.742857142857143,0.2,35,0.17142857142857137,-8.704857142857144,17.14285714285714,20.0,True
dd58ee93286b0821565574c570e9e1dc,2,3023.31,PR,37.655,5.0,0.0,2,0.0,-13.285,0.0,0.0,False
dd7ddc04e1b6c2c614352b383efe2d36,118,11938.59,SP,24.008305084745764,3.8803418803418803,0.17796610169491525,117,0.16239316239316237,-6.950598290598291,16.23931623931624,17.796610169491526,True
dd88d13bea9e4c2bf47daf224f8141e5,1,487.38,RS,29.38,5.0,0.0,1,0.0,-6.36,0.0,0.0,False
dd8a29ce82d5c705ba932d81494600a5,2,233.25,SP,13.75,3.5,0.0,2,0.0,-9.285,0.0,0.0,False
dd9661d3cda1e6feb237f0c4d8b26f2e,1,190.98,SC,16.98,5.0,0.0,1,0.0,-10.41,0.0,0.0,False
dda37071807e404c5bb2a1590c66326f,1,219.27,SP,19.28,5.0,0.0,1,0.0,-3.06,0.0,0.0,False
ddd51ae8cda92f3995a51fc0f0f3eec7,8,1119.62,RJ,34.615,4.625,0.0,8,0.0,-14.44,0.0,0.0,False
dde698c6d0bd24834c586e5111c2bba7,1,175.09,RJ,19.19,5.0,0.0,1,0.0,-14.21,0.0,0.0,False
de09d00cfc265b8804c7df34075a68fa,3,827.97,SP,14.656666666666666,3.3333333333333335,0.3333333333333333,3,0.0,-16.2,0.0,33.33333333333333,False
de0c78824586e9a5f5f04fd84e25df39,14,2864.96,SP,17.26214285714286,4.642857142857143,0.07142857142857142,14,0.0,-19.303571428571427,0.0,7.142857142857142,False
de23c3b98a88888289c6f5cc1209054a,164,29310.07,SP,16.525,4.2560975609756095,0.11585365853658537,161,0.0993788819875776,-9.68031055900621,9.937888198757761,11.585365853658537,True
de66a66f2dd06bb9ec37aa96987466a3,7,468.98,RJ,16.52285714285714,4.142857142857143,0.14285714285714285,7,0.0,-25.607142857142858,0.0,14.285714285714285,False
de722cd6dad950a92b7d4f82673f8833,337,64933.490000000005,PE,28.56762611275964,4.3104477611940295,0.08902077151335312,335,0.04477611940298509,-14.724656716417911,4.477611940298509,8.902077151335313,True
de9727ca376d1be6ec121b110aa7954c,10,1331.97,PR,21.337,3.8,0.3,9,0.11111111111111116,-18.017777777777777,11.111111111111116,30.0,False
deaadd805612bf94faaa9fa702516e11,1,65.11,SP,15.11,1.0,1.0,0,,,,100.0,False
debe6615cd90cc0c2eac2b8988e1f628,5,374.03000000000003,SP,19.106,4.6,0.0,5,0.0,-13.478,0.0,0.0,False
dedcab67899479e4ea5dcc4eba47f587,2,105.63999999999999,SC,10.82,4.5,0.0,2,0.0,-4.1,0.0,0.0,False
dee656f0f566ed1aa85bd137c943f08f,91,7938.46,SP,18.531648351648354,4.4,0.06593406593406594,90,0.05555555555555558,-13.35188888888889,5.555555555555558,6.593406593406594,True
df0f42bc4c2142eacf0eaf2cffd0cfbb,14,2034.38,SC,22.634999999999998,4.142857142857143,0.14285714285714285,14,0.0,-9.101428571428572,0.0,14.285714285714285,False
df47da4ae86fa4db890d05aaf24e21d8,5,387.68,SP,15.436000000000002,4.2,0.2,5,0.0,-17.419999999999998,0.0,20.0,False
df560393f3a51e74553ab94004ba5c87,28,4267.33,PR,21.648214285714285,3.6785714285714284,0.14285714285714285,26,0.07692307692307687,-12.971923076923076,7.692307692307687,14.285714285714285,False
df56d7b40d437f88407c5f78b63bc328,22,3251.5,PR,20.91909090909091,4.090909090909091,0.13636363636363635,22,0.045454545454545414,-10.657727272727273,4.545454545454541,13.636363636363635,False
df683dfda87bf71ac3fc63063fba369d,1,55.95,RS,16.05,1.0,1.0,1,1.0,167.71,100.0,100.0,False
df91910b6a03bb2e3358fa6a35e32f6f,14,2767.52,SP,30.387857142857143,4.357142857142857,0.07142857142857142,13,0.0,-12.62153846153846,0.0,7.142857142857142,False
dfa0c4c6229ab200a4a1336b4d7128ff,73,6386.53,SC,23.53876712328767,4.109589041095891,0.1506849315068493,73,0.04109589041095896,-13.763835616438357,4.109589041095896,15.068493150684931,True
dfc475d54e1b6dbeeb7d7d9bdaa63827,18,2202.18,PR,23.628888888888888,4.5,0.1111111111111111,17,0.05882352941176472,-14.089411764705881,5.882352941176472,11.11111111111111,False
dfc5fb7259bb2b599ca565e6e9448f0f,31,6601.860000000001,SP,21.358709677419355,4.193548387096774,0.06451612903225806,31,0.032258064516129004,-11.94516129032258,3.2258064516129004,6.451612903225806,True
dff87e4de60c9736ce8df835951b09bc,2,1043.43,SP,22.715,2.5,0.5,0,,,,50.0,False
e00d85ce20ea50c1224c66ca5050527d,1,157.3,SP,8.3,4.0,0.0,1,0.0,-10.48,0.0,0.0,False
e0482f2c769468c3bbcd8a01e09d98c5,1,234.4,SP,45.4,4.0,0.0,1,0.0,-13.23,0.0,0.0,False
e0487761face83d64fcada2408959a36,2,64.12,SP,7.4350000000000005,4.5,0.0,2,0.0,-2.75,0.0,0.0,False
e067ad2c1c0b48758eb1b5228bcf7a68,54,6047.91,SP,18.61777777777778,4.148148148148148,0.1111111111111111,54,0.09259259259259256,-10.081666666666665,9.259259259259256,11.11111111111111,True
e06f09ec0a4aca210779cf1cfc63cf19,29,5901.41,SP,21.44551724137931,3.9655172413793105,0.1724137931034483,29,0.06896551724137934,-16.188275862068966,6.896551724137934,17.24137931034483,False
e0878efa0e0b7e5313ac0b43bc04c081,27,5594.91,PR,19.615185185185187,3.5185185185185186,0.2962962962962963,26,0.1923076923076923,-10.255384615384616,19.23076923076923,29.629629629629626,False
e09887ca8c7bf8a4621ce481820414ef,3,178.66,SP,19.566666666666666,2.3333333333333335,0.6666666666666666,2,0.5,41.765,50.0,66.66666666666666,False
e0a366315b1b726b6c7832d664c0f530,43,8338.86,SP,17.703953488372093,4.3023255813953485,0.13953488372093023,43,0.046511627906976716,-10.907906976744187,4.651162790697672,13.953488372093023,True
e0a3c37054ade6478d923a6efc10f308,2,254.98000000000002,SC,17.59,5.0,0.0,2,0.0,-15.3,0.0,0.0,False
e0eabded302882513ced4ea3eb0c7059,8,1117.19,SP,17.34875,4.625,0.0,8,0.0,-16.34375,0.0,0.0,False
e116c7455dd26a4d8c3e92532583905f,1,51.54,SP,14.78,4.0,0.0,0,,,,0.0,False
e1643dff33666ca629e3644c02738179,3,199.31,SP,9.77,4.333333333333333,0.0,3,0.0,-11.63,0.0,0.0,False
e174dc2de86d60fee178170a154c05e7,1,33.9,SP,14.1,1.0,1.0,0,,,,100.0,False
e1a210d482714ce337763a19aef94ba4,1,76.50999999999999,PR,26.61,1.0,1.0,0,,,,100.0,False
e1b12447a7563944843191754aeb5562,8,556.1600000000001,SP,14.149999999999999,4.875,0.0,8,0.25,-7.90625,25.0,0.0,False
e1bed63d68ac36fe1f3061befe196af5,1,217.0,SP,18.0,5.0,0.0,1,0.0,-25.62,0.0,0.0,False
e1c76f339ebd5460999f25a2aa8c92c5,1,928.6999999999999,SP,28.8,5.0,0.0,1,0.0,-14.41,0.0,0.0,False
e1dc0754bada9ee4cfe9713f22f61292,12,1149.78,RJ,22.064999999999998,3.8333333333333335,0.25,12,0.0,-12.3725,0.0,25.0,False
e21a1e8be4715b0fcfd5385643bc49c4,20,1131.38,SC,22.884,3.8,0.2,19,0.0,-10.259473684210526,0.0,20.0,False
e24d3429d294b2eb200b064ebb035879,19,2250.7,SP,19.585263157894737,4.2631578947368425,0.10526315789473684,19,0.052631578947368474,-10.241052631578947,5.263157894736848,10.526315789473683,False
e24fc9fcd865784fb25705606fe3dfe7,52,13966.71,SP,19.821346153846154,4.173076923076923,0.11538461538461539,51,0.07843137254901966,-13.116078431372548,7.843137254901967,11.538461538461538,True
e250d617a0ad591ba9bd663e584a895d,8,1273.0900000000001,SP,38.13375,3.5,0.375,8,0.0,-12.35875,0.0,37.5,False
e256a62e0ac58c0edfba09966142d561,12,1809.5500000000002,PR,27.953333333333333,4.416666666666667,0.08333333333333333,12,0.0,-16.344166666666666,0.0,8.333333333333332,False
e26901d5ab434ce92fd9b5c256820a4e,202,14961.91,SP,14.623861386138614,4.123762376237623,0.12376237623762376,197,0.025380710659898442,-12.869137055837562,2.538071065989844,12.376237623762377,True
e2a1ac9bf33e5549a2a4f834e70df2f8,5,15200.56,SP,40.222,4.8,0.0,5,0.0,-9.156,0.0,0.0,False
e2aee0892199b1d92530e371abd825bf,38,8993.71,PR,75.63815789473684,3.789473684210526,0.23684210526315788,36,0.13888888888888884,-11.203055555555556,13.888888888888884,23.684210526315788,True
e2c92f9c1c7746d899d18f2e158bbff7,14,2286.61,SP,27.993571428571432,4.071428571428571,0.14285714285714285,12,0.0,-9.380833333333333,0.0,14.285714285714285,False
e333046ce6517bd8bb510291d44f0130,68,8804.35,SP,21.501029411764705,4.338235294117647,0.08823529411764706,68,0.05882352941176472,-12.715441176470588,5.882352941176472,8.823529411764707,True
e38db885400cd35c71dfd162f2c1dbcf,30,2737.55,DF,22.358333333333334,4.466666666666667,0.06666666666666667,30,0.1333333333333333,-11.624,13.33333333333333,6.666666666666667,True
e3a386fc36e22064434e1fa256f6a9fa,16,1047.15,SP,15.828125,4.1875,0.125,16,0.1875,-9.6525,18.75,12.5,False
e3b4998c7a498169dc7bce44e6bb6277,3,7114.6900000000005,SP,72.26333333333334,2.6666666666666665,0.6666666666666666,1,0.0,-5.4,0.0,66.66666666666666,False
e3d3b3efac954a60d61be70b7e05b49b,3,1405.83,SP,41.26,4.333333333333333,0.0,3,0.0,-17.150000000000002,0.0,0.0,False
e3dd723429d1b23614b7fa85e2c7a853,7,597.62,SP,18.08142857142857,3.7142857142857144,0.14285714285714285,7,0.2857142857142857,-5.475714285714285,28.57142857142857,14.285714285714285,False
e3e15e2c0b9700561efac21c6be48066,3,139.74,SP,14.166666666666666,2.0,0.6666666666666666,0,,,,66.66666666666666,False
e3e290b38963293022cdcd6db8328103,2,199.68,SP,14.989999999999998,3.0,0.5,2,0.0,-9.24,0.0,50.0,False
e4253cef933647000a82ff39c67b7bde,2,108.72999999999999,SP,20.365,2.0,0.5,0,,,,50.0,False
e433f5fd4050e3352b5d83522b7fe24b,1,596.77,PR,48.71,4.0,0.0,1,0.0,-6.06,0.0,0.0,False
e439f7176d763f92de325271111b2fd5,7,1584.02,SC,33.660000000000004,5.0,0.0,6,0.0,-8.436666666666667,0.0,0.0,False
e45edf75f568ed2f93f78d060e246e25,6,278.21999999999997,RJ,18.986666666666668,4.166666666666667,0.0,6,0.16666666666666663,-7.588333333333334,16.666666666666664,0.0,False
e46bc031f2c5bae4ccb40bb90712e9b4,1,327.39,SP,50.09,1.0,1.0,0,,,,100.0,False
e48b04bf1aa1ef711caebeb7aede6180,25,3832.73,PR,25.8252,4.48,0.08,25,0.0,-14.934000000000001,0.0,8.0,False
e48cc16ab70bfa09e1401740dce0b3d7,14,1470.61,SP,24.00142857142857,3.5714285714285716,0.2857142857142857,14,0.0714285714285714,-9.725,7.14285714285714,28.57142857142857,False
e49c26c3edfa46d227d5121a6b6e4d37,34,4796.38,PE,34.17735294117647,4.5,0.08823529411764706,33,0.0,-18.84212121212121,0.0,8.823529411764707,True
e4ebd3f87bf70440014f07ddda7fbe03,7,787.26,SP,16.537142857142857,4.571428571428571,0.0,7,0.1428571428571429,-7.6085714285714285,14.28571428571429,0.0,False
e4f121bf6ef8b9a1d4d3e65dd0473fab,2,106.46000000000001,SP,18.23,3.0,0.5,2,0.5,-1.5350000000000001,50.0,50.0,False
e4fc40017a6d22c46a14ac2e17f87c3e,3,662.05,PR,91.68333333333334,2.3333333333333335,0.6666666666666666,1,0.0,-12.04,0.0,66.66666666666666,False
e503f22be6a4f456d9851920a5d9c670,2,231.34,SP,16.22,4.0,0.0,2,0.0,-11.75,0.0,0.0,False
e504a4e2efaa45cbff7e268a2c58c956,10,1326.95,SP,23.805,3.8,0.3,9,0.33333333333333337,-3.598888888888889,33.333333333333336,30.0,False
e51f22821f0c12a16ad5c020cdcd55e9,4,996.84,SP,24.5325,4.75,0.0,4,0.0,-15.43,0.0,0.0,False
e53d5b9b29d1218281f4a907ada18626,2,161.25,PR,32.445,4.5,0.0,2,0.0,-17.28,0.0,0.0,False
e546117ed9cafbc40239c0c78635c584,2,484.34000000000003,SP,14.17,4.5,0.0,2,0.0,-9.375,0.0,0.0,False
e5475dcab1e07b63d7f6e902d8f5eda8,19,2443.22,SP,13.222105263157895,4.105263157894737,0.15789473684210525,19,0.052631578947368474,-9.663157894736841,5.263157894736848,15.789473684210526,False
e5545d4d4473876ea78c5bcebca365c3,1,57.47,SP,12.97,5.0,0.0,1,0.0,-15.31,0.0,0.0,False
e560e4022d8f7aebf155db95946c5c0f,2,870.21,MG,45.105000000000004,5.0,0.0,2,0.0,-10.695,0.0,0.0,False
e5899683388855d3dabe8913bbe365de,3,533.86,SP,26.993333333333336,4.0,0.0,3,0.0,-19.323333333333334,0.0,0.0,False
e58a5b390e28abc0b216cfb0e07d27d7,7,1167.23,RJ,20.66142857142857,4.857142857142857,0.0,7,0.0,-18.897142857142857,0.0,0.0,False
e595809a6c31ec4314fd06ef198c244d,1,57.230000000000004,SC,18.23,5.0,0.0,1,0.0,-12.01,0.0,0.0,False
e59aa562b9f8076dd550fcddf0e73491,70,33803.97,PR,31.85242857142857,4.214285714285714,0.11428571428571428,69,0.10144927536231885,-11.124057971014492,10.144927536231885,11.428571428571429,True
e59e489e2ea74bd409b798b5daf49de3,3,643.6700000000001,PR,36.25666666666667,1.6666666666666667,0.6666666666666666,3,0.0,-10.256666666666668,0.0,66.66666666666666,False
e59e575a175fadcadf8479e191770425,1,250.88,RJ,50.98,5.0,0.0,1,0.0,-19.15,0.0,0.0,False
e5a3438891c0bfdb9394643f95273d8e,221,11026.199999999999,SP,15.200226244343892,3.9406392694063928,0.18552036199095023,213,0.187793427230047,-5.763098591549296,18.7793427230047,18.552036199095024,True
e5a38146df062edaf55c38afa99e42dc,120,17208.23,SP,15.733,3.9747899159663866,0.16666666666666666,119,0.09243697478991597,-9.844201680672269,9.243697478991598,16.666666666666664,True
e5bd51692380fd8cabb19b756b95e714,3,153.04,SP,11.113333333333335,2.3333333333333335,0.6666666666666666,2,1.0,6.165,100.0,66.66666666666666,False
e5c84227854980f1db19a58958c551d9,4,141.64000000000001,PR,17.2075,4.75,0.0,4,0.0,-9.7775,0.0,0.0,False
e5cbe890e679490127e9a390b46bbd20,2,937.71,SP,14.36,4.5,0.0,2,0.0,-13.69,0.0,0.0,False
e5d4b2b0c3bca22085f7a19a28de0c42,4,269.56,SC,15.94,4.5,0.0,4,0.25,-10.8225,25.0,0.0,False
e5def42655b7490edac5a56fe8e9e603,1,141.42000000000002,SP,11.52,5.0,0.0,1,0.0,-13.25,0.0,0.0,False
e5e33c0d8e7e002f398f5dc4cbbb338f,28,7477.33,SP,27.808214285714286,4.321428571428571,0.10714285714285714,26,0.11538461538461542,-14.23423076923077,11.538461538461542,10.714285714285714,False
e5f9e61ceb5f523cc966e0f34095032f,4,2353.44,SC,28.86,4.0,0.25,4,0.25,-5.867500000000001,25.0,25.0,False
e601b04acf48b4576e73ddca9481f0dc,14,638.93,SP,14.063571428571427,4.285714285714286,0.14285714285714285,14,0.0,-14.662857142857144,0.0,14.285714285714285,False
e603cf3fec55f8697c9059638d6c8eb5,8,482.46999999999997,RS,23.183750000000003,4.25,0.125,7,0.0,-23.834285714285716,0.0,12.5,False
e627629ba868740e287800f1a9be81c2,12,622.89,SP,11.524166666666666,4.416666666666667,0.08333333333333333,10,0.0,-11.018,0.0,8.333333333333332,False
e628d4a53c109f09ca88098338b3a3f5,1,343.9,MG,58.9,1.0,1.0,0,,,,100.0,False
e62b2d6ac10570a035a30bafcf01d263,60,6280.18,SP,17.03066666666667,4.0,0.13333333333333333,60,0.1333333333333333,-8.560833333333333,13.33333333333333,13.333333333333334,True
e63e8bfa530fb16910dd6956e592bb81,39,1890.3,SP,16.574615384615385,4.17948717948718,0.1282051282051282,38,0.052631578947368474,-12.427894736842106,5.263157894736848,12.82051282051282,True
e644cbadf7eeb30d0d29f335ce7d52ec,8,1063.59,SP,23.08625,3.625,0.125,7,0.0,-7.864285714285714,0.0,12.5,False
e64882b4ef12aee8d0faca4db5b681f4,1,273.22,GO,43.22,4.0,0.0,1,0.0,-1.35,0.0,0.0,False
e64d65bc8dbec2accda90c58de5d1246,12,1899.96,SP,18.43,3.0833333333333335,0.4166666666666667,12,0.33333333333333337,-6.689166666666666,33.333333333333336,41.66666666666667,False
e64ddbe1cbcf4f2fc3092b7c481f3f9d,1,28.29,SP,7.39,5.0,0.0,1,0.0,-6.99,0.0,0.0,False
e6a69c4a27dfdd98ffe5aa757ad744bc,23,2492.3900000000003,SP,18.653478260869566,4.0,0.17391304347826086,20,0.0,-15.029499999999999,0.0,17.391304347826086,False
e6ffc9ac6a7adc9d16a1cfc2286dd546,1,43.28,SP,8.29,1.0,1.0,0,,,,100.0,False
e70053bf73d1b5863932e53a9fa47496,7,4158.58,SP,19.082857142857144,4.285714285714286,0.0,7,0.0,-9.058571428571428,0.0,0.0,False
e72b4feb7abe210c52aa667abc25a3a2,1,55.64,SP,17.44,5.0,0.0,1,0.0,-12.35,0.0,0.0,False
e732329483fd5f27367dd997b47f598a,1,144.47,SC,34.57,5.0,0.0,1,0.0,-13.2,0.0,0.0,False
e73bf2cea7fe4b0b4d287a7568ed1099,3,773.83,SC,31.97666666666667,5.0,0.0,3,0.0,-14.69,0.0,0.0,False
e76ecc7e9a1a1e3c6df9d2a8261c423d,1,34.1,MG,14.1,5.0,0.0,1,0.0,-10.11,0.0,0.0,False
e7d5b006eb624f13074497221eb37807,28,4220.42,SP,26.481785714285714,3.9285714285714284,0.21428571428571427,28,0.0714285714285714,-9.216785714285715,7.14285714285714,21.428571428571427,False
e7df4cd29ab5abab70fb0783ddb53987,22,9951.8,SP,18.318181818181817,4.363636363636363,0.09090909090909091,22,0.18181818181818177,-9.84681818181818,18.181818181818176,9.090909090909092,False
e7f3bf1ecd8526eb7f3b18059e6716e5,18,1857.3700000000001,SP,16.440555555555555,4.555555555555555,0.05555555555555555,17,0.0,-14.771176470588236,0.0,5.555555555555555,False
e819bcfade7b5d88a27325eb6cfd62c5,4,204.32999999999998,SP,18.2575,5.0,0.0,4,0.25,-3.3025,25.0,0.0,False
e81e1f9c3e762e620f3fb60a51499e16,17,4979.49,SC,30.205882352941178,4.0,0.11764705882352941,17,0.05882352941176472,-17.543529411764705,5.882352941176472,11.76470588235294,False
e82de6494d91d3c4c54450f59b227a94,3,157.7,SP,12.933333333333332,5.0,0.0,3,0.33333333333333337,-1.8399999999999992,33.333333333333336,0.0,False
e83c76265fc54bf41eac728805e4da77,8,336.49,SP,12.39875,3.625,0.125,8,0.125,10.756250000000001,12.5,12.5,False
e83e93b71371817b11d78a63ff156aee,2,373.38,SP,43.690000000000005,4.5,0.0,2,0.0,-9.44,0.0,0.0,False
e84ad2127668df3aafc6b73531a0beb8,19,1273.73,SP,15.091052631578949,4.368421052631579,0.10526315789473684,19,0.052631578947368474,-6.476315789473684,5.263157894736848,10.526315789473683,False
e88165a185134e13fdfc85d4fa654db8,2,149.22,SP,20.61,3.0,0.5,2,0.5,0.7850000000000001,50.0,50.0,False
e882b2a25a10b9c057cc49695f222c19,57,53913.76,RJ,50.10912280701754,4.578947368421052,0.05263157894736842,57,0.0,-18.45719298245614,0.0,5.263157894736842,True
e883aa812c37a7413226856f4579fe91,26,4554.46,SP,17.590769230769233,4.153846153846154,0.11538461538461539,26,0.038461538461538436,-11.473461538461539,3.8461538461538436,11.538461538461538,False
e88c9b79e592e370d6bd852eeefbf057,8,393.98,PR,17.763749999999998,4.75,0.0,8,0.0,-16.715,0.0,0.0,False
e88f7a2995ba184710d339c5c4bf2e30,2,287.51,SP,17.955,5.0,0.0,2,0.0,-12.175,0.0,0.0,False
e89c4adbe7b1d0819dbb636e16461cf1,24,3636.15,SP,18.952083333333334,3.8333333333333335,0.16666666666666666,24,0.125,-9.857083333333334,12.5,16.666666666666664,False
e8a85b5f3df47be0984c55fd4064dbb4,8,965.99,DF,27.873749999999998,4.5,0.125,8,0.125,-6.33,12.5,12.5,False
e8b3a3a38279a82f0e5d006d5e5b7d2c,87,14990.89,PR,20.301149425287356,3.793103448275862,0.21839080459770116,80,0.050000000000000044,-17.870875,5.000000000000004,21.839080459770116,True
e8b4225284fbb02d16f200513f1f395d,31,7086.13,SP,41.858387096774194,4.193548387096774,0.06451612903225806,30,0.09999999999999998,-13.081,9.999999999999998,6.451612903225806,True
e8dba4d70f7f2b20e775d09cae01142d,9,1100.94,SP,22.004444444444445,4.333333333333333,0.1111111111111111,9,0.11111111111111116,-9.882222222222222,11.111111111111116,11.11111111111111,False
e8f6dc8e6a1dcde89d20e3995c8d90b3,35,4341.05,SP,59.189142857142855,3.942857142857143,0.17142857142857143,34,0.08823529411764708,-20.48970588235294,8.823529411764708,17.142857142857142,True
e8ff5a6ceb895583033fc2a0f314e3c2,1,158.96999999999997,SC,19.08,5.0,0.0,1,0.0,-12.22,0.0,0.0,False
e908c0f3646e8b60375734a350d95d71,1,3009.53,SP,58.53,4.0,0.0,1,0.0,-8.22,0.0,0.0,False
e94b64dc6979b302a5a5be1662c83bb6,2,338.63,SP,15.870000000000001,5.0,0.0,2,0.0,-15.325,0.0,0.0,False
e9511df20ccd82658a30c37b7fb343af,22,2823.1,SP,33.02272727272727,4.318181818181818,0.09090909090909091,22,0.0,-13.335,0.0,9.090909090909092,False
e96498ed8daaa3e9c23f7a62da76591c,34,10332.19,SP,20.973529411764705,3.9411764705882355,0.20588235294117646,34,0.1470588235294118,-9.550882352941176,14.70588235294118,20.588235294117645,True
e9729944ba65dc3ce425e0c5a22ae7b2,4,1172.17,RJ,36.370000000000005,3.75,0.0,4,0.25,-23.0475,25.0,0.0,False
e9779976487b77c6d4ac45f75ec7afe9,648,53051.93,SP,15.562006172839506,4.228260869565218,0.11419753086419752,636,0.07389937106918243,-9.233632075471698,7.389937106918243,11.419753086419753,True
e9874ae10b2d60d43917b6bbfa13a599,1,222.1,PR,23.1,5.0,0.0,1,0.0,-19.46,0.0,0.0,False
e99e927c81e3f51739c94fcdfca9f10f,21,3287.59,MG,29.066190476190474,3.761904761904762,0.19047619047619047,20,0.19999999999999996,-8.23,19.999999999999996,19.047619047619047,False
e9b6c33b71b67737693b4cfa68341c8d,1,141.39000000000001,SP,21.49,4.0,0.0,1,0.0,-0.39,0.0,0.0,False
e9bc59e7b60fc3063eb2290deda4cced,211,38792.24,PR,22.44611374407583,4.018957345971564,0.16587677725118483,204,0.11274509803921573,-13.625735294117648,11.274509803921573,16.587677725118482,True
e9c2dc0dd4ac38448289be644ac94f42,3,174.61,SC,18.74,5.0,0.0,3,0.0,-10.703333333333333,0.0,0.0,False
e9c6969d40e6a3d2d0f90013165c2b98,10,5481.98,SP,24.2,4.4,0.1,10,0.0,-17.601,0.0,10.0,False
e9d99831abad74458942f21e16f33f92,129,6872.63,SP,15.41968992248062,3.9453125,0.15503875968992248,129,0.10852713178294571,-8.771007751937985,10.852713178294572,15.503875968992247,True
e9e446d01bd10a97a8ffcfc4a3a20cb2,4,89.61,SP,7.39,3.5,0.25,3,0.0,-7.6000000000000005,0.0,25.0,False
ea00f977a203ff88adf7057cb7806998,19,573.4,SP,9.667368421052632,4.105263157894737,0.10526315789473684,18,0.11111111111111116,-5.532222222222222,11.111111111111116,10.526315789473683,False
ea1776927851da2532aa70d6a32c095a,3,372.32,SP,17.84,2.6666666666666665,0.6666666666666666,2,0.0,-8.04,0.0,66.66666666666666,False
ea3ebea5317b0efbc663ecc8ce5e9bc2,3,357.35,SC,19.216666666666665,4.0,0.0,3,0.0,-15.536666666666667,0.0,0.0,False
ea4e9ce63a2134743b4a92777437fcdd,3,382.3,SC,21.900000000000002,4.666666666666667,0.0,3,0.0,-23.92,0.0,0.0,False
ea566164622c6b439516ab18062c42cd,50,11167.98,SP,17.1712,3.78,0.24,50,0.21999999999999997,-7.3915999999999995,21.999999999999996,24.0,True
ea65d8b58316a6f2362f2a9e4b3e86ad,9,2292.2200000000003,SP,25.646666666666665,4.0,0.2222222222222222,9,0.0,-7.626666666666667,0.0,22.22222222222222,False
ea67327e24487bdfac5fbfa37ea124df,32,7408.25,SP,30.911562500000002,3.53125,0.25,32,0.03125,-14.241875,3.125,25.0,True
ea6b12bf9ffe2bac34602ec631d97a47,11,2831.3199999999997,SP,18.683636363636364,4.090909090909091,0.18181818181818182,9,0.0,-17.035555555555554,0.0,18.181818181818183,False
ea846a0e7ad98a741783e886d89dfa44,2,192.26,SP,27.63,5.0,0.0,2,0.0,-8.675,0.0,0.0,False
ea8482cd71df3c1969d7b9473ff13abc,1136,54389.229999999996,SP,15.35732394366197,4.009734513274337,0.1505281690140845,1122,0.10516934046345816,-9.155294117647058,10.516934046345817,15.05281690140845,True
eaaa46e98c9e61f6764dd1d7a2ab8b3e,1,125.64,RN,27.64,5.0,0.0,1,0.0,-11.31,0.0,0.0,False
ead2bab70821ea148476ae9bc08548ac,7,604.64,MG,23.334285714285716,4.714285714285714,0.0,7,0.0,-18.09857142857143,0.0,0.0,False
eae9af4811c294c56795d70e715b7337,1,41.36,SP,15.559999999999999,5.0,0.0,1,0.0,-7.1,0.0,0.0,False
eaf6d55068dea77334e8477d3878d89e,3,84.01,SP,11.003333333333332,5.0,0.0,3,0.0,-10.213333333333333,0.0,0.0,False
eb1bf309f4f6af9a97e9ddac3fdbeabe,1,31.18,SP,8.88,5.0,0.0,1,0.0,-9.05,0.0,0.0,False
eb3071b9f0b0ddaa2df5ea130f09f26b,9,6811.42,SP,64.60222222222222,4.555555555555555,0.0,9,0.11111111111111116,-14.392222222222223,11.111111111111116,0.0,False
eb4a59a06b3948e851a7d7a830bcbc42,2,108.0,BA,22.0,3.0,0.5,1,0.0,-9.18,0.0,50.0,False
eb4df17aed01d918c65f0f8d650900c0,11,3925.46,SP,16.87181818181818,3.909090909090909,0.18181818181818182,11,0.2727272727272727,-9.678181818181818,27.27272727272727,18.181818181818183,False
eb5b6204dde3a6e03b5f1bb8479f055b,19,727.3299999999999,SP,14.480526315789474,3.9473684210526314,0.10526315789473684,19,0.052631578947368474,-12.558421052631578,5.263157894736848,10.526315789473683,False
eb72802c83dc7547529c9546d1a9b8ef,8,1181.63,SP,14.713750000000001,4.625,0.125,8,0.0,-10.84,0.0,12.5,False
eb9267cccc90f1b49c8d2f9887c7dd97,1,346.27,PE,26.37,5.0,0.0,1,0.0,-9.28,0.0,0.0,False
eb9cd5b35d95206585e2185318cb5c61,2,611.55,SP,30.775,3.0,0.5,2,0.5,-4.239999999999999,50.0,50.0,False
eba88037e1dca898cd02881f67ced679,6,931.5699999999999,SP,15.578333333333333,4.333333333333333,0.16666666666666666,6,0.16666666666666663,-9.466666666666667,16.666666666666664,16.666666666666664,False
ebd1417732defaf66c50b5a800eb293e,1,325.33,PR,16.33,5.0,0.0,1,0.0,-21.48,0.0,0.0,False
ebd2d60905fb58271facef5596b620d3,83,9674.210000000001,SP,20.84807228915663,4.144578313253012,0.12048192771084337,81,0.03703703703703709,-10.759135802469135,3.703703703703709,12.048192771084338,True
ebe3dabc4955c9b0d695e7bda38bf5c3,1,66.89,SP,11.89,3.0,0.0,1,1.0,4.09,100.0,0.0,False
ebef8d8c92b4fd3226e5d407bbff21ac,3,302.06000000000006,SP,16.12,2.6666666666666665,0.3333333333333333,3,0.33333333333333337,13.249999999999998,33.333333333333336,33.33333333333333,False
ec21206b7894c503788a684a7bc822a6,3,296.40999999999997,RJ,16.203333333333333,2.6666666666666665,0.3333333333333333,1,0.0,-19.04,0.0,33.33333333333333,False
ec2e006556300a79a5a91e4876ab3a56,4,191.24,SP,16.51,1.25,1.0,2,0.5,1.5949999999999998,50.0,100.0,False
ec4608a1f76453166bb312b2968aeaf4,16,1923.2400000000002,SP,54.943125,3.3125,0.3125,15,0.19999999999999996,-5.52,19.999999999999996,31.25,False
ec5c1d94df153d473b37f880977ae58e,2,283.74,SP,42.035,2.0,0.5,2,0.0,-27.595,0.0,50.0,False
ec80e49e69745ab6c14f984bf2149423,12,3897.31,SP,15.6925,4.0,0.08333333333333333,12,0.16666666666666663,-9.76,16.666666666666664,8.333333333333332,False
ec8463980a4e0ea9f8517aea1ed0c419,2,357.9599999999999,SC,59.379999999999995,5.0,0.0,2,0.5,-2.46,50.0,0.0,False
ec8879960bd2221d5c32f8e12f7da711,36,4881.38,SP,22.749444444444446,4.314285714285714,0.1111111111111111,35,0.17142857142857137,-7.953714285714286,17.14285714285714,11.11111111111111,True
ec933281fb017b5020d06df29c3f77e8,8,1662.85,SP,28.85625,5.0,0.0,8,0.0,-12.675,0.0,0.0,False
ecccfa2bb93b34a3bf033cc5d1dcdc69,15,1601.35,PR,17.514,2.5714285714285716,0.4666666666666667,12,0.16666666666666663,-19.6675,16.666666666666664,46.666666666666664,False
ececbfcff9804a2d6b40f589df8eef2b,98,8766.039999999999,SP,19.3034693877551,4.112244897959184,0.1326530612244898,97,0.1030927835051546,-10.652164948453608,10.309278350515461,13.26530612244898,True
ed4311e67debd72b8610a5347a743087,25,4342.81,SP,28.2724,4.625,0.04,25,0.07999999999999996,-7.894,7.9999999999999964,4.0,False
ed46f1eb4a638113deb2a1137b5f22e9,4,3686.6800000000003,SC,54.17,4.0,0.25,4,0.0,-12.364999999999998,0.0,25.0,False
ed49da7cadefc454d6a67de249eab240,2,65.83,SP,11.415,3.0,0.5,1,0.0,-30.84,0.0,50.0,False
ed4acab38528488b65a9a9c603ff024a,32,13369.76,SP,19.072187500000002,3.71875,0.21875,31,0.032258064516129004,-12.058064516129033,3.2258064516129004,21.875,True
ed859002ad59dbf8cf3602696a6c3000,7,2690.6400000000003,PR,38.42,3.7142857142857144,0.2857142857142857,6,0.0,-30.578333333333333,0.0,28.57142857142857,False
ed8cb7b190ceb6067227478e48cf8dde,14,744.8100000000001,SP,16.879285714285714,3.5714285714285716,0.2857142857142857,14,0.0714285714285714,-8.339285714285714,7.14285714285714,28.57142857142857,False
ed9eef5be0992d413d251fadba1a410d,3,547.3399999999999,SP,47.74666666666667,4.666666666666667,0.0,3,0.0,-21.453333333333333,0.0,0.0,False
edb1ef5e36e0c8cd84eb3c9b003e486d,166,83399.77,RJ,23.90012048192771,4.421686746987952,0.0783132530120482,165,0.07878787878787874,-12.80018181818182,7.878787878787874,7.83132530120482,True
edb58a1390adf273840030a3d6253829,1,58.28,SP,18.38,5.0,0.0,1,0.0,-11.03,0.0,0.0,False
edb65fe661681b1c0de8bd47c8655855,1,84.24,SP,15.24,3.0,0.0,1,0.0,-6.36,0.0,0.0,False
edc518ba25576a0188a0e8f2c3af186f,6,1959.61,SP,44.85166666666667,3.6666666666666665,0.3333333333333333,6,0.0,-7.528333333333333,0.0,33.33333333333333,False
edd066cd02126d7800f9b66e980e9931,6,1173.9299999999998,DF,31.03833333333333,5.0,0.0,6,0.16666666666666663,-12.534999999999998,16.666666666666664,0.0,False
eddd1991bd6d9309995a480c39b95137,3,998.4100000000001,PR,44.13666666666666,2.6666666666666665,0.3333333333333333,2,0.0,-7.0649999999999995,0.0,33.33333333333333,False
ede0c03645598cdfc63ca8237acbe73d,46,3269.87,SP,16.33695652173913,3.522727272727273,0.2826086956521739,43,0.34883720930232553,-3.4130232558139535,34.883720930232556,28.26086956521739,True
ede2977fbaf3738583170735ca403f6c,1,327.25,PR,37.35,5.0,0.0,1,0.0,-14.29,0.0,0.0,False
edf3fabebcc20f7463cc9c53da932ea8,1,244.02,SP,24.12,4.0,0.0,1,1.0,4.97,100.0,0.0,False
edf96ef93ed595084bbcbd9224bd2894,25,4365.78,SP,24.3512,3.88,0.12,25,0.12,-8.123199999999999,12.0,12.0,False
ee27a8f15b1dded4d213a468ba4eb391,1,6726.66,GO,227.66,5.0,0.0,1,0.0,-22.28,0.0,0.0,False
ee2fbacc2fc3794e656cc4d933d59ce7,2,518.7,SP,26.865,4.0,0.0,2,0.0,-13.184999999999999,0.0,0.0,False
eeb6de78f79159600292e314a77cbd18,83,46795.28,SC,36.81253012048193,4.445783132530121,0.060240963855421686,82,0.03658536585365857,-16.25158536585366,3.658536585365857,6.024096385542169,True
eebb3372362aa9a46975164bed19a7e7,7,711.3199999999999,SP,17.057142857142857,2.5,0.42857142857142855,4,0.5,27.6625,50.0,42.857142857142854,False
eec3469d83e142f9a104886655338c37,4,240.44,SP,13.685,4.5,0.0,4,0.0,-17.2125,0.0,0.0,False
eed78ac17f7f795a19a709745f00cd4e,21,5054.44,SP,42.44952380952381,3.7142857142857144,0.23809523809523808,21,0.0,-12.358571428571427,0.0,23.809523809523807,False
ef0ace09169ac090589d85746e3e036f,128,18536.280000000002,RJ,18.28578125,4.3984375,0.078125,127,0.08661417322834641,-10.539606299212599,8.661417322834641,7.8125,True
ef2fbc2b607d8492bcffe657a4645434,19,1307.66,RJ,19.375263157894736,3.789473684210526,0.2631578947368421,18,0.11111111111111116,-8.887222222222222,11.111111111111116,26.31578947368421,False
ef30892870c278497523264be1be2241,9,892.54,SP,12.148888888888887,4.555555555555555,0.1111111111111111,9,0.0,-15.708888888888888,0.0,11.11111111111111,False
ef506c96320abeedfb894c34db06f478,320,14942.86,SP,16.21665625,3.952681388012618,0.165625,312,0.08653846153846156,-10.311923076923078,8.653846153846157,16.5625,True
ef728fa1f17436c91ed1ccd03dcf9631,3,186.82,SP,19.37333333333333,4.333333333333333,0.0,3,0.0,-9.193333333333333,0.0,0.0,False
ef990a83bbea832f36ebe81376335aa8,40,4995.37,SC,21.0145,3.75,0.225,40,0.275,-7.19375,27.500000000000004,22.5,True
ef9952469137ff190bacafe117f51537,5,1086.6,MG,16.788,4.8,0.0,5,0.0,-16.432,0.0,0.0,False
efb628aa07c8ca93d7db0d85b91a4f5a,1,262.1,RJ,58.1,4.0,0.0,1,1.0,1.95,100.0,0.0,False
efcd8d2104f1a05d028af7bad20d974b,44,3201.44,SP,18.45340909090909,4.318181818181818,0.045454545454545456,43,0.023255813953488413,-13.634418604651161,2.3255813953488413,4.545454545454546,True
efff9341f3f8f5237b44ff67ed36a7bf,5,972.65,ES,19.932,4.4,0.0,5,0.0,-8.767999999999999,0.0,0.0,False
f00e21b1e91a79653163b7fd8f293ff1,31,4471.06,SP,18.418387096774193,4.1,0.12903225806451613,31,0.032258064516129004,-15.51741935483871,3.2258064516129004,12.903225806451612,True
f00f5b35d0abcacbdd863672f4bb2c1a,1,313.43,SP,14.43,4.0,0.0,1,0.0,-20.25,0.0,0.0,False
f021c962aaba8ef6eb527a9c2c8394d1,5,4533.87,SC,27.074,4.2,0.2,5,0.0,-15.722,0.0,20.0,False
f049a72cf58fd31b11f8919cade515e7,2,104.0,SP,13.875,4.5,0.0,2,0.0,-8.905000000000001,0.0,0.0,False
f0563bacf40c311f1c4d3d6b67b8a7a7,1,1227.78,SC,28.78,1.0,1.0,0,,,,100.0,False
f0837c8d71434931d9e38e7b79234797,22,4049.36,RS,27.384545454545457,4.590909090909091,0.0,22,0.045454545454545414,-19.296818181818182,4.545454545454541,0.0,False
f08a5b9dd6767129688d001acafc21e5,11,14565.74,RS,45.10090909090909,4.2727272727272725,0.09090909090909091,11,0.18181818181818177,-9.012727272727274,18.181818181818176,9.090909090909092,False
f08c008c8a8d31417763738a1788a2a8,19,1314.19,PR,14.319473684210527,3.4444444444444446,0.2631578947368421,17,0.17647058823529416,-1.7094117647058822,17.647058823529417,26.31578947368421,False
f09b760d23495ac9a7e00d29b769007c,1,39.09,SP,17.19,4.0,0.0,1,0.0,-10.24,0.0,0.0,False
f09e26011d833ddab11593c1a097a92a,1,102.09,SP,22.19,1.0,1.0,0,,,,100.0,False
f0b47fbbc6dee9aafe415a6e33051b3f,66,5113.46,SP,20.4269696969697,4.257575757575758,0.12121212121212122,65,0.10769230769230764,-11.68153846153846,10.769230769230765,12.121212121212121,True
f0e103c63864d5405b958d984b6e94c9,11,1101.41,SP,13.610000000000001,4.7272727272727275,0.0,11,0.0,-11.293636363636365,0.0,0.0,False
f0ec6a2adb05c62655a26dd347b8dede,1,86.78,SP,14.78,1.0,1.0,0,,,,100.0,False
f0ec78809fe0bc3edb11c9fe5b97b059,2,86.25999999999999,SP,11.829999999999998,4.0,0.0,2,0.0,-9.120000000000001,0.0,0.0,False
f114dca2828bf718548db175ebe2cfcd,1,152.99,PR,13.99,1.0,1.0,1,0.0,-21.47,0.0,100.0,False
f1198c871e0171278b63f40d112caeec,2,558.0699999999999,SP,41.135,4.5,0.0,2,0.0,-6.77,0.0,0.0,False
f125f3a310c2e5f822d116147de1e474,16,3049.2900000000004,SP,17.993125,4.1875,0.0625,16,0.125,-7.3481250000000005,12.5,6.25,False
f12d3c2a14729ae461b920c11fe20fdc,9,459.32,SP,10.541111111111112,4.444444444444445,0.0,9,0.0,-10.255555555555555,0.0,0.0,False
f12ff17ad8bbf01ec5c33b17e506649b,29,6892.73,SP,22.47344827586207,3.8275862068965516,0.13793103448275862,28,0.1071428571428571,-9.836428571428572,10.71428571428571,13.793103448275861,False
f18112da765e0971ca5d510dec322bdd,2,410.75,SC,41.475,4.0,0.0,2,0.0,-6.74,0.0,0.0,False
f181738b150df1f37cb0bd72e705b193,36,6657.8099999999995,SP,30.783611111111114,4.472222222222222,0.05555555555555555,36,0.11111111111111116,-9.21638888888889,11.111111111111116,5.555555555555555,True
f19516b9ff26bfeb091b30108db4ddbd,4,812.5,SP,33.7,3.0,0.5,2,0.0,-20.135,0.0,50.0,False
f1b854361f4e15d5851b494df66f22b2,3,1475.24,RJ,102.14666666666666,3.3333333333333335,0.3333333333333333,3,0.0,-11.556666666666667,0.0,33.33333333333333,False
f1b93673502375d491780bb49d615dbc,8,2959.28,SP,40.04375,3.125,0.375,8,0.25,-5.5925,25.0,37.5,False
f1c1ac3f3efc07e659c035008e615e66,4,2864.78,SP,75.70500000000001,3.75,0.25,3,0.0,-12.673333333333332,0.0,25.0,False
f1ce5fdecd64935c28b9ff932751d0dc,2,180.53,SP,11.265,4.5,0.0,2,0.0,-7.445,0.0,0.0,False
f1ed6bd0a9b11b581f16c851c6a5a527,17,1996.5800000000002,RS,21.988823529411764,4.470588235294118,0.058823529411764705,17,0.05882352941176472,-8.681176470588234,5.882352941176472,5.88235294117647,False
f1fd5ab1181f827ffad998c1a5de7d74,15,7877.96,PR,55.464666666666666,4.666666666666667,0.0,15,0.0,-12.062666666666667,0.0,0.0,False
f1fdf2d13186575751aa25876536d85c,1,34.59,SP,8.29,5.0,0.0,1,0.0,-5.96,0.0,0.0,False
f205b1a3ca9a34e0f8a228bae6e4c7b3,8,1484.9,RS,49.6125,4.875,0.0,8,0.0,-9.73,0.0,0.0,False
f214d28e8d8e3ef068748498ccc2f813,53,2995.55,SP,15.247735849056603,4.134615384615385,0.1320754716981132,51,0.07843137254901966,-11.927647058823528,7.843137254901967,13.20754716981132,True
f22a247b79dd22ecd91dc8e3b2a1b07c,8,574.8399999999999,SP,16.8625,4.0,0.125,8,0.25,2.46375,25.0,12.5,False
f2336e113377dd21c744d9c4fc8293a9,4,3762.08,SP,49.769999999999996,4.25,0.0,4,0.0,-14.432500000000001,0.0,0.0,False
f235413f677777a0738ff215d0184901,3,1788.3400000000001,SP,30.546666666666667,3.6666666666666665,0.3333333333333333,2,0.0,-32.43,0.0,33.33333333333333,False
f25e239052084705e17a982bc600ab2a,7,7694.88,SP,54.839999999999996,4.142857142857143,0.14285714285714285,7,0.0,-10.86,0.0,14.285714285714285,False
f262cbc1c910c83959f849465454ddd3,192,13042.86,SP,13.22984375,4.141361256544503,0.15104166666666666,189,0.09523809523809523,-9.017777777777777,9.523809523809524,15.104166666666666,True
f266295f49a28eee21f413e0cbb0521d,2,177.94,PR,14.07,4.5,0.0,2,0.0,-8.215,0.0,0.0,False
f26d70155c2b6326fcfa1780c8c684e4,1,219.06,SC,16.17,5.0,0.0,1,0.0,-12.4,0.0,0.0,False
f27e33c6d29b5138fa9967bcd445b6d5,92,10516.119999999999,SP,17.476304347826087,4.086956521739131,0.16304347826086957,92,0.10869565217391308,-9.412826086956523,10.869565217391308,16.304347826086957,True
f3041c2e75ec683697a6a5ea82192210,1,169.0,MG,24.0,5.0,0.0,1,0.0,-20.61,0.0,0.0,False
f3055483058c84d75ca2a3314fb4deef,1,103.28999999999999,BA,35.79,1.0,1.0,0,,,,100.0,False
f307937c1bb287c3efc2a514b94b0d1d,1,216.60000000000002,MG,26.61,5.0,0.0,1,0.0,-19.43,0.0,0.0,False
f326006815956455b2859abd58fe7e39,9,3813.18,SP,74.00222222222222,4.666666666666667,0.0,9,0.0,-11.81111111111111,0.0,0.0,False
f3295428338a40977a03f555246a70f4,7,769.38,ES,17.771428571428572,3.5714285714285716,0.2857142857142857,7,0.2857142857142857,-9.512857142857143,28.57142857142857,28.57142857142857,False
f3511c85f59f8dec53d140501ee8e7a8,1,78.01,PR,8.11,5.0,0.0,1,0.0,-9.25,0.0,0.0,False
f356c348fbc8df6a882823e21f5ce8b7,2,257.54,RS,21.23,2.5,0.5,2,0.0,-23.215,0.0,50.0,False
f35b3c613c4f7b2275f4185d0a3c59ec,9,4214.29,SP,18.56,4.555555555555555,0.1111111111111111,9,0.2222222222222222,-7.367777777777778,22.22222222222222,11.11111111111111,False
f35becee938e982bd615edf8ef12bcfb,6,226.81,SP,13.036666666666667,4.0,0.16666666666666666,6,0.0,-13.193333333333333,0.0,16.666666666666664,False
f3862c2188522d89860c38a3ea8b550d,1,28.29,SP,12.79,5.0,0.0,1,0.0,-7.39,0.0,0.0,False
f3975e8a41157005d4bcbb358678cd9b,2,262.78,SC,41.989999999999995,5.0,0.0,2,0.0,-4.705,0.0,0.0,False
f3b80352b986ab4d1057a4b724be19d0,87,12692.73,DF,25.145172413793105,4.172413793103448,0.12643678160919541,86,0.0,-12.43406976744186,0.0,12.643678160919542,True
f3c38ab652836d21de61fb8314b69182,15,1828.59,SP,16.506,4.266666666666667,0.06666666666666667,15,0.06666666666666665,-10.367999999999999,6.666666666666665,6.666666666666667,False
f3da5b2ff499efb8d4a6d371d175d7dd,77,4674.59,SP,13.779220779220779,3.8157894736842106,0.2077922077922078,75,0.1466666666666666,-7.263599999999999,14.66666666666666,20.77922077922078,True
f410c8873029fcc3809b9df6d0b28914,2,327.1,SP,18.65,5.0,0.0,2,0.0,-6.72,0.0,0.0,False
f419677537694f0462a91990df6ca44f,6,299.28,SP,13.13,4.0,0.16666666666666666,6,0.16666666666666663,-5.465,16.666666666666664,16.666666666666664,False
f41ce2e25237f9092cd8e6e7516c7a2f,27,2362.6,SP,12.285185185185185,4.296296296296297,0.07407407407407407,26,0.0,-13.621153846153845,0.0,7.4074074074074066,False
f435898e493ba0356019a0b1cb8b55b1,10,916.1,PR,24.184,4.4,0.1,10,0.0,-20.074,0.0,10.0,False
f43827dd686be3a4a80e00aa299990fb,1,125.74000000000001,SP,30.2,2.0,1.0,1,0.0,-13.19,0.0,100.0,False
f44b6f775a2b390380e0e30b5c9d3eee,10,3357.46,SP,26.747000000000003,4.9,0.0,10,0.0,-11.537,0.0,0.0,False
f44bdc12aa39f5271f0b95f66cd4c289,3,335.68999999999994,SP,12.93,4.333333333333333,0.0,3,0.33333333333333337,-1.4233333333333331,33.333333333333336,0.0,False
f45122a9ab94eb4f3f8953578bc0c560,182,25096.68,SP,18.009285714285713,3.9945054945054945,0.16483516483516483,179,0.07821229050279332,-9.4831843575419,7.8212290502793325,16.483516483516482,True
f457c46070d02cadd8a68551231220dd,187,22693.86,PR,20.062032085561498,3.924731182795699,0.18716577540106952,183,0.06557377049180324,-11.257267759562842,6.5573770491803245,18.71657754010695,True
f46490624488d3ff7ce78613913a7711,83,7550.67,SP,21.058072289156627,3.6626506024096384,0.26506024096385544,80,0.125,-8.122,12.5,26.506024096385545,True
f4a04f7be452aa3bb31760bf00055dd0,18,1553.9499999999998,SP,13.43611111111111,4.666666666666667,0.0,18,0.05555555555555558,-19.181666666666665,5.555555555555558,0.0,False
f4aba7c0bca51484c30ab7bdc34bcdd1,109,4518.75,SP,14.163853211009176,3.94392523364486,0.1559633027522936,107,0.06542056074766356,-15.08233644859813,6.542056074766355,15.59633027522936,True
f4c4daa86e30c7e5a553a8d518ac03a5,20,6671.2,PR,18.4645,3.7,0.25,18,0.05555555555555558,-12.795555555555556,5.555555555555558,25.0,False
f4ce8ca9fa7157e3b33f536ac9a4487d,4,507.13,SP,24.3825,4.75,0.0,4,0.0,-6.7375,0.0,0.0,False
f4db9b37944bcb8873e6b456ee190bbf,21,3909.94,SP,23.81714285714286,4.571428571428571,0.0,21,0.09523809523809523,-10.611904761904762,9.523809523809524,0.0,False
f524ad65d7e0f1daab730ef2d2e86196,1,609.5,RS,31.5,1.0,1.0,1,1.0,3.84,100.0,100.0,False
f52c2422904463fdd7741f99045fecb6,12,744.8,SP,14.750833333333333,4.25,0.08333333333333333,12,0.08333333333333337,-9.325833333333334,8.333333333333337,8.333333333333332,False
f5403d3f50089112c4eed37928b7f622,2,223.2,SP,16.2,1.0,1.0,0,,,,100.0,False
f543ba3c973276f519d89d59bd46cead,2,422.04,SP,82.02000000000001,1.0,1.0,0,,,,100.0,False
f593898ec748b7a8cb81fc04edafd98a,19,3522.3,SP,37.61105263157895,3.6315789473684212,0.2631578947368421,18,0.16666666666666663,-12.64,16.666666666666664,26.31578947368421,False
f5a590cf36251cf1162ea35bef76fe84,117,57440.94,SP,36.23213675213675,4.230769230769231,0.11965811965811966,113,0.10619469026548678,-10.34637168141593,10.619469026548678,11.965811965811966,True
f5b44895715ddfe3087dc414f30268f3,19,654.44,SP,14.50736842105263,4.0,0.15789473684210525,19,0.052631578947368474,-8.98578947368421,5.263157894736848,15.789473684210526,False
f5b84683a9bf9e1df748cf40f601b39c,1,92.97,SP,9.07,5.0,0.0,1,0.0,-45.37,0.0,0.0,False
f5f1f2c5f923f36ad79ea1d07185ddc9,12,2115.83,SP,16.973333333333333,3.25,0.3333333333333333,10,0.09999999999999998,-7.3,9.999999999999998,33.33333333333333,False
f5f2ab9bdb6b30c14c61be68c5ed37da,18,2474.55,SP,18.881666666666668,4.277777777777778,0.1111111111111111,18,0.11111111111111116,-14.276111111111113,11.111111111111116,11.11111111111111,False
f5f46307a4d15880ca14fab4ad9dfc9b,9,1654.32,SC,25.70888888888889,4.111111111111111,0.1111111111111111,9,0.11111111111111116,-10.333333333333334,11.111111111111116,11.11111111111111,False
f5fea3ffed6c2e889bab72705557c63a,3,1328.18,RJ,89.42666666666666,3.6666666666666665,0.3333333333333333,1,1.0,1.7,100.0,33.33333333333333,False
f6122bc84774df1b372bdb3bb88ddb9f,3,4874.360000000001,SP,24.830000000000002,3.6666666666666665,0.3333333333333333,3,0.33333333333333337,-4.88,33.333333333333336,33.33333333333333,False
f615fe7efbef0f4f08fd3086bc7a3e60,20,2558.57,SP,17.2,4.45,0.15,19,0.10526315789473684,-10.945263157894738,10.526315789473683,15.0,False
f61c63d13f7cd800549d5acdd390ae72,26,3501.69,SP,16.515,4.0,0.11538461538461539,26,0.07692307692307687,-10.534230769230769,7.692307692307687,11.538461538461538,False
f626e15b7314c267e4429010866f70e9,5,319.02,SP,25.094,3.8,0.2,5,0.0,-16.04,0.0,20.0,False
f62d7bb4a613ec758a03342d46b580b2,32,26790.59,MG,66.4246875,4.375,0.0625,32,0.125,-9.0184375,12.5,6.25,True
f63d8f293af3a6454377546bd9dd19ff,17,2246.95,SP,29.12529411764706,4.470588235294118,0.11764705882352941,17,0.11764705882352944,-12.178235294117647,11.764705882352944,11.76470588235294,False
f650a9708fa1bab22bdd8d3a818cc415,5,594.58,SC,17.366,3.4,0.4,4,0.0,-20.71,0.0,40.0,False
f664f98bfda2eaf266a23ff144e7a872,2,266.46,SP,26.285,3.0,0.5,2,0.0,-9.14,0.0,50.0,False
f67efa3f0b6761102a7f8c6b7b571f5d,31,6166.02,PR,27.35,4.483870967741935,0.06451612903225806,31,0.0,-17.692903225806454,0.0,6.451612903225806,True
f680f85bee2d253556ac91be391d2c82,45,6077.34,SP,19.853777777777776,4.333333333333333,0.06666666666666667,45,0.022222222222222254,-12.014222222222221,2.2222222222222254,6.666666666666667,True
f682e0f848abafc6f41e0d4e868c66ef,2,304.0,SP,17.01,3.5,0.0,2,0.5,-1.2300000000000004,50.0,0.0,False
f7315bb81aea4ddca2d39e249a801c98,2,430.08000000000004,SP,25.14,4.5,0.0,2,0.5,-5.715,50.0,0.0,False
f7496d659ca9fdaf323c0aae84176632,26,5971.219999999999,SP,32.99038461538461,4.576923076923077,0.07692307692307693,25,0.07999999999999996,-20.39,7.9999999999999964,7.6923076923076925,False
f76a3b1349b6df1ee875d1f3fa4340f0,24,4933.75,SP,26.551666666666666,3.4583333333333335,0.2916666666666667,24,0.375,-4.84875,37.5,29.166666666666668,False
f7720c4fa8e3aba4546301ab80ea1f1b,58,3336.67,PR,22.240000000000002,4.224137931034483,0.08620689655172414,57,0.052631578947368474,-12.960877192982457,5.263157894736848,8.620689655172415,True
f783a638e9c6af4a7d0dbfde811e7a81,5,1002.9000000000001,SP,30.619999999999997,4.0,0.2,5,0.19999999999999996,-3.528000000000001,19.999999999999996,20.0,False
f789d2c4f2c2eb38fc4373e7a4b35264,41,5660.7,MG,21.42780487804878,4.2926829268292686,0.0975609756097561,41,0.04878048780487809,-13.876341463414633,4.878048780487809,9.75609756097561,True
f7ba60f8c3f99e7ee4042fdef03b70c4,217,72944.29,SP,20.421198156682024,4.235023041474655,0.10138248847926268,216,0.15740740740740744,-8.268148148148148,15.740740740740744,10.138248847926267,True
f7c31656c19db6275a8acadca289f426,1,77.75,SP,16.19,3.0,0.0,1,0.0,-8.14,0.0,0.0,False
f7ccf836d21b2fb1de37564105216cc1,68,3825.89,SP,16.125735294117646,3.787878787878788,0.20588235294117646,67,0.10447761194029848,-8.029253731343283,10.447761194029848,20.588235294117645,True
f7df46c1e0ec44eed5c6726478da4a17,3,487.44000000000005,RS,19.246666666666666,1.0,1.0,0,,,,100.0,False
f805b96fa705ba7995a221f1749dc141,7,2986.87,PR,34.63285714285714,4.428571428571429,0.0,7,0.0,-12.475714285714286,0.0,0.0,False
f80edd2c5aaa505cc4b0a3b219abf4b8,116,12227.45,SP,25.741465517241377,4.130434782608695,0.14655172413793102,113,0.053097345132743334,-11.433805309734513,5.309734513274334,14.655172413793101,True
f8201cab383e484733266d1906e2fdfa,10,1144.83,SC,25.583,4.1,0.1,10,0.19999999999999996,-10.939,19.999999999999996,10.0,False
f84a00e60c73a49e7e851c9bdca3a5bb,89,7895.68,RJ,22.491460674157302,3.8202247191011236,0.21348314606741572,87,0.11494252873563215,-9.530114942528735,11.494252873563216,21.34831460674157,True
f84fa566034f5e8e880a07ec624c56af,91,6326.7,SP,13.54846153846154,4.211111111111111,0.12087912087912088,89,0.1348314606741573,-6.836404494382023,13.48314606741573,12.087912087912088,True
f88adb15807168d3c43d71021090ce4a,3,541.0600000000001,SP,17.419999999999998,3.3333333333333335,0.3333333333333333,3,0.0,-14.160000000000002,0.0,33.33333333333333,False
f8d5c7085db9a4ad2b8c1ffbeb2798c8,6,363.41,SP,16.735,5.0,0.0,6,0.0,-15.476666666666667,0.0,0.0,False
f8db351d8c4c4c22c6835c19a46f01b0,657,62756.49,SP,19.07732115677321,4.263399693721286,0.0958904109589041,649,0.05238828967642528,-11.210939907550076,5.238828967642528,9.58904109589041,True
f8e2c1b59cd4225a3e4fd0d013a76b93,2,264.43,SP,22.315,5.0,0.0,2,0.0,-17.23,0.0,0.0,False
f8f35af4634605e6693c17cc3ffff5a8,1,106.39,MG,16.39,5.0,0.0,1,0.0,-13.11,0.0,0.0,False
f90f77ef2799a27f80d90c425ca944f7,1,89.46000000000001,PR,19.46,5.0,0.0,1,0.0,-19.25,0.0,0.0,False
f918546be4bec7104d117789ba758b2b,20,1830.15,SP,17.357499999999998,3.85,0.2,20,0.19999999999999996,-7.9030000000000005,19.999999999999996,20.0,False
f9244d45189d3a3605499abddeade7d5,21,16607.42,SP,41.71380952380952,4.285714285714286,0.047619047619047616,20,0.0,-23.5485,0.0,4.761904761904762,False
f92d8c817434bd2d84d4e9c61322b7fa,5,225.61,SP,10.154,4.6,0.0,5,0.19999999999999996,-8.431999999999999,19.999999999999996,0.0,False
f97e2b0650c2068227e1d366140eb62f,16,4665.9800000000005,SP,63.24875,4.0,0.1875,16,0.0625,-18.7,6.25,18.75,False
f9903dd0f812c7e771fcad47b6fff231,8,1869.31,SC,43.05375,3.375,0.25,8,0.0,-14.4175,0.0,25.0,False
f9a02f1922d1de564392e656d82b3fda,1,137.39000000000001,SP,11.49,4.0,0.0,0,,,,0.0,False
f9bbdd976532d50b7816d285a22bd01e,2,298.37,SP,15.184999999999999,5.0,0.0,1,0.0,-17.22,0.0,0.0,False
f9d010e39375d9c91dce3f40b73a2f84,4,1350.1399999999999,SP,34.535,3.5,0.25,4,0.25,-6.7625,25.0,25.0,False
f9ec7093df3a7b346b7bcf7864069ca3,9,779.02,SP,15.546666666666669,4.777777777777778,0.0,9,0.11111111111111116,-6.97,11.111111111111116,0.0,False
f9eda05b67bef472deaddbba84aca289,1,236.79,SC,51.79,1.0,1.0,0,,,,100.0,False
f9eedec3129e8cc6b6429c42d0808c5b,2,833.15,RJ,21.675,4.5,0.0,2,0.0,-8.285,0.0,0.0,False
f9f68daa2af419d38f745478bcb3da1a,2,51.36,SP,14.48,3.0,0.5,1,0.0,-26.41,0.0,50.0,False
fa14641f57b655e933124a9ea49cd7a5,7,442.99,SP,11.865714285714287,4.571428571428571,0.0,7,0.0,-11.395714285714286,0.0,0.0,False
fa18c782a4866d313cadab567097f8f1,1,78.64,MG,19.65,1.0,1.0,0,,,,100.0,False
fa1a9dec3a9940c072684a46728bf1fc,53,7873.39,SC,23.305660377358492,4.173076923076923,0.11320754716981132,53,0.0,-14.839245283018869,0.0,11.320754716981133,True
fa1c13f2614d7b5c4749cbc52fecda94,583,204953.05,SP,17.342967409948542,4.33678756476684,0.10463121783876501,576,0.10243055555555558,-9.616059027777778,10.243055555555557,10.4631217838765,True
fa3a0b5aabb344b9a92e3524b0202123,7,1953.41,SP,23.487142857142857,4.142857142857143,0.14285714285714285,7,0.1428571428571429,-13.885714285714286,14.28571428571429,14.285714285714285,False
fa40cc5b934574b62717c68f3d678b6d,305,20639.43,SP,15.103508196721311,4.478547854785479,0.07213114754098361,302,0.0629139072847682,-10.495629139072847,6.29139072847682,7.213114754098362,True
fa5fdc4e4bb6bd1009ad0e4ac4096562,1,194.85000000000002,SP,32.86,5.0,0.0,1,0.0,-57.42,0.0,0.0,False
fa74b2f3287d296e9fbd2cc80f2d1cf1,11,2635.6800000000003,SP,15.980909090909092,2.3636363636363638,0.6363636363636364,5,0.4,-4.816,40.0,63.63636363636363,False
fa7ad8ae9bcb2c4493fdf38e96b1d74f,1,111.7,SP,23.7,1.0,1.0,0,,,,100.0,False
fa8d335d68129e464e60c1826a683e96,1,174.68,RS,34.78,4.0,0.0,1,0.0,-10.41,0.0,0.0,False
fac1a9017ade7bdc94058fc1c969f355,9,2222.91,SP,23.563333333333333,4.666666666666667,0.0,9,0.0,-10.126666666666667,0.0,0.0,False
fac35d150712afb921ec59ac5f39bb11,5,800.64,MG,20.928,4.4,0.0,5,0.0,-16.503999999999998,0.0,0.0,False
fad44952713764836814be105382aee5,32,5743.71,RJ,16.7721875,4.28125,0.0625,32,0.03125,-11.179375,3.125,6.25,True
fadb07c842a2aef5d5a676b85f220e71,7,570.37,SP,24.517142857142858,4.714285714285714,0.0,7,0.0,-15.425714285714283,0.0,0.0,False
fb3cfbc8a86f5d7fbb4d36b8df63f60d,9,1120.88,RJ,20.38666666666667,4.333333333333333,0.1111111111111111,9,0.0,-11.562222222222223,0.0,11.11111111111111,False
fb503a924a0b9db19d83dd0ac6dbef8c,1,31.82,RS,17.92,5.0,0.0,1,0.0,-17.42,0.0,0.0,False
fb8904a8ea99f8831b64ce27db2c1765,2,302.36,SP,12.18,4.5,0.0,2,0.5,-2.58,50.0,0.0,False
fb89df7f89fd1b8f03fa2acca1ba7364,22,2687.43,PR,21.24681818181818,3.8636363636363638,0.18181818181818182,22,0.09090909090909094,-8.532727272727273,9.090909090909093,18.181818181818183,False
fbc14c0cf93505ef89f64665ffa4a7b5,17,12587.75,SP,26.701176470588237,4.125,0.11764705882352941,17,0.05882352941176472,-12.466470588235294,5.882352941176472,11.76470588235294,False
fc0b214b59a83615fea981c6424a02ae,1,172.04000000000002,SP,12.14,5.0,0.0,1,0.0,-5.19,0.0,0.0,False
fc38b5dceee1a730fad8853453437fbd,5,178.01,SP,11.762,4.6,0.0,5,0.0,-13.456,0.0,0.0,False
fc4751cfe3b279c419615b9b00c1abb4,1,471.05,PR,17.35,5.0,0.0,1,0.0,-27.33,0.0,0.0,False
fc59392d66ef99377e50356ee4f3b4e1,5,606.9599999999999,BA,17.394,3.6,0.4,5,0.0,-13.597999999999999,0.0,40.0,False
fc5a0d7a310a7a41abf86a458585ff2b,2,190.16,SP,13.68,2.5,0.5,1,0.0,-18.38,0.0,50.0,False
fc6295add6f51a0936407ead70c1001d,1,230.51999999999998,SP,70.52,1.0,1.0,1,0.0,-8.39,0.0,100.0,False
fc906263ca5083d09dce42fe02247800,114,6422.64,MG,16.710877192982455,4.350877192982456,0.10526315789473684,112,0.0,-14.154285714285715,0.0,10.526315789473683,True
fc908879b9ca1bd65419e54e50432d38,4,171.88,SP,13.17,5.0,0.0,4,0.0,-10.445,0.0,0.0,False
fc99f99385ae90f66f01733856fb88c9,1,111.02000000000001,SP,21.12,1.0,1.0,0,,,,100.0,False
fcb5ace8bcc92f75707dc0f01a27d269,61,9177.51,SP,15.33655737704918,3.9,0.16393442622950818,58,0.03448275862068961,-8.345862068965518,3.4482758620689613,16.39344262295082,True
fcba71d4d5db057f43249145e4eb1e27,3,548.27,SP,17.906666666666666,4.666666666666667,0.0,3,0.0,-6.910000000000001,0.0,0.0,False
fcdd820084f17e9982427971e4e9d47f,16,5665.74,SP,55.109375,3.9375,0.1875,16,0.125,-15.065,12.5,18.75,False
fce62094ffe6a4009188ec44e681dfdd,4,3452.63,SP,120.73250000000002,4.0,0.25,4,0.25,-37.34,25.0,25.0,False
fcf16b7a8697e559f0123190bb30177d,3,1552.5700000000002,SP,166.59,3.3333333333333335,0.3333333333333333,3,0.6666666666666667,1.1033333333333335,66.66666666666667,33.33333333333333,False
fd312b6bf05efac6c3772d5b52205d8a,2,164.32,SP,22.810000000000002,5.0,0.0,2,0.0,-11.92,0.0,0.0,False
fd386aa7bed2af3c7035c65506c9b4a3,67,3307.29,SP,15.272089552238807,4.373134328358209,0.13432835820895522,67,0.10447761194029848,-8.948358208955224,10.447761194029848,13.432835820895523,True
fd435faa3c0422b60440ea3480d0e77c,1,882.87,PB,133.87,5.0,0.0,1,0.0,-13.21,0.0,0.0,False
fdaaf5bfda82b7b80535610c831b8d09,10,2848.3199999999997,SP,25.942,4.2,0.2,10,0.09999999999999998,-11.761,9.999999999999998,20.0,False
fdb9095204a334cd8872252ffec6f2db,45,9128.27,SP,24.672666666666665,4.155555555555556,0.13333333333333333,45,0.06666666666666665,-10.156888888888888,6.666666666666665,13.333333333333334,True
fde0cc9ea29c8ccfc0a2c22256a58c71,35,4921.27,PR,28.550571428571427,4.485714285714286,0.08571428571428572,35,0.02857142857142858,-15.685142857142857,2.857142857142858,8.571428571428571,True
fdf736c18c589ed030e058312203e1b2,1,44.51,MG,14.51,5.0,0.0,1,0.0,-2.0,0.0,0.0,False
fe19dce63ae80346207c6c55713d1023,1,71.72,MG,21.82,5.0,0.0,1,0.0,-21.35,0.0,0.0,False
fe1b067411b8c5066e962aa146ccee03,8,990.8799999999999,SP,17.8875,4.625,0.0,8,0.0,-8.81,0.0,0.0,False
fe1bbc5feda5c8979a8a1b3b2512d5a6,9,862.25,MG,15.28111111111111,3.888888888888889,0.0,9,0.11111111111111116,-13.268888888888888,11.111111111111116,0.0,False
fe2032dab1a61af8794248c8196565c9,292,70642.06,SP,15.844349315068493,4.395833333333333,0.09246575342465753,291,0.0893470790378007,-10.17893470790378,8.93470790378007,9.246575342465754,True
fe26f3ecb51a15e6d8335cd92da42562,7,2971.55,SP,37.51285714285715,4.428571428571429,0.0,7,0.1428571428571429,-9.704285714285716,14.28571428571429,0.0,False
fe49ee029e61e789a1f3a5525f57ba8d,17,2752.4399999999996,SP,13.226470588235294,4.0588235294117645,0.17647058823529413,16,0.0625,-11.2475,6.25,17.647058823529413,False
fe4cd9461203cee790d36792420b310f,3,445.53000000000003,MG,18.126666666666665,4.0,0.0,3,0.0,-9.376666666666667,0.0,0.0,False
fe701d88b67eaca109dffd464d1be9f9,11,1787.94,RJ,21.73090909090909,4.0,0.18181818181818182,10,0.09999999999999998,-15.198000000000002,9.999999999999998,18.181818181818183,False
fe8055980a4ff7f64ed889c2b5926929,3,249.98000000000002,PR,17.76,4.666666666666667,0.0,3,0.0,-14.51,0.0,0.0,False
fe87f472055fbcf1d7e691c00b1560dc,6,1215.96,SP,21.69333333333333,4.5,0.0,6,0.16666666666666663,-2.2583333333333333,16.666666666666664,0.0,False
fe9d9cf8631285d5982c6e2cf27fb114,1,93.54,MG,23.64,4.0,0.0,1,0.0,-13.18,0.0,0.0,False
feb793c88d836c3a75efa4b5a3465d70,1,530.17,SP,64.17,5.0,0.0,1,0.0,-7.2,0.0,0.0,False
febab0275244b9a49a623f0bd613ca2f,104,10194.38,SP,28.49903846153846,4.403846153846154,0.07692307692307693,101,0.04950495049504955,-10.64871287128713,4.950495049504955,7.6923076923076925,True
fec6275253471ace26d209bbaa64cd0f,9,3195.67,RJ,39.51888888888889,4.555555555555555,0.1111111111111111,9,0.0,-16.54888888888889,0.0,11.11111111111111,False
fec6912baad85d41729669edd6b4d3b8,1,261.97,SP,51.97,1.0,1.0,0,,,,100.0,False
fec8cd45395b3cb0c2b173d7739706a1,4,1376.94,SP,24.235,3.75,0.0,4,0.0,-10.5775,0.0,0.0,False
fedaedd3ca31d56ab33e92035e4b361c,1,50.86,RJ,10.96,4.0,0.0,1,0.0,-43.54,0.0,0.0,False
fedf2c1386e137f296b3bbf3b635e69d,2,210.9,SP,39.58,3.5,0.5,2,0.0,-17.56,0.0,50.0,False
ff063b022a9a0aab91bad2c9088760b7,92,13834.9,SP,20.945217391304347,4.3478260869565215,0.07608695652173914,92,0.03260869565217395,-11.208478260869565,3.2608695652173947,7.608695652173914,True
ff1e15b778c700abdd4d239b81ac466d,7,529.16,PR,16.408571428571427,4.571428571428571,0.0,7,0.0,-7.215714285714285,0.0,0.0,False
ff1fb4c404b2efe68b03350a8dc24122,45,7699.06,SP,20.581555555555553,4.066666666666666,0.15555555555555556,45,0.15555555555555556,-7.711555555555555,15.555555555555555,15.555555555555555,True
ff314fa6033cc68ec451c47aee2d6ba4,2,570.3399999999999,SP,16.22,5.0,0.0,2,0.0,-19.785,0.0,0.0,False
ff4e2d38692ce827b1a4f4b8196e680d,11,669.1800000000001,SP,13.661818181818182,4.2727272727272725,0.09090909090909091,11,0.0,-13.394545454545455,0.0,9.090909090909092,False
ff4ea69c2a729e83e63c7579e4ef8170,9,7188.62,SP,19.06888888888889,4.5,0.1111111111111111,8,0.0,-11.7125,0.0,11.11111111111111,False
ff69aa92bb6b1bf9b8b7a51c2ed9cf8b,20,23695.2,SP,87.72,3.65,0.3,20,0.25,-8.430499999999999,25.0,30.0,False
ff82e8873fba613f2261a9acc896fd84,4,183.53,MG,14.7325,3.5,0.25,4,0.0,-14.455,0.0,25.0,False
ffa6adafb71b807dc13159e26431354c,18,3206.98,PR,29.83777777777778,3.7777777777777777,0.16666666666666666,17,0.0,-12.059999999999999,0.0,16.666666666666664,False
ffad1e7127fb622cb64a900751590acd,10,1090.83,SP,20.653,4.8,0.0,10,0.0,-11.184000000000001,0.0,0.0,False
ffc470761de7d0232558ba5e786e57b7,28,2087.13,SP,15.647142857142857,4.444444444444445,0.03571428571428571,27,0.03703703703703709,-11.120740740740741,3.703703703703709,3.571428571428571,False
ffcfefa19b08742c5d315f2791395ee5,1,79.52000000000001,PR,9.62,1.0,1.0,0,,,,100.0,False
ffdd9f82b9a447f6f8d4b91554cc7dd3,18,2828.66,PR,40.41444444444445,4.333333333333333,0.1111111111111111,18,0.0,-11.65,0.0,11.11111111111111,False
ffeee66ac5d5a62fe688b9d26f83f534,14,2259.55,SP,29.977857142857143,4.214285714285714,0.14285714285714285,14,0.1428571428571429,-7.6621428571428565,14.28571428571429,14.285714285714285,False
fffd5413c0700ac820c7069d66d98c89,58,11809.43,SP,49.22655172413793,3.912280701754386,0.20689655172413793,55,0.1454545454545455,-10.585636363636365,14.54545454545455,20.689655172413794,True
ffff564a4f9085cd26170f4732393726,20,1770.8600000000001,SP,17.228,2.1,0.65,8,0.0,-47.55,0.0,65.0,False
